model,batch_size,mig_slices,frequency,avg_power_draw,dynamic_power_draw,throughput,latency
diffusion_256_256,1,7,1410,144.04432193268187,70.61078514369103,0.4595007492912709,2183.1796169281006
diffusion_256_256,1,4,1410,135.22792099704267,61.79438420805184,0.4524146051932634,2218.827724456787
diffusion_256_256,1,3,1410,136.82858466453672,63.395047875545885,0.4449508071670248,2254.504442214966
diffusion_256_256,1,2,1410,130.30944886807185,56.87591207908099,0.4253574411783133,2351.446390151977
diffusion_256_256,1,7,1320,123.57274512987011,59.67227702460698,0.4654835193654577,2164.8099422454834
diffusion_256_256,1,4,1320,116.89873490276356,52.99826679750043,0.450821187481416,2223.5329151153564
diffusion_256_256,1,3,1320,120.60424824253076,56.70378013726762,0.4445890308162348,2262.819290161133
diffusion_256_256,1,2,1320,113.80208052930055,49.90161242403743,0.4076775138738329,2453.8910388946533
diffusion_256_256,1,7,1230,112.97212944297084,55.69022670963752,0.460521999756053,2176.258087158203
diffusion_256_256,1,4,1230,107.98525603357815,50.703353300244856,0.449417330980703,2235.4347705841064
diffusion_256_256,1,3,1230,108.3552557150452,51.07335298171188,0.4457457349428115,2256.955146789551
diffusion_256_256,1,2,1230,100.20726187761306,42.92535914427975,0.3888558613018855,2572.382688522339
diffusion_256_256,1,7,1140,102.30934848484848,49.73118881818184,0.4623307091408667,2179.1090965271
diffusion_256_256,1,4,1140,98.16376650202066,45.585606835354014,0.451375659178352,2223.2413291931152
diffusion_256_256,1,3,1140,98.29850628930818,45.72034662264153,0.4445309465864299,2254.441976547241
diffusion_256_256,1,2,1140,89.07436820702404,36.49620854035739,0.3684806925543338,2714.691400527954
diffusion_256_256,1,7,1050,95.6869490909091,46.12818583110519,0.467418307158338,2146.017551422119
diffusion_256_256,1,4,1050,91.94588204318062,42.38711878337671,0.4578994234695529,2193.010091781616
diffusion_256_256,1,3,1050,92.2397937599154,42.68103050011149,0.4480992907510463,2237.344026565552
diffusion_256_256,1,2,1050,80.84020036166365,31.281437101859737,0.3467945057774969,2884.758949279785
diffusion_256_256,1,7,960,95.0599581589958,47.2982382814448,0.4649784265758325,2154.8986434936523
diffusion_256_256,1,4,960,90.86528660436136,43.10356672681037,0.4577243266393547,2193.76802444458
diffusion_256_256,1,3,960,88.34955238095239,40.58783250340138,0.4178635329319298,2394.132375717163
diffusion_256_256,1,2,960,77.4407492795389,29.679029401987897,0.3227227714857041,3099.0753173828125
diffusion_256_256,1,7,870,93.70929712793732,46.59135017618294,0.4616298241263917,2168.231725692749
diffusion_256_256,1,4,870,88.99251713395638,41.87457018220199,0.4460092840833131,2243.008613586426
diffusion_256_256,1,3,870,83.6868164288469,36.568869477092505,0.381418155965239,2623.347282409668
diffusion_256_256,1,2,870,74.25887342908439,27.14092647733,0.2974793776410818,3362.068891525269
diffusion_256_256,1,7,780,93.12135240151106,46.43558221103487,0.4614257292250615,2175.631046295166
diffusion_256_256,1,4,780,84.96434868421052,38.27857849373433,0.4087649698101098,2447.118043899536
diffusion_256_256,1,3,780,80.43913316672617,33.753362976249974,0.3484816598023635,2870.83387374878
diffusion_256_256,1,2,780,71.67070046716131,24.98493027668512,0.2733102758023408,3659.902811050415
diffusion_256_256,1,7,690,93.84011819595644,48.07919578757962,0.4694455830901884,2135.028123855591
diffusion_256_256,1,4,690,81.33048273301151,35.56956032463468,0.3692530856104667,2709.1331481933594
diffusion_256_256,1,3,690,76.95690374137305,31.195981332996222,0.3135056854291153,3190.9313201904297
diffusion_256_256,1,2,690,68.91407092198581,23.153148513608983,0.2467551592196397,4053.370714187622
densenet161,1,1,210,46.7863045113381,2.9958284762503764,16.442017099222433,60.91570854187012
densenet161,1,1,240,47.38724414216286,3.443804961034189,18.6697947840976,53.66110801696777
densenet161,1,1,330,48.66774566509034,4.297584882706921,25.19108284938136,39.812326431274414
densenet161,1,1,420,49.943286599150014,5.2232110104054215,31.42810126686849,31.89373016357422
densenet161,1,1,510,51.17280887230514,5.928544565218523,37.36852645048812,26.8850326538086
densenet161,1,1,600,52.37000028849919,6.823390260976266,43.04689795364271,23.362398147583008
densenet161,1,1,690,53.56562560040643,7.804703192029601,48.45426625053607,20.69091796875
densenet161,1,1,780,54.74416950119258,8.058399310716391,53.54240885140104,18.82195472717285
densenet161,1,1,870,55.76118850587672,8.643241554122326,58.0679110875482,17.363548278808594
densenet161,1,1,960,57.473032075251226,9.711312197700217,63.52170538298272,15.846729278564451
densenet161,1,1,1050,59.56235544044744,10.00359218064353,69.55988599251201,14.538049697875977
densenet161,1,1,1140,63.26429097992209,10.686131313255435,74.61788257115018,13.551473617553713
densenet161,1,1,1230,70.62347831735666,13.341575584023346,80.158328323785,12.58254051208496
densenet161,1,1,1320,78.85681551648028,14.956347411217145,85.59534604774325,12.251138687133787
densenet161,1,1,1410,91.61008550901025,18.17654872001941,90.84108641673036,12.27426528930664
densenet161,1,2,210,47.94002309928711,4.149547064199385,26.4209383704134,37.95671463012695
densenet161,1,2,240,48.546241152275776,4.602801971147109,29.93037553558845,33.51092338562012
densenet161,1,2,330,50.23571622031943,5.86555543793601,40.09547357618418,25.062084197998047
densenet161,1,2,420,51.82636994291696,7.10629435417237,49.6598415981026,20.2786922454834
densenet161,1,2,510,53.37930012248678,8.135035815400165,58.65302605982521,17.19808578491211
densenet161,1,2,600,54.87064604019113,9.324036012668214,67.13956815988757,15.027999877929688
densenet161,1,2,690,56.32115013049892,10.560227722122097,75.20782365750092,13.908624649047852
densenet161,1,2,780,57.69327231492655,11.007502124450363,82.78269046284147,13.270378112792969
densenet161,1,2,870,59.27201110116383,12.154064149409436,90.3653091754658,13.481616973876951
densenet161,1,2,960,59.8490684989789,12.087348621427893,89.77438092679333,12.69221305847168
densenet161,1,2,1050,61.67141497526863,12.112651715464722,94.01170613739852,14.106273651123049
densenet161,1,2,1140,64.51045025331005,11.932290586643404,93.66085177542116,13.087749481201172
densenet161,1,2,1230,71.00914117111148,13.727238437778167,93.68333475419104,13.572931289672852
densenet161,1,2,1320,77.96311166973227,14.062643564469134,91.96763060428503,11.710166931152344
densenet161,1,2,1410,89.75126469196182,16.317727902970987,92.07019048559658,11.745929718017578
densenet161,1,3,210,48.800930194885694,5.010454159797969,32.738262672271844,30.60698509216309
densenet161,1,3,240,49.49630069563917,5.5528615145104965,37.05366541389742,27.09484100341797
densenet161,1,3,330,51.41704948796977,7.046888705586355,49.364124410877785,20.40934562683105
densenet161,1,3,420,53.19795343182518,8.477877843080584,60.78222723168275,16.619205474853516
densenet161,1,3,510,54.93295605795835,9.688691750871731,71.56188587564522,14.172792434692385
densenet161,1,3,600,56.6466311012089,11.100021073685978,81.61325895722273,12.37344741821289
densenet161,1,3,690,58.24713060501538,12.486208196638552,90.85410506064704,11.860370635986328
densenet161,1,3,780,58.85337364960076,12.167603459124566,93.05138362808512,13.55743408203125
densenet161,1,3,870,59.0584289640395,11.94048201228511,91.87471550528512,13.564109802246094
densenet161,1,3,960,59.998557025465054,12.236837147914043,92.2664621957758,14.345407485961914
densenet161,1,3,1050,61.02841308331558,11.469649823511666,91.98356253572568,13.487577438354492
densenet161,1,3,1140,64.10488195629553,11.52672228962888,92.1224200127035,11.94453239440918
densenet161,1,3,1230,70.90539975273906,13.623497019405749,94.61718256728564,12.99118995666504
densenet161,1,3,1320,77.23693258560559,13.33646448034245,89.88118024885374,11.989593505859377
densenet161,1,3,1410,89.40066009617296,15.96712330718212,91.4703378489352,12.270212173461914
densenet161,1,4,210,49.65532523704891,5.864849201961188,39.00975278138933,25.758028030395508
densenet161,1,4,240,50.4134916502065,6.470052469077835,44.03963457493131,22.819042205810547
densenet161,1,4,330,52.60513506699112,8.234974284607702,58.30301273403487,17.304658889770508
densenet161,1,4,420,54.59817378969192,9.878098200947328,71.2935365711595,14.243602752685549
densenet161,1,4,510,56.52101604596723,11.276751738880613,83.50379220743685,12.295007705688477
densenet161,1,4,600,57.97152167441861,12.424911646895684,91.67902293857,14.061450958251951
densenet161,1,4,690,58.4908502278434,12.72992781946657,92.47620901975236,11.814594268798828
densenet161,1,4,780,59.25384616886286,12.568075978386668,95.78448396107667,11.613607406616213
densenet161,1,4,870,59.27245180300267,12.154504851248277,93.03909930536084,11.578083038330078
densenet161,1,4,960,59.98613103320004,12.22441115564903,91.74393962113172,14.267921447753906
densenet161,1,4,1050,61.28767671570712,11.728913455903204,93.4904534792996,11.756658554077148
densenet161,1,4,1140,64.13293024311719,11.554770576450537,92.09948469121566,11.639833450317385
densenet161,1,4,1230,70.75491768130202,13.473014947968707,92.30872316778094,11.389970779418944
densenet161,1,4,1320,78.09917415822163,14.198706052958492,92.57192302189446,11.754989624023438
densenet161,1,4,1410,89.73105923496404,16.2975224459732,91.42485386608882,11.369943618774414
densenet161,1,7,210,51.71511136967304,7.9246353345853136,46.58246072604224,21.526575088500977
densenet161,1,7,240,52.6540996083864,8.710660427257729,52.2351419655635,19.29187774658203
densenet161,1,7,330,55.28454342136569,10.914382638982277,67.61299852507148,15.073537826538086
densenet161,1,7,420,57.63252086988453,12.912445281139938,81.1694136698074,14.248371124267578
densenet161,1,7,510,59.57690373710142,14.3326394300148,91.7712930540761,14.73712921142578
densenet161,1,7,600,59.795289966104846,14.248679938581928,90.7276769258233,11.514902114868164
densenet161,1,7,690,60.63345781777278,14.872535409395953,93.231519297349,11.615991592407228
densenet161,1,7,780,60.85816729349492,14.172397103018726,92.17645456608086,11.902809143066406
densenet161,1,7,870,61.205006869746,14.08705991799161,89.89942503110666,12.612342834472656
densenet161,1,7,960,62.3445755254554,14.582855647904388,92.90072096831152,11.636018753051758
densenet161,1,7,1050,63.31423375623017,13.755470496426264,91.62507435000258,14.708518981933594
densenet161,1,7,1140,66.6436554010139,14.065495734347252,92.68114164717184,11.730194091796877
densenet161,1,7,1230,73.72770849445459,16.445805761121278,93.3891024475395,11.255502700805664
densenet161,1,7,1320,81.14769438815598,17.247226282892846,91.95384326616644,14.273881912231444
densenet161,1,7,1410,92.35215736434108,18.918620575350246,90.33435502433124,12.494802474975586
densenet161,2,1,210,47.25420627619783,3.4637302411101016,17.610632701310298,113.6794090270996
densenet161,2,1,240,47.82320279535478,3.879763614226114,20.04138031010368,99.8854637145996
densenet161,2,1,330,49.38791488612507,5.017754103741652,27.18823219602469,73.63462448120117
densenet161,2,1,510,52.31182059716104,7.067556290074421,40.762190058135474,49.12424087524414
densenet161,2,1,600,53.72789270750764,8.181282679984724,47.1465687848644,42.50979423522949
densenet161,2,1,690,55.04499873197224,9.284076323595407,53.199573829367445,37.69755363464356
densenet161,2,1,780,56.34441958579461,9.658649395318417,58.92855358989119,34.052133560180664
densenet161,2,1,870,57.578549319753975,10.460602367999584,64.12415000891957,31.301498413085938
densenet161,2,1,960,59.41116666933304,11.649446791782026,69.91521946352374,28.753042221069336
densenet161,2,1,1050,61.45769264972466,11.898929389920752,76.05867654278957,26.431560516357425
densenet161,2,1,1140,65.40423650061278,12.826076833946132,81.26742692672806,24.73783493041992
densenet161,2,1,1230,73.00778754599706,15.72588481266375,86.7565595394807,23.18668365478516
densenet161,2,1,1320,81.81716996392181,17.916701858658676,91.98131173898788,21.90089225769043
densenet161,2,1,1410,95.11073735352367,21.677200564532853,97.02428403112992,20.679473876953125
densenet161,2,2,210,48.93165208561641,5.141176050528688,30.26538577568735,66.18642807006836
densenet161,2,2,240,49.63749245951769,5.6940532783890205,34.3989149318253,58.25233459472656
densenet161,2,2,330,51.81757578459553,7.447415002212118,46.51757218772698,43.09606552124024
densenet161,2,2,420,53.87909585261529,9.1590202638707,58.16729995792406,34.49058532714844
densenet161,2,2,510,55.8882004556601,10.64393614857348,69.37686391863728,28.92088890075684
densenet161,2,2,600,57.80258479248712,12.255974764964206,80.1018497017348,25.119781494140625
densenet161,2,2,690,59.588294428854034,13.827372020477208,90.45801796529828,22.24373817443848
densenet161,2,2,780,61.39092240921169,14.7051522187355,100.24161461189289,20.030975341796875
densenet161,2,2,870,63.386273507084326,16.268326555329935,110.01290613067312,18.321514129638672
densenet161,2,2,960,65.58274030105085,17.82102042349984,119.32699929612345,16.864776611328125
densenet161,2,2,1050,68.34660776119402,18.78784450139011,130.7724839133111,15.392065048217772
densenet161,2,2,1140,73.24934003621462,20.67118036954797,140.4247866670537,14.389753341674805
densenet161,2,2,1230,82.79025039845367,25.50834766512036,150.96544755564315,14.630794525146484
densenet161,2,2,1320,93.51660760651586,29.616139501252725,161.20740623084575,12.551307678222656
densenet161,2,2,1410,110.18831351371276,36.754776724721935,171.39119354227054,11.749744415283203
densenet161,2,3,210,50.01358732051522,6.223111285427495,38.81324084293904,51.613807678222656
densenet161,2,3,240,50.852648205884655,6.909209024755988,44.088043152725405,45.43924331665039
densenet161,2,3,330,53.34164492524504,8.971484142861627,59.44581176456586,33.73861312866211
densenet161,2,3,420,55.67502347382631,10.954947885081715,74.14377423989492,27.08292007446289
densenet161,2,3,510,57.91971702141856,12.675452714331946,88.24871134817487,22.807836532592773
densenet161,2,3,600,60.169392936039706,14.622782908516788,101.83340005600188,19.759416580200195
densenet161,2,3,690,62.27905770849662,16.518135300119795,114.8446948530828,17.55690574645996
densenet161,2,3,780,64.30150427130837,17.615734080832183,127.12584907628772,15.87986946105957
densenet161,2,3,870,66.60364152207646,19.485694570322067,139.9072861187082,14.44554328918457
densenet161,2,3,960,68.94006170742753,21.178341829876523,152.098654778469,13.469219207763672
densenet161,2,3,1050,71.95551235860914,22.39674909880523,166.8982912286176,13.043880462646484
densenet161,2,3,1140,77.21845393175681,24.64029426509016,178.48777912772252,18.314599990844727
densenet161,2,3,1230,87.04979426816786,29.767891534834547,188.28580676339857,13.808488845825195
densenet161,2,3,1320,97.82447620874903,33.924008103485896,190.0831105465484,13.485193252563477
densenet161,2,3,1410,113.83324315448264,40.39970636549181,193.70273574684705,11.436939239501951
densenet161,2,4,210,51.185528462727376,7.39505242763965,46.98703010239618,42.717695236206055
densenet161,2,4,240,52.20099477579451,8.257555594665845,53.31455590270609,37.6129150390625
densenet161,2,4,330,55.04086110556776,10.670700323184342,71.57740845520271,28.081655502319336
densenet161,2,4,420,57.85399310298346,13.133917514238869,88.98092459909321,22.55439758300781
densenet161,2,4,510,60.46409304185551,15.219828734768887,105.44183508539275,19.112348556518555
densenet161,2,4,600,63.06375499338319,17.517144965860275,121.12895442309252,16.651153564453125
densenet161,2,4,690,65.41739474223284,19.656472333856016,135.80736406092225,14.878511428833008
densenet161,2,4,780,67.79482095806124,21.10905076758505,149.7405577642135,14.248132705688477
densenet161,2,4,870,70.31680956083984,23.19886260908545,163.9633476729848,12.442827224731444
densenet161,2,4,960,73.02298268062556,25.26126280307455,178.22284974204595,13.517618179321287
densenet161,2,4,1050,75.30029555517712,25.741532295373204,186.0543158892175,11.317729949951172
densenet161,2,4,1140,79.56237762356848,26.98421795690183,187.762936422492,12.593984603881836
densenet161,2,4,1230,88.59144542433538,31.309542691002065,189.63428466502364,13.839483261108398
densenet161,2,4,1320,97.3762671571633,33.47579905190016,185.93650855907308,13.319253921508787
densenet161,2,4,1410,113.66347680293984,40.22994001394899,190.82804483216805,13.27800750732422
densenet161,2,7,210,53.49135480958513,9.700878774497408,58.59250480770772,34.246206283569336
densenet161,2,7,240,54.76097452817516,10.817535347046494,66.16425072805403,30.35449981689453
densenet161,2,7,330,58.20827759167842,13.838116809295007,87.6795864980878,22.9647159576416
densenet161,2,7,420,61.472888326262485,16.752812737517893,107.49867232967787,18.726110458374023
densenet161,2,7,510,64.52867297211661,19.28440866503,125.9084490590092,16.614913940429688
densenet161,2,7,600,67.43496478234033,21.888354754817414,143.04691463931795,14.121770858764648
densenet161,2,7,690,70.21957232524964,24.45864991687281,158.84911229475884,12.775421142578123
densenet161,2,7,780,72.6026244177277,25.916854227251505,173.10855152467704,12.721061706542969
densenet161,2,7,870,74.88717228568774,27.76922533393335,183.38699163762587,11.622905731201172
densenet161,2,7,960,76.46397159117856,28.70225171362756,188.6635123692529,11.437177658081056
densenet161,2,7,1050,77.12477910003719,27.56601584023328,187.26716243691567,11.484384536743164
densenet161,2,7,1140,81.75316892465906,29.17500925799241,190.1585446203848,11.37709617614746
densenet161,2,7,1230,89.90684515497274,32.62494242163943,184.87106485263763,13.95893096923828
densenet161,2,7,1320,99.9669831596853,36.06651505442216,185.6071684028301,12.83121109008789
densenet161,2,7,1410,116.31650074509302,42.88296395610219,188.061661994216,13.34381103515625
densenet161,4,1,210,48.13186373879916,4.341387703711436,23.82816829264401,168.2732105255127
densenet161,4,1,240,48.76903648668381,4.825597305555142,27.11074563007918,147.97568321228027
densenet161,4,1,330,50.61437956256403,6.244218780180617,36.734904151876506,109.17210578918456
densenet161,4,1,420,52.36345239766607,7.643376808921481,45.99209052756119,87.1880054473877
densenet161,4,1,510,54.01385319611421,8.769588889027595,54.854421291557685,73.08149337768555
densenet161,4,1,600,55.56380310681371,10.01719307929079,63.0981161307824,63.5678768157959
densenet161,4,1,690,57.11522964957701,11.354307241200184,70.74645112953179,56.67614936828613
densenet161,4,1,780,58.5721736275936,11.88640343711741,77.8800950284055,51.499128341674805
densenet161,4,1,870,60.20327561517654,13.085328663422146,84.74049303265572,47.39522933959961
densenet161,4,1,960,61.87831948737831,14.116599609827304,90.96671165196489,44.08073425292969
densenet161,4,1,1050,64.12622524673144,14.567461986927526,98.21594349835088,40.849924087524414
densenet161,4,1,1140,68.16178494748046,15.583625280813806,103.90071625579142,38.59663009643555
densenet161,4,1,1230,76.069062015128,18.78715928179469,109.83466352580103,36.55838966369629
densenet161,4,1,1320,84.96066834057014,21.060200235307,115.2098175030938,34.93142127990723
densenet161,4,1,1410,98.83771670956423,25.4041799205734,120.15864013631855,33.44368934631348
densenet161,4,2,210,50.839386705943326,7.048910670855601,43.17996510313862,92.74411201477052
densenet161,4,2,240,51.76264319484463,7.819204013715961,49.094530213814615,81.59470558166504
densenet161,4,2,330,54.41928485720741,10.049124074823991,66.43669781854751,60.31036376953125
densenet161,4,2,420,57.14836060164867,12.428285012904077,83.07769064119836,48.25758934020996
densenet161,4,2,510,59.836101935885466,14.59183762879885,98.97161971041228,40.526628494262695
densenet161,4,2,600,62.29316328028319,16.746553252760272,114.04032865107764,35.254478454589844
densenet161,4,2,690,64.68061829888946,18.919695890512628,128.23822908332426,31.296491622924805
densenet161,4,2,780,66.85109639625225,20.16532620577605,141.4799782472928,28.348207473754883
densenet161,4,2,870,69.30414488352426,22.18619793176987,154.31538832487146,25.97332000732422
densenet161,4,2,960,71.73920793042632,23.97748805287531,166.16642660539253,24.143695831298828
densenet161,4,2,1050,74.96709700413223,25.40833374432832,180.8308733644349,22.217750549316406
densenet161,4,2,1140,80.44968424927461,27.87152458260796,192.3917646516029,20.93029022216797
densenet161,4,2,1230,89.77327475839853,32.49137202506522,204.98020166842792,19.657373428344727
densenet161,4,2,1320,102.81092994260358,38.91046183734044,216.88868438502627,18.58162879943848
densenet161,4,2,1410,120.74461817182268,47.31108138283184,228.14413124058728,17.64225959777832
densenet161,4,3,210,52.04458303138779,8.254106996300063,57.500950476983306,69.72360610961914
densenet161,4,3,240,53.07555666304267,9.132117481914,65.39247415827161,61.28048896789551
densenet161,4,3,330,56.33142250939009,11.961261727006672,88.49869851869352,45.29881477355957
densenet161,4,3,420,59.44373474871594,14.723659159971348,110.76034365661944,36.23390197753906
densenet161,4,3,510,62.43940943783202,17.195145130745402,132.23512017851348,30.310630798339844
densenet161,4,3,600,65.30485727606504,19.75824724854212,152.9306747126764,26.30400657653809
densenet161,4,3,690,68.07154284583416,22.31062043745733,172.92271119848326,23.28157424926757
densenet161,4,3,780,70.75289337915014,24.067123188673943,192.03199429538745,20.962953567504883
densenet161,4,3,870,73.10918479972247,25.99123784796808,209.02175022528417,19.27661895751953
densenet161,4,3,960,77.05423060012562,29.29251072257461,229.0753143553977,17.60244369506836
densenet161,4,3,1050,81.40247970265405,31.843716442850138,251.3095232197172,16.049623489379883
densenet161,4,3,1140,88.05916992518243,35.48101025851578,269.503805954926,14.887571334838867
densenet161,4,3,1230,99.47305828191128,42.19115554857798,289.7460388718848,13.983726501464844
densenet161,4,3,1320,115.4696389230607,51.56917081779756,309.864901224225,14.16611671447754
densenet161,4,3,1410,137.25701970712518,63.823482918134346,329.8977550553113,12.218713760375977
densenet161,4,4,210,54.19504995211358,10.404573917025854,73.97075552973236,54.16607856750488
densenet161,4,4,240,55.57075565413502,11.627316473006353,84.01052447486515,47.754764556884766
densenet161,4,4,330,59.61836404571233,15.248203263328918,113.1191854005654,35.48407554626465
densenet161,4,4,420,63.485810259777125,18.765734671032533,140.96583870771872,28.49030494689941
densenet161,4,4,510,67.13835602403289,21.89409171694627,167.46433476319768,24.045944213867188
densenet161,4,4,600,70.70652193451225,25.159911906989336,192.7050598140213,20.823001861572266
densenet161,4,4,690,74.1399889019812,28.37906649360437,216.5834505248968,18.619298934936523
densenet161,4,4,780,77.35168715673848,30.665916966262287,239.1286193462336,16.85953140258789
densenet161,4,4,870,80.75726240226032,33.63931545050593,261.5705912846984,15.416383743286133
densenet161,4,4,960,84.24985634524896,36.48813646769795,283.52217371848803,15.021085739135742
densenet161,4,4,1050,88.83128326117802,39.2725200013741,310.65328085696626,14.609813690185549
densenet161,4,4,1140,96.44182269637464,43.86366302970798,332.75138093392115,14.175653457641602
densenet161,4,4,1230,109.47468179455396,52.19277906122065,357.2161866693179,11.770009994506836
densenet161,4,4,1320,126.09888917218406,62.19842106692093,371.82486291301086,13.242721557617188
densenet161,4,4,1410,147.83343776089498,74.39990097190415,379.6607615344663,14.128684997558594
densenet161,4,7,210,58.3616277216272,14.57115168653947,98.82347485060222,40.58074951171875
densenet161,4,7,240,60.203527410368736,16.26008822924007,111.77872710113802,35.90273857116699
densenet161,4,7,330,65.43681278649878,21.06665200411536,148.88045482451054,26.961326599121094
densenet161,4,7,420,70.37814819424278,25.65807260549819,183.3981357152157,21.9576358795166
densenet161,4,7,510,75.05938620500889,29.815121897922275,215.60882269916192,18.686771392822266
densenet161,4,7,600,79.38406544421807,33.83745541669515,245.62006066889649,16.43204689025879
densenet161,4,7,690,83.37457047256254,37.61364806418571,272.99804835838546,14.796018600463867
densenet161,4,7,780,87.03012469861362,40.34435450813743,297.87411929347127,14.282703399658203
densenet161,4,7,870,90.987993519462,43.8700465677076,322.9499523152546,13.950586318969728
densenet161,4,7,960,95.179627363935,47.417907486384,348.2642695017932,14.115333557128906
densenet161,4,7,1050,97.62479259568931,48.06602933588542,368.1171360722132,11.699914932250977
densenet161,4,7,1140,106.16275116626235,53.5845914995957,380.12829290461633,14.136314392089844
densenet161,4,7,1230,116.76822853967548,59.48632580634218,379.56017297671673,14.73402976989746
densenet161,4,7,1320,131.8926441673095,67.99217606204635,378.1132440941748,15.452384948730469
densenet161,4,7,1410,153.27316897094482,79.83963218195399,376.8343202542864,13.187885284423828
densenet161,8,1,210,49.084692873772006,5.294216838684281,31.927723225891214,250.8068084716797
densenet161,8,1,240,49.81916470094761,5.875725519818943,36.328264404115245,220.4241752624512
densenet161,8,1,330,51.878318832237824,7.508158049854408,49.19735630874816,162.7490520477295
densenet161,8,1,420,53.95273786001718,9.232662271272588,61.49152472964303,130.2199363708496
densenet161,8,1,510,55.92260654911839,10.678342242031777,73.0714135780646,109.6034049987793
densenet161,8,1,600,57.68656344473297,12.13995341721005,83.61260683585921,95.7796573638916
densenet161,8,1,690,59.32355606054528,13.562633652168453,93.09500432529332,86.04693412780762
densenet161,8,1,780,60.89454185900652,14.208771668530334,101.6942431011589,78.75275611877441
densenet161,8,1,870,62.61648923515401,15.498542283399622,109.86296402227264,72.91173934936523
densenet161,8,1,960,64.3600024486964,16.598282571145397,117.32431883718492,68.32051277160645
densenet161,8,1,1050,66.61602555964743,17.057262299843515,125.20153639844403,63.98200988769531
densenet161,8,1,1140,70.74212149779736,18.163961831130703,131.39545344177796,60.96792221069336
densenet161,8,1,1230,78.78500683123502,21.503104097901712,137.31442396738484,58.35533142089844
densenet161,8,1,1320,87.68051619383151,23.78004808856837,142.32410646961188,56.40077590942383
densenet161,8,1,1410,101.67023061794438,28.23669382895355,146.71356268547967,54.71229553222656
densenet161,8,2,210,52.34384449882299,8.553368463735264,56.55409111736692,141.740083694458
densenet161,8,2,240,53.41037925866964,9.466940077540968,64.32166065861819,124.6182918548584
densenet161,8,2,330,56.55005322454258,12.179892442159163,87.02979421419208,92.12827682495116
densenet161,8,2,420,59.5908843054293,14.870808716684706,108.72987140738203,73.75073432922363
densenet161,8,2,510,62.874789449189215,17.6305251421026,129.32320568353904,61.98883056640625
densenet161,8,2,600,65.74274165144796,20.19613162392504,148.29860529653385,54.068803787231445
densenet161,8,2,690,68.42776327171806,22.666840863341235,165.69018863346113,48.431396484375
densenet161,8,2,780,71.00856582421729,24.32279563374109,181.82750525085595,44.13127899169922
densenet161,8,2,870,73.63432348666477,26.51637653491038,196.9845888272573,40.72070121765137
densenet161,8,2,960,76.2163732092615,28.454653331710496,210.2494594480581,38.14435005187988
densenet161,8,2,1050,79.67823557132198,30.119472311518063,226.62070488192325,35.4154109954834
densenet161,8,2,1140,85.3442644156834,32.76610474901675,238.87568753963063,33.61082077026367
densenet161,8,2,1230,94.847235454352,37.56533272101868,251.83266982113207,31.84819221496582
densenet161,8,2,1320,108.02841648047978,44.12794837521664,263.6552686009394,30.504226684570312
densenet161,8,2,1410,127.5342847647715,54.10074797578066,274.2644176344342,29.294490814208984
densenet161,8,3,210,54.622639373297005,10.83216333820928,76.87734474271674,104.18343544006348
densenet161,8,3,240,56.13614414101099,12.19270495988232,87.43447590532631,91.6118621826172
densenet161,8,3,330,60.34517335725666,15.975012574873247,118.45488733845784,67.62886047363281
densenet161,8,3,420,64.42729757798371,19.70722198923912,148.3232644904462,54.03017997741699
densenet161,8,3,510,68.27003384756308,23.025769540476468,177.01854938693697,45.25399208068848
densenet161,8,3,600,72.10604715069377,26.55943712317085,204.4894832065117,39.20722007751465
densenet161,8,3,690,75.74183950004381,29.98091709166698,230.81237616178456,34.76238250732422
densenet161,8,3,780,79.192764533715,32.506994343238816,255.8422621935778,31.381845474243164
densenet161,8,3,870,82.89869179950406,35.78074484774967,280.5640679418876,28.633832931518555
densenet161,8,3,960,86.3642392108273,38.60251933327629,302.67377095601057,26.555299758911133
densenet161,8,3,1050,91.02198933830086,41.46322607849695,330.32562454027584,24.341344833374023
densenet161,8,3,1140,98.3969086369334,45.81874897026674,351.90262268109507,22.858619689941406
densenet161,8,3,1230,110.9028861379837,53.62098340465039,375.8895708060221,21.41022682189941
densenet161,8,3,1320,127.80545388715228,63.90498578188914,398.5749808189745,20.19214630126953
densenet161,8,3,1410,152.34733792632372,78.91380113733288,421.1139313804424,19.09399032592773
densenet161,8,4,210,57.36842990794853,13.577953872860808,99.1722111609814,80.7809829711914
densenet161,8,4,240,59.17654571530249,15.23310653417382,112.70012587312448,71.07186317443848
densenet161,8,4,330,64.51697124622038,20.146810463836964,151.9645975958307,52.75130271911621
densenet161,8,4,420,69.4895245950738,24.76944900632921,189.2340186119294,42.37651824951172
densenet161,8,4,510,74.14123548853836,28.89697118145174,224.415390302955,35.78662872314453
densenet161,8,4,600,78.5260692447798,32.97945921725689,257.4660076801849,31.192541122436523
densenet161,8,4,690,82.77046260499579,37.00954019661896,288.4986930151731,27.79245376586914
densenet161,8,4,780,86.55267425420614,39.86690406372995,316.97791355307487,25.363922119140625
densenet161,8,4,870,90.78159682734984,43.66364987559544,345.1604998085173,23.28062057495117
densenet161,8,4,960,94.80004056682412,47.0383206892731,371.0051345221132,21.708965301513672
densenet161,8,4,1050,98.32883772257428,48.77007446277037,401.45617144737855,19.97971534729004
densenet161,8,4,1140,108.14127537698364,55.56311571031699,428.0696959143545,18.81122589111328
densenet161,8,4,1230,122.60072523283183,65.31882249949854,455.0973251089695,17.729759216308594
densenet161,8,4,1320,142.49835023499398,78.59788212973083,480.8193349452597,16.77989959716797
densenet161,8,4,1410,171.63307185122568,98.19953506223484,505.9405955403544,15.907764434814451
densenet161,8,7,240,65.56747458687786,21.6240354057492,154.85911607463197,51.76758766174317
densenet161,8,7,330,72.73638331675653,28.366222534373115,207.3271724553121,38.72275352478027
densenet161,8,7,420,79.41003138102512,34.68995579228053,256.6436731484463,31.288862228393555
densenet161,8,7,510,85.67829001143728,40.43402570435067,303.3159484281427,26.51453018188477
densenet161,8,7,600,91.63405588125508,46.08744585373216,346.8644886887108,23.19121360778809
densenet161,8,7,690,97.25247971890026,51.49155731052343,387.44535035857024,20.78723907470703
densenet161,8,7,780,100.863844714537,54.17807452406082,424.12240600527,19.01507377624512
densenet161,8,7,870,106.13283548078871,59.01488852903434,460.45928121005767,17.515897750854492
densenet161,8,7,960,111.86433058349462,64.10261070594362,498.883399987457,16.20936393737793
densenet161,8,7,1050,118.11597356649044,68.55721030668653,539.5371179729946,14.990806579589844
densenet161,8,7,1140,131.66737787985616,79.08921821318951,578.6292798904227,13.988494873046877
densenet161,8,7,1230,151.86296934441367,94.58106661108036,620.4727714016195,12.970447540283203
densenet161,8,7,1320,181.5108776850095,117.61040957974636,662.0401545485753,12.189626693725586
densenet161,8,7,1410,221.99953568077032,148.5659988917795,703.7131385913704,12.48621940612793
densenet161,16,1,210,49.696780647657775,5.906304612570049,39.39720804338525,406.35013580322266
densenet161,16,1,240,50.44874759282637,6.505308411697705,44.82305160131662,357.1438789367676
densenet161,16,1,330,52.763229153599234,8.393068371215819,60.674400231109786,263.8514041900635
densenet161,16,1,420,54.920046022278186,10.199970433533592,75.74954774831362,211.35854721069336
densenet161,16,1,510,56.96447294241288,11.72020863532626,89.89089460610779,178.13372611999512
densenet161,16,1,600,58.86272832373572,13.316118296212798,102.4505035600805,156.31937980651855
densenet161,16,1,690,60.62716054892452,14.866238140547695,113.48794843211896,141.10279083251953
densenet161,16,1,780,62.35065164189764,15.664881451421452,123.38581761387312,129.7755241394043
densenet161,16,1,870,64.06415697586094,16.94621002410655,132.72062635464238,120.64862251281738
densenet161,16,1,960,65.84726603234539,18.08554615479438,141.27716495038678,113.3859157562256
densenet161,16,1,1050,68.14624973350378,18.58748647369987,149.90449270872648,106.85873031616212
densenet161,16,1,1140,72.1827163772438,19.60455671057716,156.34801681057684,102.42724418640135
densenet161,16,1,1230,80.2473862129223,22.965483479588983,162.2079202593462,98.79469871520996
densenet161,16,1,1320,89.22183607397912,25.321367968715982,167.0413683789,96.06218338012695
densenet161,16,1,1410,104.0780756910335,30.64453890204267,171.08198812403558,93.71614456176758
densenet161,16,2,210,54.00395971994002,10.213483684852296,73.31016501186828,218.42575073242188
densenet161,16,2,240,55.38279230996372,11.439353128835052,83.39453960010957,192.0266151428223
densenet161,16,2,330,59.37303137777304,15.002870595389624,112.84067885509664,141.92962646484375
densenet161,16,2,420,63.14123609285638,18.42116050411179,140.83998922416282,113.73186111450195
densenet161,16,2,510,66.6916930699315,21.447428762844886,167.1553637491852,95.81613540649414
densenet161,16,2,600,69.96195773742664,24.415347709903727,190.9328024236878,83.89997482299805
densenet161,16,2,690,73.24424101181476,27.483318603437937,212.2061563691719,75.47950744628906
densenet161,16,2,780,75.62505904432143,28.93928885384524,231.32548836379755,69.24152374267578
densenet161,16,2,870,78.54803306141659,31.4300861096622,249.244428407488,64.28742408752441
densenet161,16,2,960,81.32375908327295,33.56203920572194,265.7040480913337,60.30440330505371
densenet161,16,2,1050,84.73589806183855,35.177134802034644,283.34826066526284,56.55884742736816
densenet161,16,2,1140,90.45229782703136,37.87413816036471,296.9330541726007,53.97939682006836
densenet161,16,2,1230,100.4206429435166,43.138740210183286,309.9675699196494,51.718950271606445
densenet161,16,2,1320,113.74233908211605,49.841870976852896,320.89770632676726,50.05669593811035
densenet161,16,2,1410,133.60581275410954,60.1722759651187,330.3139170456505,48.56300354003906
densenet161,16,3,210,57.25165705201211,13.461181016924389,98.65869626589816,162.43219375610352
densenet161,16,3,240,59.03913303329118,15.095693852162512,112.28287006595752,142.68136024475098
densenet161,16,3,330,64.20540201735326,19.83524123496985,152.22727579650729,105.24487495422365
densenet161,16,3,420,69.08907510360983,24.36899951486524,190.71017856312,84.00082588195801
densenet161,16,3,510,73.9921430865171,28.747878779430486,227.57059883392384,70.39546966552734
densenet161,16,3,600,78.59174661166765,33.04513658414473,262.8549450533572,60.95337867736816
densenet161,16,3,690,83.04246494225895,37.28154253388212,296.5463418081997,54.032325744628906
densenet161,16,3,780,87.05619616927335,40.37042597879716,327.9876637993098,48.86531829833984
densenet161,16,3,870,91.31428421159669,44.196337259842295,357.79909202297,44.78907585144043
densenet161,16,3,960,95.2461725934452,47.4844527158942,384.5465488333484,41.713714599609375
densenet161,16,3,1050,98.70481959065071,49.14605633084682,414.9883644175903,38.654327392578125
densenet161,16,3,1140,108.45187063437795,55.8737109677113,442.1494089532458,36.30161285400391
densenet161,16,3,1230,122.31635859216588,65.03445585883256,469.70416353770224,34.19303894042969
densenet161,16,3,1320,140.62503194865744,76.7245638433943,494.87543918325457,32.47809410095215
densenet161,16,3,1410,169.60734386866858,96.17380707967774,519.716995032994,30.89737892150879
densenet161,16,4,210,61.02318105703604,17.232705021948316,130.64856624885255,122.92361259460448
densenet161,16,4,240,63.26811626729429,19.32467708616562,148.44923268976345,108.16287994384766
densenet161,16,4,330,69.77139012559604,25.401229343212627,200.22212761068465,80.24740219116211
densenet161,16,4,420,75.90327161617272,31.183196027428124,249.31445240956657,64.37277793884277
densenet161,16,4,510,81.8592340191206,36.61496971203399,294.49341659848585,54.48341369628906
densenet161,16,4,600,87.00793886384321,41.46132883632029,335.5205616212713,47.8205680847168
densenet161,16,4,690,91.99282969324578,46.23190728486895,373.5319680424561,42.926788330078125
densenet161,16,4,780,96.66913115007937,49.98336095960316,408.55285066647474,39.2601490020752
densenet161,16,4,870,100.02278867248714,52.90484172073275,442.2270158248572,36.31114959716797
densenet161,16,4,960,104.9652832065274,57.2035633289764,475.1503221919058,33.80274772644043
densenet161,16,4,1050,109.57787896875394,60.019115708950025,507.4720432163036,31.58712387084961
densenet161,16,4,1140,120.55640605219668,67.97824638553004,536.6164643564496,29.93297576904297
densenet161,16,4,1230,136.13516733260295,78.85326459926964,565.000397397075,28.450489044189453
densenet161,16,4,1320,157.74949528459078,93.84902717932763,590.979798034268,27.20308303833008
densenet161,16,4,1410,191.06405063753544,117.6305138485446,614.8064770846082,26.145458221435547
densenet161,32,1,210,49.88788576347722,6.097409728389496,40.97248039158029,781.2800407409668
densenet161,32,1,240,50.69600062005357,6.7525614389249,46.63118059348258,686.4752769470215
densenet161,32,1,330,53.08245303075719,8.712292248373771,63.16003323617301,506.8149566650391
densenet161,32,1,420,55.37339515540709,10.653319566662496,78.88481691276543,464.0913009643554
densenet161,32,1,510,57.59909603964498,12.354831732558369,93.54215907716184,342.2510623931885
densenet161,32,1,600,59.50428101697311,13.957670989450191,106.5097775094066,300.5826473236084
densenet161,32,1,690,61.40575547893401,15.644833070557183,117.85182596098753,271.6684341430664
densenet161,32,1,780,63.01921388732255,16.33344369684636,127.96096866213888,250.19121170043945
densenet161,32,1,870,64.7799579627545,17.662011011000104,137.4690998253311,232.89775848388672
densenet161,32,1,960,66.66383685922642,18.90211698167541,146.17084908130406,219.04301643371585
densenet161,32,1,1050,68.90875729215033,19.349994032346416,154.57465809911238,207.1504592895508
densenet161,32,1,1140,72.9743119570992,20.39615229043256,160.79547551130895,199.131727218628
densenet161,32,1,1230,81.2292536566536,23.94735092332029,166.38091043576844,192.4605369567871
densenet161,32,1,1320,90.21293721719988,26.312469111936743,170.99500774153157,187.5638961791992
densenet161,32,1,1410,105.5077372518072,32.07420046281638,174.8579102677043,183.38537216186523
densenet161,32,2,210,54.67075183291751,10.880275797829784,78.15637972514702,409.6109867095947
densenet161,32,2,240,55.91145875623094,11.968019575102277,88.95200806605014,359.8945140838623
densenet161,32,2,330,60.20626890853488,15.836108126151466,120.52571014705144,265.6242847442627
densenet161,32,2,420,64.18185259091761,19.461777002173022,150.58899383187827,212.5985622406006
densenet161,32,2,510,67.92575451563168,22.681490208545064,178.77828166687365,179.11362648010254
densenet161,32,2,600,71.1623844965175,25.615774468994587,203.81699682255592,157.12785720825195
densenet161,32,2,690,74.37240634584049,28.61148393746366,225.9966313298319,141.72935485839844
densenet161,32,2,780,77.47359529441007,30.787825103933883,246.02429646570485,130.1734447479248
densenet161,32,2,870,80.4620404585272,33.34409350677281,264.60065470091814,121.03867530822754
densenet161,32,2,960,83.25274970088854,35.491029823337534,281.81225578975074,113.65580558776855
densenet161,32,2,1050,86.2452528281471,36.68648956834319,299.0164402609911,107.12385177612305
densenet161,32,2,1140,92.36323776106934,39.78507809440269,312.1257507446124,102.61869430541992
densenet161,32,2,1230,102.24083017259257,44.958927439259256,323.77076229254953,98.92964363098145
densenet161,32,2,1320,115.59305948062637,51.692591375363214,333.43134390066416,96.30513191223145
densenet161,32,2,1410,135.443284624019,62.00974783502818,341.5601937336561,93.83821487426758
densenet161,32,3,210,58.986614012472565,15.19613797738484,110.43776473078226,289.92319107055664
densenet161,32,3,240,61.00060302813026,17.057163847001597,125.76117769863497,254.5995712280273
densenet161,32,3,330,66.8176311616906,22.447470379307184,170.73418913888685,187.52479553222656
densenet161,32,3,420,72.47198743315238,27.751911844407783,214.05075344499247,149.58834648132324
densenet161,32,3,510,77.85817985504389,32.61391554795727,255.46170766775603,125.35619735717772
densenet161,32,3,600,82.8991961443144,37.352586116791485,294.8905768367465,108.58702659606934
densenet161,32,3,690,87.65119373256579,41.89027132418896,332.2063967482911,96.41432762145996
densenet161,32,3,780,92.2088588448902,45.52308865441401,366.2240991704804,87.48388290405273
densenet161,32,3,870,96.7195171349724,49.601570183218,398.8168493484032,80.32727241516113
densenet161,32,3,960,100.10285761162862,52.34113773407761,430.3801722190088,74.42927360534668
densenet161,32,3,1050,104.69569412598314,55.13693086617923,460.8267039585722,69.52381134033203
densenet161,32,3,1140,114.9328548037772,62.35469513711054,489.0264834208235,65.51027297973633
densenet161,32,3,1230,129.2336732736573,71.95177054032399,516.6694925820004,62.27421760559082
densenet161,32,3,1320,147.72380141663191,83.82333331136877,540.4005028665201,59.41057205200195
densenet161,32,3,1410,179.47884248796697,106.04530569897614,563.0311452103884,56.995391845703125
densenet161,32,4,210,64.01434276319199,20.223866728104262,149.25184133632945,214.5545482635498
densenet161,32,4,240,66.62141179525759,22.67797261412892,169.68844810217146,188.70830535888672
densenet161,32,4,330,74.31047936352952,29.94031858114611,229.1114486711921,139.784574508667
densenet161,32,4,420,81.57304079980572,36.85296521106113,285.13212040103923,112.34116554260254
densenet161,32,4,510,87.93109721533413,42.68683290824752,335.7634451421305,95.3998565673828
densenet161,32,4,600,93.99556277209648,48.44895274457356,381.53157534788295,83.95099639892578
densenet161,32,4,690,98.2890731587311,52.52815075035427,423.2629950332531,75.68597793579102
densenet161,32,4,780,103.17281612471642,56.48704593424023,461.1798353504041,69.48351860046387
densenet161,32,4,870,108.15460606415724,61.03665911240286,497.08989080044086,64.47839736938477
densenet161,32,4,960,113.25342588609448,65.49170600854347,531.7323546379737,60.3179931640625
densenet161,32,4,1050,118.23582289188244,68.67705963207852,563.7517817338127,56.842803955078125
densenet161,32,4,1140,129.62397261041178,77.04581294374513,592.193534781069,54.106712341308594
densenet161,32,4,1230,145.75755158093017,88.47564884759686,618.2305291335772,51.90372467041016
densenet161,32,4,1320,168.9601599076187,105.05969180235556,639.5317116111761,50.17685890197754
densenet161,32,4,1410,201.9746285762591,128.54109178726827,657.9099015288646,48.73347282409668
diffusion_1024_1024,1,7,1410,293.5879790026247,220.15444221363387,0.1606009104990431,6277.524471282959
diffusion_1024_1024,1,4,1410,267.66037555149035,194.2268387624995,0.1115806045155941,8974.800109863281
diffusion_1024_1024,1,3,1410,234.63118375387708,161.19764696488625,0.0874636561308591,11440.237045288086
diffusion_1024_1024,1,2,1410,173.49072414335942,100.05718735436858,0.0573336573329585,17450.515031814575
diffusion_1024_1024,1,7,1320,291.9692131415496,228.06874503628643,0.1594686388204848,6314.736127853394
diffusion_1024_1024,1,4,1320,211.3222874760791,147.42181937081597,0.1051225424461779,9523.032426834106
diffusion_1024_1024,1,3,1320,185.82201198919284,121.9215438839297,0.0826073515710501,12113.579034805298
diffusion_1024_1024,1,2,1320,141.60086109819724,77.7003929929341,0.0546354806221709,18308.025121688843
diffusion_1024_1024,1,7,1230,254.3149096157018,197.03300688236848,0.1527082492547666,6554.2311668396
diffusion_1024_1024,1,4,1230,177.48085173532593,120.19894900199262,0.098783853294688,10128.045797348022
diffusion_1024_1024,1,3,1230,156.8384241973375,99.5565214640042,0.0776226624972018,12888.579607009888
diffusion_1024_1024,1,2,1230,121.45663862026169,64.17473588692836,0.0517585346111692,19328.927516937256
diffusion_1024_1024,1,7,1140,214.444871037464,161.8667113707973,0.1424090597486023,7031.910181045532
diffusion_1024_1024,1,4,1140,151.08585337894056,98.5076937122739,0.0923146137935218,10851.958274841309
diffusion_1024_1024,1,3,1140,134.05431109312934,81.47615142646269,0.0724517249968338,13805.787563323976
diffusion_1024_1024,1,2,1140,107.1187958981962,54.54063623152955,0.0487154612276757,20538.910627365112
diffusion_1024_1024,1,7,1050,190.74057945285216,141.18181619304823,0.1333506733871933,7502.445697784424
diffusion_1024_1024,1,4,1050,135.58270169889752,86.02393843909361,0.0867688535078662,11531.41474723816
diffusion_1024_1024,1,3,1050,120.32084090593304,70.76207764612911,0.0673036831796779,14864.762544631958
diffusion_1024_1024,1,2,1050,97.15071097738875,47.59194771758486,0.0455803709694863,21943.43638420105
diffusion_1024_1024,1,7,960,179.6765915602013,131.9148716826503,0.1231761638541728,8124.6018409729
diffusion_1024_1024,1,4,960,128.38342189867026,80.62170202111926,0.0803825820127889,12446.313858032228
diffusion_1024_1024,1,3,960,113.98252376798952,66.22080389043853,0.0619192282205083,16152.58002281189
diffusion_1024_1024,1,2,960,92.20894459998304,44.44722472243203,0.0421922747880537,23703.989505767822
diffusion_1024_1024,1,7,870,167.0191022516249,119.90115529987052,0.1129893990275157,8857.409000396729
diffusion_1024_1024,1,4,870,121.31611976225857,74.19817281050416,0.073686760110916,13575.660228729248
diffusion_1024_1024,1,3,870,107.73156432432432,60.613617372569934,0.0565866281237035,17678.16114425659
diffusion_1024_1024,1,2,870,87.85529671417261,40.73734976241822,0.0387386309977773,25817.97766685486
diffusion_1024_1024,1,7,780,156.48384682968137,109.7980766392052,0.1030162846109966,9720.773220062256
diffusion_1024_1024,1,4,780,114.6609208737864,67.97515068331023,0.0670563874950801,14914.932012557983
diffusion_1024_1024,1,3,780,101.4643712738525,54.77860108337632,0.0512845882690152,19513.248205184937
diffusion_1024_1024,1,2,780,83.54484322064441,36.85907303016822,0.0352381636097563,28385.473251342773
diffusion_1024_1024,1,7,690,144.64623811383382,98.885315705457,0.0927923810738111,10784.558773040771
diffusion_1024_1024,1,4,690,107.11886784469884,61.35794543632203,0.0601424101455605,16636.90948486328
diffusion_1024_1024,1,3,690,95.10437641639798,49.34345400802116,0.0458007996281506,21839.24698829651
diffusion_1024_1024,1,2,690,79.25076996075404,33.48984755237721,0.0315929064835524,31658.52189064026
resnet50,2,2,210,51.99938368364803,8.208907648560302,92.7076095450884,21.71468734741211
resnet50,2,2,240,52.908044396897566,8.964605215768898,105.44000180396426,19.05989646911621
resnet50,2,2,330,55.663360298127614,11.2931995157442,142.6605978856997,14.09149169921875
resnet50,2,2,420,58.14536512633735,13.42528953759276,178.49770986301203,11.360883712768556
resnet50,2,2,510,60.53469861071732,15.290434303630704,212.8355946247964,9.447813034057615
resnet50,2,2,600,62.818752040175774,17.272142012652857,245.72386191475127,8.298397064208984
resnet50,2,2,690,64.85107637231503,19.090153963938207,277.3164326706123,7.355213165283203
resnet50,2,2,780,67.08906395816572,20.403293767689533,307.15320337974384,6.654500961303711
resnet50,2,2,870,69.10198693636747,21.98403998461308,332.74227071889453,6.145238876342773
resnet50,2,2,960,72.07673544973545,24.315015572184443,365.1501938065692,12.80975341796875
resnet50,2,2,1050,74.77264136973623,25.213878109932324,393.8820252713022,5.312442779541016
resnet50,2,2,1140,81.07911169956668,28.50095203290003,422.809594698106,4.924774169921875
resnet50,2,2,1230,91.13241063122923,33.85050789789594,452.5187338577173,4.552125930786133
resnet50,2,2,1320,104.37385571142283,40.47338760615971,483.8712826667855,6.413936614990234
resnet50,2,2,1410,122.41122828947368,48.97769150048285,514.2483850250726,4.0531158447265625
resnet50,2,3,210,53.23393891716798,9.443462882080258,120.5339710461257,16.73126220703125
resnet50,2,3,240,54.30939495798319,10.36595577685452,137.02658331312782,14.733552932739258
resnet50,2,3,330,57.56569001419783,13.195529231814412,185.2376635865887,10.926246643066406
resnet50,2,3,420,60.668193928676686,15.948118339932094,231.5001960627011,8.775949478149414
resnet50,2,3,510,63.49617092651757,18.251906619430954,275.9976253356208,7.332086563110352
resnet50,2,3,600,66.20884536923705,20.662235341714137,319.0583394951161,6.414890289306641
resnet50,2,3,690,68.69211690077027,22.931194492393445,360.3696906808292,5.6934356689453125
resnet50,2,3,780,71.27211977856065,24.58634958808446,400.363321994386,5.214214324951172
resnet50,2,3,870,73.6588462566845,26.540899304930107,436.7064413123504,4.827737808227539
resnet50,2,3,960,77.11287184730743,29.351151969756422,480.7673058599241,4.400491714477539
resnet50,2,3,1050,80.3233326585695,30.764569398765587,521.0264800682763,3.951549530029297
resnet50,2,3,1140,87.6720931339225,35.09393346725585,559.3577001262531,3.921985626220703
resnet50,2,3,1230,99.41545355932205,42.13355082598872,600.7414013794818,3.7686824798583984
resnet50,2,3,1320,114.18970184135976,50.28923373609663,641.210022682651,3.749370574951172
resnet50,2,3,1410,132.71321570014143,59.2796789111506,645.7089465427074,3.556489944458008
resnet50,2,4,210,55.360286653771766,11.56981061868404,151.9648018289961,13.31472396850586
resnet50,2,4,240,56.60079326494202,12.657354083813352,172.5884450771863,11.65628433227539
resnet50,2,4,330,60.48565285126397,16.11549206888055,232.1467866113649,8.746147155761719
resnet50,2,4,420,64.1368962787015,19.416820689956907,289.01772122495424,7.080078125
resnet50,2,4,510,67.58638045375218,22.342116146665568,343.33846714291946,5.991458892822266
resnet50,2,4,600,70.87446889325474,25.327858865731827,395.26697393525046,5.264997482299805
resnet50,2,4,690,74.05078694817658,28.28986453979975,444.6418366935336,4.653692245483398
resnet50,2,4,780,77.07291655801826,30.38714636754208,491.1690755242288,4.371881484985352
resnet50,2,4,870,79.8390202565834,32.721073304829005,530.8351885062389,4.219532012939453
resnet50,2,4,960,84.0450482809071,36.28332840335609,584.5370258604568,3.9091110229492174
resnet50,2,4,1050,86.93086282871359,37.37209956890968,616.8802282541443,3.8971900939941406
resnet50,2,4,1140,91.08257029560204,38.504410628935375,635.6386889348879,3.721475601196289
resnet50,2,4,1230,102.51233015407188,45.23042742073858,661.2124534138334,3.624439239501953
resnet50,2,4,1320,113.18864161849712,49.28817351323398,660.6179511727836,3.664493560791016
resnet50,2,4,1410,131.98257789317506,58.54904110418423,671.4475018318291,3.587961196899414
resnet50,2,7,210,58.14625209050664,14.355776055418918,193.43215605799816,10.480165481567385
resnet50,2,7,240,59.90106316090312,15.957623979774446,218.76580382312736,9.27734375
resnet50,2,7,330,64.44488906752412,20.0747282851407,291.0726283826164,7.031679153442383
resnet50,2,7,420,68.72291809180919,24.0028425030646,358.13572571549724,5.814790725708008
resnet50,2,7,510,72.98505698778833,27.74079268070171,421.2295133745741,5.005836486816406
resnet50,2,7,600,76.72426826029218,31.17765823276926,479.8965768542885,4.415750503540039
resnet50,2,7,690,80.38169436997319,34.62077196159636,533.408086444508,4.075765609741211
resnet50,2,7,780,83.5117551319648,36.82598494148861,583.4501557510519,3.659486770629883
resnet50,2,7,870,85.79468638132296,38.67673942956857,618.9118690362899,3.739356994628906
resnet50,2,7,960,89.30477842323651,41.543058545685504,660.6499349980734,3.521203994750977
resnet50,2,7,1050,89.56357666666666,40.00481340686275,668.7427172974293,3.736495971679688
resnet50,2,7,1140,94.95363693270735,42.375477266040704,662.6025303689574,3.520727157592773
resnet50,2,7,1230,104.20682469512197,46.92492196178864,667.1991491839005,3.536462783813477
resnet50,2,7,1320,120.5373373301359,56.63686922487276,709.627787104761,3.1011104583740234
resnet50,2,7,1410,137.63505209953345,64.20151531054259,695.1121467616123,3.941774368286133
resnet50,4,2,210,53.52226983745696,9.731793802369236,123.52325595011804,32.51457214355469
resnet50,4,2,240,54.46971251117069,10.526273330042017,140.5479741823724,28.608322143554688
resnet50,4,2,330,57.61978774379966,13.249626961416247,190.57234979665023,21.075010299682617
resnet50,4,2,420,60.56820709876543,15.848131510020837,238.56276409249045,16.8759822845459
resnet50,4,2,510,63.57085046558335,18.32658615849673,283.67039196320064,14.21046257019043
resnet50,4,2,600,66.15603945909997,20.60942943157705,325.6750360258933,12.395143508911133
resnet50,4,2,690,68.75306686930091,22.99214446092408,365.3236618566827,11.10386848449707
resnet50,4,2,780,70.81097091531224,24.12520072483605,402.1230105464672,10.095596313476562
resnet50,4,2,870,72.98075077969946,25.862803827945072,433.0505740327394,9.279251098632812
resnet50,4,2,960,76.08566743782534,28.323947560274327,469.1746446291468,8.679628372192383
resnet50,4,2,1050,79.08055911111111,29.521795851307203,507.09473894546113,7.991552352905273
resnet50,4,2,1140,85.40389335770871,32.82573369104206,536.2120917961421,7.559537887573242
resnet50,4,2,1230,96.07694089609151,38.7950381627582,568.6271603993039,7.176399230957031
resnet50,4,2,1320,109.052858007261,45.15238990199786,601.8822020805763,6.767511367797852
resnet50,4,2,1410,128.53887408610885,55.10533729711801,632.9564149737782,6.360530853271484
resnet50,4,3,210,55.42271502035569,11.632238985267964,168.38133969266715,23.89216423034668
resnet50,4,3,240,56.826358190857285,12.882919009728615,191.5235116199404,21.03900909423828
resnet50,4,3,330,60.67271940789474,16.302558625511324,259.59921380685483,15.54274559020996
resnet50,4,3,420,64.4547911111111,19.73471552236652,325.4269017608633,12.445688247680664
resnet50,4,3,510,68.17125787234043,22.926993565253817,389.0144652240194,10.43844223022461
resnet50,4,3,600,71.52563341931786,25.97902339179494,450.1802488903651,8.970022201538086
resnet50,4,3,690,74.84201822833387,29.08109581995704,508.58485456409545,8.028984069824219
resnet50,4,3,780,77.86482386595831,31.179053675482123,564.8296022652752,7.226228713989258
resnet50,4,3,870,81.06739275653923,33.949445804784844,615.2492911128206,6.661176681518555
resnet50,4,3,960,84.79526284751475,37.03354296996374,672.7782350762234,6.086587905883789
resnet50,4,3,1050,88.68595394736843,39.12719068756452,730.7535333282772,5.614280700683594
resnet50,4,3,1140,96.95833273703042,44.38017307036377,781.5991010305158,5.276203155517578
resnet50,4,3,1230,110.47425578034682,53.19235304701351,837.8781155990725,4.914045333862305
resnet50,4,3,1320,127.7718227658512,63.87135466058808,897.013549277507,4.621028900146484
resnet50,4,3,1410,152.2550141034251,78.82147731443428,954.585742674234,4.276752471923828
resnet50,4,4,210,57.78725772068872,13.99678168560099,215.52918046652724,18.692970275878903
resnet50,4,4,240,59.44827562998905,15.50483644886038,244.9080899595085,16.466140747070312
resnet50,4,4,330,64.1994034855504,19.82924270316699,330.5106624416534,12.252330780029297
resnet50,4,4,420,68.63781621621622,23.91774062747163,412.4404317399469,9.77635383605957
resnet50,4,4,510,72.95703859321507,27.712774286128457,489.9786320140358,8.314132690429688
resnet50,4,4,600,76.83695966785291,31.29034964033,563.3393103490306,7.231235504150391
resnet50,4,4,690,80.08329347826087,34.32237106988404,634.0185337024062,6.351470947265625
resnet50,4,4,780,84.00646341463414,37.32069322415795,699.65810837874,5.874156951904297
resnet50,4,4,870,87.51110302734375,40.39315607558936,759.5593222759952,5.417823791503906
resnet50,4,4,960,92.097998,44.336278122449,829.5764807489322,4.996538162231445
resnet50,4,4,1050,96.13819751381214,46.57943425400824,897.402120635486,4.491329193115234
resnet50,4,4,1140,104.81321477900552,52.23505511233888,959.1849668373084,4.3697357177734375
resnet50,4,4,1230,119.02213938973648,61.74023665640317,1028.1896973004868,4.135608673095703
resnet50,4,4,1320,138.28983158630328,74.38936348104014,1098.0507167303367,3.8864612579345694
resnet50,4,4,1410,166.06424492652204,92.6307081375312,1165.1829792759038,3.936290740966797
resnet50,4,7,210,62.63585786233912,18.84538182725139,291.9993300653569,13.76199722290039
resnet50,4,7,240,64.76741620788373,20.82397702675506,330.9705763755102,12.22085952758789
resnet50,4,7,330,71.06061741349971,26.69045663111629,443.2055729431144,9.17959213256836
resnet50,4,7,420,76.73522168867548,32.01514609993089,548.9118287004901,7.432222366333008
resnet50,4,7,510,82.30866035405518,37.06439604696856,648.3910937903304,6.319522857666016
resnet50,4,7,600,87.72869948429442,42.18208945677151,740.6534159235653,5.583286285400391
resnet50,4,7,690,91.6580439706862,45.89712156230938,825.9722159708117,5.040407180786133
resnet50,4,7,780,96.05510086840349,49.36933067792728,903.1527806022808,4.648685455322266
resnet50,4,7,870,99.8626972972973,52.74475034554291,976.4170698110884,4.347085952758789
resnet50,4,7,960,105.65244466936572,57.89072479181471,1067.9806748720885,4.019260406494141
resnet50,4,7,1050,110.5769310094408,61.0181677496369,1155.2234092884496,3.818750381469727
resnet50,4,7,1140,121.57452384557152,68.99636417890488,1234.0873003095348,3.6873817443847656
resnet50,4,7,1230,137.52368853695324,80.24178580361993,1309.0930428027418,3.657102584838867
resnet50,4,7,1320,156.15986826347307,92.25940015820991,1323.246153051674,3.577709197998047
resnet50,4,7,1410,184.663709752322,111.23017296333114,1359.7757699701071,3.5746097564697266
resnet50,8,2,210,54.60613382245048,10.815657787362756,152.4523994195534,52.68716812133789
resnet50,8,2,240,55.91807372202266,11.974634540893994,173.54256661341572,46.26226425170898
resnet50,8,2,330,59.48291469475559,15.11275391237217,235.36669145833136,34.143686294555664
resnet50,8,2,420,62.878540501860506,18.15846491311592,294.05212890235794,27.332305908203125
resnet50,8,2,510,65.94588951559389,20.70162520850728,348.00482683761163,23.079395294189453
resnet50,8,2,600,68.70554635319262,23.1589363256697,396.9578025529936,20.31803131103516
resnet50,8,2,690,71.36194468684026,25.601022278463432,441.45007311842056,18.256664276123047
resnet50,8,2,780,73.88023543913714,27.194465248660947,481.8076793934396,16.7386531829834
resnet50,8,2,870,76.27467953110911,29.156732579354724,516.1934455645029,15.635967254638672
resnet50,8,2,960,79.36816819012796,31.60644831257695,554.551433572156,14.559507369995115
resnet50,8,2,1050,82.53349033199562,32.97472707219171,594.0462185961293,13.52238655090332
resnet50,8,2,1140,88.91662543394847,36.33846576728182,622.9279179859883,12.915372848510742
resnet50,8,2,1230,99.7854430591738,42.50354032584049,653.7494715776608,12.36104965209961
resnet50,8,2,1320,113.07412651880423,49.17365841354111,683.0748932743574,11.805295944213867
resnet50,8,2,1410,132.38547939743023,58.9519426084394,710.600846852326,11.32965087890625
resnet50,8,3,210,57.42335732044199,13.632881285354262,213.04555271340803,37.64772415161133
resnet50,8,3,240,58.7624107499401,14.818971568811437,242.5247417053775,33.07223320007324
resnet50,8,3,330,63.51398617268313,19.14382539029972,329.3474452685926,24.40094947814941
resnet50,8,3,420,68.0667677359244,23.34669214717981,413.551746416499,19.46306228637696
resnet50,8,3,510,72.26954846740314,27.025284160316524,494.7713137087508,16.348600387573242
resnet50,8,3,600,76.46796930621142,30.9213592786885,571.5274982025237,14.13273811340332
resnet50,8,3,690,80.08454432348367,34.32362191510684,644.4669725204465,12.550115585327148
resnet50,8,3,780,83.82710809598565,37.14133790550946,712.9737176875991,11.35110855102539
resnet50,8,3,870,87.48207075873827,40.36412380698388,777.015508402553,10.441064834594728
resnet50,8,3,960,91.87829960204662,44.116579724495615,844.6763013084246,9.608745574951172
resnet50,8,3,1050,95.78245033112584,46.22368707132192,909.3320504276044,8.946895599365234
resnet50,8,3,1140,103.78405012816862,51.205890461501966,964.5492193968367,8.42738151550293
resnet50,8,3,1230,116.39034583821804,59.10844310488474,1025.681059893261,7.904291152954102
resnet50,8,3,1320,133.65984615384616,69.75937804858302,1086.4107641153632,7.503032684326172
resnet50,8,3,1410,159.59721444768385,86.16367765869299,1147.901563730616,7.129430770874023
resnet50,8,4,210,60.6272682970209,16.836792261933173,279.2725397728532,28.78713607788086
resnet50,8,4,240,62.541991886196,18.598552705067327,317.6340733234439,25.318145751953125
resnet50,8,4,330,68.31499687330071,23.9448360909173,429.6021684067599,18.752098083496094
resnet50,8,4,420,73.66071258349882,28.94063699475423,534.7017254848256,15.090703964233398
resnet50,8,4,510,78.71573236968901,33.47146806260239,632.4648913724104,12.743473052978516
resnet50,8,4,600,83.40554395604396,37.85893392852104,723.6835935127369,11.216878890991213
resnet50,8,4,690,87.74340793201134,41.98248552363451,808.9932544419556,10.032176971435549
resnet50,8,4,780,92.0061037037037,45.32033351322751,886.7416103521376,9.146928787231444
resnet50,8,4,870,95.84593800782426,48.72799105606987,957.62061766548,8.490800857543945
resnet50,8,4,960,100.62351269035533,52.86179281280432,1036.1211199002255,7.874250411987305
resnet50,8,4,1050,105.31412077453231,55.755357514728416,1111.1930017863751,7.337093353271484
resnet50,8,4,1140,113.78210914216672,61.20394947550008,1174.3680789628297,6.955862045288086
resnet50,8,4,1230,129.50579809220986,72.22389535887655,1248.2264226943792,6.555318832397461
resnet50,8,4,1320,149.1438244488978,85.24335634363464,1318.1932805379247,6.2122344970703125
resnet50,8,4,1410,176.12737615415494,102.69383936516412,1379.8473471512789,5.9566497802734375
resnet50,8,7,210,68.81399387646432,25.0235178413766,414.8699101014976,19.411563873291016
resnet50,8,7,240,71.34560941828255,27.40217023715388,470.6780793245911,17.040729522705078
resnet50,8,7,330,79.66804278782533,35.29788200544191,632.4124182438683,12.797117233276367
resnet50,8,7,420,87.75913600395647,43.03906041521188,784.1299964888235,10.25104522705078
resnet50,8,7,510,94.99995283018868,49.75568852310206,926.628881080966,8.76927375793457
resnet50,8,7,600,101.60802009456263,56.06141006703973,1059.070411446903,7.701635360717773
resnet50,8,7,690,107.5807749019608,61.819852493583966,1180.0873497471125,6.925821304321289
resnet50,8,7,780,113.368420818145,66.6826506276688,1289.2030252503455,6.359100341796875
resnet50,8,7,870,118.97401908566356,71.85607213390917,1390.4767266235558,5.913496017456055
resnet50,8,7,960,126.69729428989751,78.93557441234651,1514.687150416713,5.442619323730469
resnet50,8,7,1050,132.52625966101695,82.96749640121304,1626.8733481295417,5.054950714111328
resnet50,8,7,1140,146.81093997271486,94.2327803060482,1731.8867924041374,4.782199859619141
resnet50,8,7,1230,167.60382785808147,110.32192512474816,1849.1017342379769,4.424571990966797
resnet50,8,7,1320,197.85257556935807,133.95210746409504,1975.71353288054,4.233121871948242
resnet50,8,7,1410,238.726151249156,165.29261446016514,2090.5811727128403,4.023075103759766
resnet50,16,2,210,55.86050336114974,12.070027326062014,179.76227365495615,89.08772468566895
resnet50,16,2,240,57.23711080105056,13.293671619921888,204.6598077506333,78.2630443572998
resnet50,16,2,330,61.387867267240615,17.0177064848572,277.52506660380925,57.75737762451172
resnet50,16,2,420,65.19549746946859,20.475421880724,345.76876817087884,46.38481140136719
resnet50,16,2,510,68.99062392052464,23.746359613438024,406.9841314786221,39.41130638122559
resnet50,16,2,600,71.92996601113173,26.38335598360881,461.5329271019458,34.806013107299805
resnet50,16,2,690,74.76432985232928,29.00340744395245,509.2851865236776,31.55446052551269
resnet50,16,2,780,77.39209057938966,30.70632038891347,551.1693596538665,29.126405715942383
resnet50,16,2,870,79.47455246679317,32.35660551503878,587.4028752106874,27.32992172241211
resnet50,16,2,960,82.48833791806847,34.72661804051746,626.5298423136286,25.66313743591309
resnet50,16,2,1050,85.6367491829204,36.077985923116486,663.7886344494715,24.251937866210938
resnet50,16,2,1140,92.36654552160168,39.78838585493503,691.6568798378571,23.267745971679688
resnet50,16,2,1230,103.15367758530184,45.87177485196853,719.7752819455153,22.35651016235352
resnet50,16,2,1320,115.75465588078764,51.85418777552452,745.6602189253128,21.57449722290039
resnet50,16,2,1410,135.12581599826106,61.69227920927023,769.871633376081,20.91383934020996
resnet50,16,3,210,59.55180001631854,15.761323981230811,254.2225841597541,63.00997734069824
resnet50,16,3,240,61.62671937566777,17.6832801945391,289.50478917823824,55.35030364990234
resnet50,16,3,330,67.19654437538844,22.826383593005023,393.0912743267618,40.75837135314941
resnet50,16,3,420,72.20841667328936,27.48834108454477,493.3055580671387,32.54222869873047
resnet50,16,3,510,77.33328055978674,32.08901625270013,589.7203863008966,27.24790573120117
resnet50,16,3,600,81.6490881663113,36.10247813878839,678.1094118905381,23.72598648071289
resnet50,16,3,690,86.05218770187821,40.29126529350138,761.1572789882714,21.132469177246094
resnet50,16,3,780,90.1214043350281,43.43563414455191,838.1982933077089,19.22297477722168
resnet50,16,3,870,94.223477243544,47.10553029178962,907.3870499830468,17.75383949279785
resnet50,16,3,960,98.59268236022922,50.83096248267821,978.984379147039,16.48092269897461
resnet50,16,3,1050,102.82120149253733,53.2624382327334,1045.834569367424,15.442371368408203
resnet50,16,3,1140,111.90763465965144,59.32947499298479,1102.2171454298475,14.647245407104492
resnet50,16,3,1230,125.48675396680648,68.20485123347318,1163.5621122973394,13.81540298461914
resnet50,16,3,1320,143.4653228576649,79.56485475240174,1220.00483110821,13.241291046142578
resnet50,16,3,1410,169.36356545084243,95.9300286618516,1278.4848522603922,12.659072875976562
resnet50,16,4,210,64.03041432730869,20.23993829222097,347.55266423487893,46.12016677856445
resnet50,16,4,240,66.69946116661295,22.75602198548428,395.2566432724586,40.56096076965332
resnet50,16,4,330,73.76409252669039,29.39393174430697,533.8421436504193,30.042171478271484
resnet50,16,4,420,80.51076048344719,35.79068489470259,661.0790064279299,24.277687072753903
resnet50,16,4,510,86.25623895533317,41.01197464824656,776.418551175682,20.710468292236328
resnet50,16,4,600,91.6242286908078,46.07761866328488,879.4248770589469,18.247604370117188
resnet50,16,4,690,96.22322794571252,50.462305537335695,973.4421597523808,16.54362678527832
resnet50,16,4,780,100.7332335753176,54.04746338484141,1057.7925547939235,15.275955200195312
resnet50,16,4,870,104.8367986589344,57.71885170718001,1134.0724362796943,14.148950576782228
resnet50,16,4,960,109.85826001149644,62.09654013394544,1215.906739117285,13.22340965270996
resnet50,16,4,1050,114.25138647874918,64.69262321894527,1290.970719842146,12.54725456237793
resnet50,16,4,1140,124.07100398936171,71.49284432269506,1353.0319585923276,11.882543563842772
resnet50,16,4,1230,138.76440238515903,81.48249965182572,1416.976201728885,11.397123336791992
resnet50,16,4,1320,158.1222201691897,94.22175206392654,1475.131380219511,10.920286178588867
resnet50,16,4,1410,186.88248485523383,113.44894806624302,1532.5600153359078,10.558843612670898
resnet50,16,7,210,74.42550742574257,30.63503139065484,518.055720873615,30.98320960998535
resnet50,16,7,240,78.18463784712283,34.24119866599416,588.5483569274351,27.335166931152344
resnet50,16,7,330,89.2606755383175,44.890514755934085,793.7801382409076,20.277976989746094
resnet50,16,7,420,98.77171645810232,54.051640869357726,986.3393508817456,16.318321228027344
resnet50,16,7,510,108.0645994009734,62.8203350938868,1164.0875479600677,13.91148567199707
resnet50,16,7,600,116.02536890848953,70.4787588809666,1325.5716517111252,12.20560073852539
resnet50,16,7,690,123.15666086137917,77.39573845300234,1471.4956749223115,11.046171188354492
resnet50,16,7,780,129.93165016968325,83.24587997920707,1602.6558159148483,10.121583938598633
resnet50,16,7,870,136.64691032295272,89.52896337119833,1721.4768505156912,9.44209098815918
resnet50,16,7,960,144.40551365638763,96.64379377883664,1860.8719945323653,8.66079330444336
resnet50,16,7,1050,152.0844090477697,102.5256457879658,1986.0346638905708,8.203268051147461
resnet50,16,7,1140,167.74846432794638,115.17030466127972,2100.0125123560883,7.674455642700195
resnet50,16,7,1230,190.03195594713657,132.75005321380326,2219.995062569334,7.368087768554687
resnet50,16,7,1320,221.50900729335493,157.6085391880918,2339.641777557852,6.974697113037109
resnet50,16,7,1410,262.6651575178998,189.2316207289089,2453.709207045182,6.64973258972168
resnet50,32,2,210,56.89513644726592,13.104660412178196,207.2056403799758,154.56533432006836
resnet50,32,2,240,58.65287588946199,14.70943670833332,235.8460423267697,135.79130172729492
resnet50,32,2,330,63.21456571037211,18.8444049279887,319.574015816697,100.236177444458
resnet50,32,2,420,67.40847732545205,22.688401736707466,397.1151604233752,80.657958984375
resnet50,32,2,510,71.08624579467451,25.84198148758789,465.4100285510844,68.83502006530762
resnet50,32,2,600,74.43035728236028,28.88374725483736,524.533247466363,61.10334396362305
resnet50,32,2,690,77.44983064403627,31.68890823565944,575.4110641204485,55.695533752441406
resnet50,32,2,780,79.98932193297574,33.30355174249955,619.4536754626082,51.752567291259766
resnet50,32,2,870,82.12460649235426,35.00665954059987,656.8853218767174,48.81596565246582
resnet50,32,2,960,85.1194662822625,37.35774640471149,696.811298429403,46.02479934692383
resnet50,32,2,1050,88.27882243740332,38.72005917759941,733.5984532441696,43.71953010559082
resnet50,32,2,1140,95.18674587628864,42.608586209622,761.0310089309609,42.13571548461914
resnet50,32,2,1230,105.42202131938858,48.14011858605527,787.9465259450894,40.76051712036133
resnet50,32,2,1320,117.64275970079476,53.74229159553162,810.7352025235808,39.5655632019043
resnet50,32,2,1410,137.5433125493771,64.10977576038627,832.7263689701917,38.53487968444824
resnet50,32,3,210,61.79295188840387,18.002475853316145,298.5788938478355,107.28645324707033
resnet50,32,3,240,63.987942907189975,20.044503726061308,339.9789168088228,94.19894218444824
resnet50,32,3,330,70.52236050007332,26.152199717689903,461.56185759154187,69.39816474914551
resnet50,32,3,420,76.55874550271929,31.83866991397469,578.6927949233667,55.376291275024414
resnet50,32,3,510,81.97200600895881,36.7277417018722,690.0103744548602,46.462059020996094
resnet50,32,3,600,87.00387419686456,41.45726416934164,790.2377235250327,40.566444396972656
resnet50,32,3,690,91.70263327045345,45.94171086207661,882.6405418048698,36.3304615020752
resnet50,32,3,780,96.14603692378256,49.46026673330638,965.5293757546756,33.23221206665039
resnet50,32,3,870,100.3945541584484,53.276607206694,1040.6042257290585,30.869245529174805
resnet50,32,3,960,104.76092374227714,56.99920386472613,1116.8678836368144,28.77736091613769
resnet50,32,3,1050,109.05014743833016,59.49138417852626,1186.4255783506037,27.076244354248047
resnet50,32,3,1140,118.56779672630375,65.98963705963712,1242.9240952913212,25.885343551635746
resnet50,32,3,1230,132.59107216594307,75.30916943260976,1302.177524689377,24.619340896606445
resnet50,32,3,1320,151.15570289996106,87.25523479469791,1355.897998275479,23.737192153930664
resnet50,32,3,1410,177.52966712357653,104.0961303345857,1409.1262490353956,22.82905578613281
resnet50,32,4,210,67.13965161797974,23.349175582892013,413.0675599087379,77.53992080688477
resnet50,32,4,240,69.87945149366325,25.936012312534583,469.83470629290673,68.17865371704102
resnet50,32,4,330,81.40379467543814,37.03363389305472,633.5988210991478,50.58050155639648
resnet50,32,4,420,85.14202906796957,40.42195347922498,780.1070089305485,41.11886024475098
resnet50,32,4,510,91.78183070662227,46.537566399535656,908.7964605658478,35.309791564941406
resnet50,32,4,600,97.20169787644788,51.65508784892495,1020.6495433686108,31.469106674194336
resnet50,32,4,690,101.99266734513272,56.2317449367559,1118.693602136791,28.733253479003903
resnet50,32,4,780,106.6490771496437,59.96330695916751,1204.556776674992,26.65925025939941
resnet50,32,4,870,110.71291933620418,63.59497238444979,1282.2515579728824,25.07853507995605
resnet50,32,4,960,115.97499473231564,68.21327485476462,1361.6807318440556,23.60057830810547
resnet50,32,4,1050,120.24547796889726,70.68671470909335,1432.6571621263067,22.44877815246582
resnet50,32,4,1140,130.26256909518216,77.68440942851551,1490.4370071201804,21.62384986877441
resnet50,32,4,1230,145.15346690960385,87.87156417627054,1546.8879802717847,20.760297775268555
resnet50,32,4,1320,165.36928911404334,101.4688210087802,1596.1734904292975,20.163774490356445
resnet50,32,4,1410,194.6282596108211,121.19472282183024,1643.8226432190254,19.58918571472168
resnet50,32,7,210,82.5140831819833,38.72360714689557,652.6259347013238,49.097537994384766
resnet50,32,7,240,87.57692616110305,43.63348697997438,741.6342221527715,43.26677322387695
resnet50,32,7,330,101.31281056495372,56.94264978257031,999.8860302833148,32.10139274597168
resnet50,32,7,420,113.38740383285588,68.66732824411127,1238.0392666268815,25.954008102416992
resnet50,32,7,510,124.6856063566804,79.44134204959377,1453.178804354921,22.11761474609375
resnet50,32,7,600,134.48148618710798,88.93487615958504,1645.340920483184,19.580602645874023
resnet50,32,7,690,143.33124884151994,97.57032643314312,1810.1211646932368,17.791271209716797
resnet50,32,7,780,151.0738347812597,104.38806459078351,1950.5057898482703,16.521930694580078
resnet50,32,7,870,158.2201402901418,111.1021933383874,2081.815242710678,15.500545501708984
resnet50,32,7,960,166.22634421148587,118.46462433393486,2225.0722188822456,14.48512077331543
resnet50,32,7,1050,174.83607256703544,125.27730930723152,2362.537602313784,13.683795928955078
resnet50,32,7,1140,193.0320461508248,140.45388648415815,2476.233018689105,13.069391250610352
resnet50,32,7,1230,218.20786527684373,160.92596254351042,2593.0538972294507,12.45570182800293
resnet50,32,7,1320,251.7667188898836,187.8662507846205,2702.789789135583,11.97504997253418
resnet50,32,7,1410,297.20069239373606,223.76715560474523,2801.047910589129,11.603832244873049
gpt,1,7,1410,174.9010500605571,101.46751327156628,0.2217290079527577,4526.850461959839
gpt,1,4,1410,150.6656312612172,77.23209447222635,0.1954441408297105,5117.773771286011
gpt,1,3,1410,150.2656970139565,76.83216022496566,0.1949814940805917,5129.398107528687
gpt,1,2,1410,119.9289085348092,46.495371745818375,0.1206632508185863,8288.570880889893
gpt,1,7,1320,153.97291275415895,90.0724446488958,0.2206407566009099,4537.868499755859
gpt,1,4,1320,131.728148519657,67.82768041439385,0.1936334543087946,5165.250301361084
gpt,1,3,1320,131.7937395866968,67.89327148143366,0.1931970695132923,5176.982402801514
gpt,1,2,1320,105.90160502260171,42.00113691733858,0.1188461681036306,8415.469646453857
gpt,1,7,1230,140.19886717495984,82.91696444162653,0.2225652928055898,4499.862194061279
gpt,1,4,1230,119.37920921501708,62.09730648168376,0.1888086544862575,5297.636985778809
gpt,1,3,1230,118.99398226553762,61.71207953220432,0.1910909083881864,5233.7822914123535
gpt,1,2,1230,96.36134113215029,39.079438398816976,0.113795456192889,8789.03841972351
gpt,1,7,1140,130.63750372439478,78.05934405772813,0.2217504516756359,4512.465238571167
gpt,1,4,1140,108.86022108527132,56.28206141860467,0.1781930631821642,5612.385988235474
gpt,1,3,1140,108.4348391256487,55.85667945898204,0.1799324399226488,5558.502912521362
gpt,1,2,1140,87.842088876415,35.263929209748355,0.1103057590866012,9066.302061080933
gpt,1,7,1050,123.18136979969184,73.62260653988793,0.2295668519567331,4366.660594940186
gpt,1,4,1050,100.92564114902304,51.366877889219126,0.1737817135459456,5756.187438964844
gpt,1,3,1050,100.2108547211896,50.65209146138568,0.1770188524602646,5650.149583816528
gpt,1,2,1050,81.65756009685231,32.0987968370484,0.1106195341634926,9041.335821151732
gpt,1,7,960,122.12912220961029,74.36740233205927,0.2252748302103072,4453.078269958496
gpt,1,4,960,97.04996792834442,49.288248050793406,0.1643417650458392,6086.034536361694
gpt,1,3,960,96.54532689832688,48.78360702077588,0.168208231991721,5946.26784324646
gpt,1,2,960,79.6535108209296,31.891790943378588,0.1089709040563477,9177.629709243774
gpt,1,7,870,119.51719644527596,72.39924949352157,0.2219286091695614,4509.928941726685
gpt,1,4,870,94.01635443701664,46.898407485262254,0.15599777405005,6411.03458404541
gpt,1,3,870,93.04994214174565,45.931995189991255,0.1587995558086772,6297.959566116333
gpt,1,2,870,77.69561004235791,30.57766309060352,0.1018904321676506,9816.474437713625
gpt,1,7,780,115.69510050628163,69.00933031580544,0.2027423842395607,4932.852268218994
gpt,1,4,780,91.07385732780942,44.38808713733323,0.1539301658311256,6497.316122055054
gpt,1,3,780,90.27309033719176,43.58732014671556,0.1448695002259147,6903.68390083313
gpt,1,2,780,76.54067510585745,29.85490491538125,0.1006282914425387,9938.881158828735
gpt,1,7,690,111.0880873801917,65.32716497181488,0.1890612352858886,5290.028095245361
gpt,1,4,690,87.94209493192133,42.1811725235445,0.1442725365915542,6932.063102722168
gpt,1,3,690,86.80945076536442,41.04852835698759,0.1361786780864266,7344.033002853394
gpt,1,2,690,75.20070630512905,29.439783896752218,0.097411504192917,10268.077611923218
whisper,2,2,210,49.64050242007388,5.850026384986154,0.624947245029463,3202.7153968811035
whisper,2,2,240,50.55893532123307,6.615496140104405,0.7082868822538934,2827.6500701904297
whisper,2,2,330,53.26812483937926,8.897964056995846,0.9511684856608,2106.9486141204834
whisper,2,2,420,55.87512980946527,11.15505422072068,1.1813783793102246,1695.6019401550293
whisper,2,2,510,58.31061161651505,13.06634730942843,1.396796478654892,1439.4481182098389
whisper,2,2,600,60.628921225734,15.082311198211078,1.6050809091381146,1250.5900859832764
whisper,2,2,690,62.845421462488126,17.084499054111298,1.7940163258709003,1119.835376739502
whisper,2,2,780,64.9224238658777,18.23665367540152,1.9799738695436528,1015.6145095825196
whisper,2,2,870,67.32424474789916,20.206297796144767,2.155917569937852,929.0790557861328
whisper,2,2,960,69.54706310110251,21.7853432235515,2.3186598215399283,869.0519332885742
whisper,2,2,1050,72.05314553550504,22.494382275701128,2.4910990348088813,805.0549030303955
whisper,2,2,1140,77.35341545432864,24.77525578766199,2.645528362467884,763.2222175598145
whisper,2,2,1230,85.250645859239,27.96874312590569,2.7782927727461946,726.8617153167725
whisper,2,2,1320,97.33165007898894,33.431181973725806,2.936250665666426,686.4902973175049
whisper,2,2,1410,113.7165383917775,40.28300160278667,3.0503218259907348,662.5006198883057
whisper,2,3,210,52.037816516844494,8.247340481756769,0.8350073562817748,2399.144172668457
whisper,2,3,240,53.30872496025437,9.365285779125706,0.943003010333523,2126.0855197906494
whisper,2,3,330,56.83334853667807,12.463187754294651,1.2577193791419925,1593.9626693725586
whisper,2,3,420,59.97377459606463,15.253699007320035,1.5436680636978748,1301.8977642059326
whisper,2,3,510,63.0242536259542,17.779989318867578,1.8183546624662164,1103.69873046875
whisper,2,3,600,65.8773390858209,20.33072905829799,2.083680029281084,963.3908271789552
whisper,2,3,690,68.73823027077066,22.97730786239383,2.324619801874389,868.0992126464844
whisper,2,3,780,71.2911244949495,24.60535430447331,2.548302615966265,792.4296855926514
whisper,2,3,870,73.93264101787338,26.81469406611899,2.7681230113807542,728.5456657409668
whisper,2,3,960,76.59119904220293,28.82947916465192,2.9693596471552013,678.3881187438965
whisper,2,3,1050,80.11857535064159,30.55981209083768,3.175755186071872,638.5209560394287
whisper,2,3,1140,85.55673548972189,32.97857582305524,3.3477231361936566,602.2942066192627
whisper,2,3,1230,95.31247473784556,38.03057200451225,3.540382381021914,570.8470344543457
whisper,2,3,1320,109.16781938035597,45.26735127509283,3.7261411879505646,540.2007102966309
whisper,2,3,1410,128.37938870094723,54.9458519119564,3.894565178150536,520.9898948669434
whisper,2,4,210,53.15735267945422,9.366876644366496,0.9834014061630236,2038.6934280395508
whisper,2,4,240,54.51953390682605,10.57609472569738,1.1095332226779815,1809.051275253296
whisper,2,4,330,58.41132441569896,14.04116363331554,1.4718154074969707,1364.4516468048096
whisper,2,4,420,62.14302870090635,17.422953112161757,1.8089651239249045,1106.8503856658936
whisper,2,4,510,64.83199306518725,19.58772875810063,2.10425820621789,953.7432193756104
whisper,2,4,600,68.07294800569801,22.526337978175093,2.4033180942456887,839.3571376800537
whisper,2,4,690,70.73121831195944,24.97029590358261,2.660045759491364,758.2252025604248
whisper,2,4,780,73.64219698314108,26.956426792664885,2.889021476072353,699.5689868927002
whisper,2,4,870,75.78710978227538,28.66916283052099,3.0992361874934207,647.56178855896
whisper,2,4,960,79.52234121306375,31.760621335512745,3.362650166342512,598.8075733184814
whisper,2,4,1050,82.95276900584795,33.394005746044044,3.587017245477838,562.7877712249756
whisper,2,4,1140,88.73554658176944,36.15738691510279,3.7656835772629313,535.3848934173584
whisper,2,4,1230,99.12518897306396,41.84328623973066,3.9918754376920735,505.9938430786133
whisper,2,4,1320,112.16538133445944,48.26491322919632,4.127386354838102,489.443302154541
whisper,2,4,1410,134.6076370182126,61.17410022922178,4.35661478090179,460.8991146087647
whisper,2,7,210,57.49869057178458,13.708214536696854,1.3192136042569351,1520.965337753296
whisper,2,7,240,59.22525368117798,15.281814500049316,1.4791135092940118,1358.2172393798828
whisper,2,7,330,63.94166866886262,19.571507886479203,1.9271011365631288,1042.5004959106443
whisper,2,7,420,68.31110706787963,23.59103147913504,2.337812027629264,860.3920936584473
whisper,2,7,510,72.31609658246656,27.07183227537994,2.703487709168812,744.2536354064941
whisper,2,7,600,75.77646566265061,30.22985563512769,3.0160776423345785,667.9465770721436
whisper,2,7,690,79.25763990749918,33.496717499122354,3.330378452053514,606.1944961547852
whisper,2,7,780,81.57249685798074,34.88672666750455,3.5767284656217053,563.8468265533447
whisper,2,7,870,85.07669398907103,37.95874703731664,3.8532048582617175,521.0614204406738
whisper,2,7,960,87.24249018789143,39.480770310340425,4.075406540920694,498.0368614196777
whisper,2,7,1050,92.07414841437632,42.515385154572414,4.358292287149663,462.8171920776367
whisper,2,7,1140,99.76594353448276,47.18778386781611,4.577650606749585,440.4258728027344
whisper,2,7,1230,113.04443788819876,55.76253515486546,4.761234959393662,426.2278079986572
whisper,2,7,1320,127.45147743136344,63.551009326100285,5.026142073249573,402.6174545288086
whisper,2,7,1410,146.59969249049428,73.16615570150344,5.16780096029609,392.017126083374
whisper,4,2,210,49.67347702329533,5.883000988207608,0.7009075817069726,5711.96436882019
whisper,4,2,240,50.61517920019608,6.671740019067407,0.7952960288023891,5034.239053726196
whisper,4,2,330,53.41651215136193,9.046351368978511,1.0697979101056223,3746.0708618164062
whisper,4,2,420,56.03162051350988,11.311544924765286,1.3322254027689495,3096.090316772461
whisper,4,2,510,58.66276651633832,13.418502209251706,1.5847428301261324,2527.886152267456
whisper,4,2,600,61.09410794986735,15.547497922344432,1.824120875354775,2198.826789855957
whisper,4,2,690,63.5220220971867,17.76109968880987,2.0538682465661213,1951.920747756958
whisper,4,2,780,65.54273931672117,18.856969126244977,2.266805939203164,1770.111322402954
whisper,4,2,870,68.07580646355002,20.95785951179564,2.472473385788492,1622.8423118591309
whisper,4,2,960,70.51772144812142,22.75600157057041,2.6685404562225763,1503.5667419433594
whisper,4,2,1050,73.32699844357977,23.768235183775857,2.865385234565029,1405.8456420898438
whisper,4,2,1140,78.40572905027933,25.827569383612683,3.041222586120516,1323.0125904083252
whisper,4,2,1230,86.89190465216765,29.610001918834342,3.2145854530907814,1249.8526573181152
whisper,4,2,1320,98.77788373601426,34.87741563075112,3.3850490693438178,1184.5190525054932
whisper,4,2,1410,116.58493352788588,43.15139673889503,3.5429693956090063,1136.9225978851318
whisper,4,3,210,52.29042493835517,8.499948903267448,0.9554248219309694,4190.848112106323
whisper,4,3,240,53.523030863503486,9.57959168237482,1.0809961738150755,3704.087257385254
whisper,4,3,330,57.14851394654431,12.778353164160896,1.4448138283477414,2771.10242843628
whisper,4,3,420,60.54841559028092,15.828340001536326,1.786284847917004,2245.899438858032
whisper,4,3,510,63.11433927785117,17.870074970764556,2.1095445882438377,1899.6913433074951
whisper,4,3,600,66.14059916132216,20.59398913379924,2.414971234359236,1661.67950630188
whisper,4,3,690,68.95556457667176,23.194642168294934,2.7031276561468163,1486.5024089813232
whisper,4,3,780,71.44720567063318,24.76143548015699,2.9636373393034403,1354.9113273620603
whisper,4,3,870,74.19846453900709,27.0805175872527,3.2295805425823345,1243.535757064819
whisper,4,3,960,77.05286654356219,29.29114666601118,3.469251122706095,1160.761117935181
whisper,4,3,1050,80.53264910199933,30.97388584219541,3.717107665300931,1081.674575805664
whisper,4,3,1140,87.45383102335295,34.8756713566863,3.9353182650778993,1023.4076976776124
whisper,4,3,1230,98.11794567289364,40.83604293956033,4.150128414604864,969.0790176391602
whisper,4,3,1320,111.27853658070678,47.37806847544365,4.3546824248370255,923.7105846405028
whisper,4,3,1410,130.93054000788334,57.4970032188925,4.547648981401816,884.4273090362549
whisper,4,4,210,55.21822720403023,11.427751168942503,1.2340515963503431,3246.685028076172
whisper,4,4,240,56.86431546080964,12.920876279680977,1.391786120051106,2878.655195236206
whisper,4,4,330,61.475987892791125,17.10582711040771,1.8438704017473384,2175.772428512573
whisper,4,4,420,65.63636468590832,20.916289097163727,2.259596584628649,1774.2226123809814
whisper,4,4,510,69.2526146382035,24.00835033111688,2.643283000360744,1519.7813510894775
whisper,4,4,600,72.89118305284913,27.344573025326213,2.9971628664558776,1340.5053615570068
whisper,4,4,690,76.33361822376008,30.572695815383256,3.3325155860782183,1205.6686878204346
whisper,4,4,780,79.48452845220031,32.79875826172412,3.630362696369756,1108.1788539886477
whisper,4,4,870,82.42518977536794,35.30724282361355,3.894312545464881,1038.3553504943848
whisper,4,4,960,85.21802582159624,37.45630594404523,4.190898140898854,959.7468376159668
whisper,4,4,1050,89.21575736778361,39.6569941079797,4.441513253456344,906.7592620849608
whisper,4,4,1140,96.88028586343704,44.3021261967704,4.711117658723112,852.9074192047119
whisper,4,4,1230,108.99420387217168,51.71230113883837,4.953639263502031,812.0756149291992
whisper,4,4,1320,124.55224895688455,60.65178085162143,5.17105950997628,777.4932384490967
whisper,4,4,1410,147.64960096881623,74.2160641798254,5.344792430966605,754.7562122344971
whisper,4,7,210,59.95796110254783,16.167485067460102,1.755443183386933,2283.7300300598145
whisper,4,7,240,61.952869332805385,18.009430151676717,1.969544054085508,2038.9697551727293
whisper,4,7,330,67.71759881550147,23.34743803311806,2.5669049806648463,1563.2154941558838
whisper,4,7,420,72.6317218394488,27.91164625070421,3.094359877716574,1298.6459732055664
whisper,4,7,510,77.15976122797044,31.91549692088381,3.575833977246556,1122.948408126831
whisper,4,7,600,81.27655830177397,35.72994827425106,4.01068650957734,1001.3668537139891
whisper,4,7,690,84.94277795861427,39.18185555023744,4.398496664214373,919.1656112670898
whisper,4,7,780,87.90703671452106,41.221266524044864,4.748334949874763,849.2956161499023
whisper,4,7,870,90.95814428108646,43.84019732933207,5.053991642539994,805.8125972747803
whisper,4,7,960,94.08608769829392,46.324367820742914,5.374849106826399,747.6601600646973
whisper,4,7,1050,99.26643933933934,49.70767607953543,5.682746146147144,708.8110446929932
whisper,4,7,1140,107.29009728096678,54.711937614300126,5.980881318233867,671.3488101959229
whisper,4,7,1230,118.90206545128513,61.6201627179518,6.22289812906787,647.8583812713623
whisper,4,7,1320,134.9625914764079,71.06212337114476,6.477000062371738,637.4633312225342
whisper,4,7,1410,156.61335286704474,83.1798160780539,6.67014711578036,611.7651462554932
whisper,8,2,210,49.93019557794881,6.139719542861083,0.7292260719065806,10977.764368057253
whisper,8,2,240,50.92595128151261,6.982512100383943,0.8273656407528258,9674.036979675291
whisper,8,2,330,53.75701832848755,9.386857546104132,1.112778741060419,7200.521230697632
whisper,8,2,420,56.55555836616215,11.835482777417552,1.3858967168503042,5782.616376876831
whisper,8,2,510,59.20008028597256,13.955815978885935,1.6470999319773274,4866.727352142334
whisper,8,2,600,61.793817393410855,16.247207365887938,1.897779021958119,4223.00386428833
whisper,8,2,690,64.2457392164199,18.48481680804308,2.138508132965357,3754.739284515381
whisper,8,2,780,66.52511478043556,19.839344589959367,2.362793198640664,3396.573066711426
whisper,8,2,870,68.97747309247094,21.85952614071656,2.580977062785861,3105.963706970215
whisper,8,2,960,71.75025666868238,23.988536791131374,2.7874188177628896,2896.3427543640137
whisper,8,2,1050,74.6138241350906,25.055060875286685,2.9905271561636653,2694.6489810943604
whisper,8,2,1140,79.94833722775134,27.370177561084688,3.185224104020497,2524.650812149048
whisper,8,2,1230,89.36885821298942,32.08695547965611,3.381372381715108,2375.2782344818115
whisper,8,2,1320,101.78699686618614,37.88652876092301,3.5529130785616645,2274.364471435547
whisper,8,2,1410,119.40684628324256,45.97330949425172,3.719223442616405,2160.346984863281
whisper,8,3,210,52.988902198875486,9.198426163787762,1.0461534570932425,7656.646728515625
whisper,8,3,240,54.3103185440058,10.366879362877128,1.1831414706940795,6774.59979057312
whisper,8,3,330,58.27222590277501,13.902065120391596,1.5802295318222304,5066.851139068604
whisper,8,3,420,61.85599844077377,17.135922852029175,1.9506816883151816,4122.830867767334
whisper,8,3,510,65.30036746086556,20.056103153778945,2.306240259251884,3474.720239639282
whisper,8,3,600,67.80319528257509,22.256585255052173,2.633384538507067,3048.4399795532227
whisper,8,3,690,70.89296070061819,25.13203829224136,2.949212681888619,2729.6388149261475
whisper,8,3,780,73.67869225628603,26.99292206580984,3.237860790499301,2479.4933795928955
whisper,8,3,870,76.49096996642773,29.373023014673336,3.526051831395069,2278.0601978302
whisper,8,3,960,79.4963426956046,31.734622818053587,3.7760539869242047,2128.1588077545166
whisper,8,3,1050,83.04685329038196,33.48809003057805,4.022716669765008,2019.4544792175293
whisper,8,3,1140,90.46278270864568,37.88462304197903,4.275224040502763,1879.396677017212
whisper,8,3,1230,101.30683428228949,44.02493154895616,4.500554974565123,1787.0125770568848
whisper,8,3,1320,116.00721361332369,52.10674550806053,4.718043353482309,1706.5889835357666
whisper,8,3,1410,136.70862391566928,63.27508712667844,4.947160599620581,1620.9566593170166
whisper,8,4,210,55.37913860474632,11.588662569658592,1.3560961653357282,5910.035848617554
whisper,8,4,240,57.00386268863034,13.060423507501676,1.530467642046306,5241.89567565918
whisper,8,4,330,61.57422070123658,17.20405991885316,2.0288012914120768,3950.459480285645
whisper,8,4,420,65.8406577007874,21.12058211204281,2.4852390779507547,3226.8545627593994
whisper,8,4,510,69.88705053210744,24.64278622502082,2.909900460484735,2759.8876953125
whisper,8,4,600,73.51239121756487,27.96578119004195,3.312310668083631,2426.7146587371826
whisper,8,4,690,76.89191291372762,31.130990505350795,3.675081478499649,2182.453155517578
whisper,8,4,780,80.10231445544555,33.41654426496936,4.020686032698558,1994.8554039001465
whisper,8,4,870,82.86727752870422,35.74933057694983,4.334365454651476,1854.086637496948
whisper,8,4,960,85.58860780585998,37.82688792830897,4.637912619976213,1732.6431274414062
whisper,8,4,1050,89.54494251723371,39.9861792574298,4.926868137259775,1628.650188446045
whisper,8,4,1140,97.5631775754782,44.98501790881156,5.183793774017241,1552.3653030395508
whisper,8,4,1230,109.61241976672804,52.33051703339474,5.445693132478944,1477.917194366455
whisper,8,4,1320,127.51569892020756,63.615230814944425,5.696495709472123,1410.68434715271
whisper,8,4,1410,149.90240835654595,76.46887156755511,5.919171875014554,1360.8119487762451
whisper,8,7,210,64.31952930813581,20.52905327304809,2.10868781921411,3802.874565124512
whisper,8,7,240,66.8943210742083,22.95088189307964,2.360959745460829,3395.416259765625
whisper,8,7,330,73.80349648132395,29.43333569894053,3.0588488077648943,2622.2548484802246
whisper,8,7,420,80.07159462681092,35.35151903806633,3.678314259727848,2180.437088012696
whisper,8,7,510,85.32996550587718,40.08570119879057,4.230273049351517,1908.3986282348635
whisper,8,7,600,89.82470022069643,44.27809019317351,4.728159029379983,1696.7153549194336
whisper,8,7,690,94.22846372724943,48.467541318872605,5.171782774911341,1553.5683631896973
whisper,8,7,780,96.92857305555556,50.24280286507936,5.555928293556728,1445.7578659057615
whisper,8,7,870,101.46398050625544,54.34603355450106,5.950023693038991,1350.6004810333252
whisper,8,7,960,103.98405545760538,56.22233558005437,6.269051827142768,1284.4905853271484
whisper,8,7,1050,107.95267271559338,58.39390945578947,6.606930575824963,1216.456651687622
whisper,8,7,1140,118.33723654527876,65.75907687861212,6.898418045799009,1309.2155456542969
whisper,8,7,1230,129.77383505549176,72.49193232215845,7.176540170407034,1132.0369243621826
whisper,8,7,1320,152.57006405279503,88.66959594753189,7.459352520886785,1078.3543586730957
whisper,8,7,1410,166.48235892362484,93.048822134634,7.559494851111725,1071.2890625
whisper,16,2,210,50.117453988637706,6.326977953549981,0.7709130766722513,20771.67701721192
whisper,16,2,240,51.128013660654645,7.184574479525978,0.8744178539189729,18341.118812561035
whisper,16,2,330,54.063742232072,9.693581449688589,1.1772535785661375,13605.084896087646
whisper,16,2,420,56.95700523492655,12.236929646181956,1.466281992534146,10937.88480758667
whisper,16,2,510,59.69129717756969,14.44703287048307,1.743040308196727,9205.976247787476
whisper,16,2,600,64.3,20.4,2.032583274983748,7980.258329473482
whisper,16,2,690,64.88553162566004,19.124609217283208,2.2648146334510857,7080.415487289429
whisper,16,2,780,67.32864968489027,20.642879494414075,2.5009466453850577,6415.069341659546
whisper,16,2,870,69.919729629507,22.80178267775261,2.727251835758468,5894.536018371582
whisper,16,2,960,72.55147835512733,24.78975847757632,2.942444221342607,5455.744028091431
whisper,16,2,1050,75.64549507199648,26.086731812192568,3.1613976343358985,5080.92474937439
whisper,16,2,1140,81.19427755412079,28.616117887454138,3.362278416139511,4774.177551269531
whisper,16,2,1230,89.83545757301067,32.55355483967736,3.541308728408259,4559.205055236816
whisper,16,2,1320,102.55233764109276,38.651869535829626,3.7340017697275742,4304.622650146484
whisper,16,2,1410,121.60984479904936,48.17630801005852,3.9289137074240665,4091.480493545532
whisper,16,3,210,53.03917575757576,9.24869972248803,1.1167770387504925,14346.926212310793
whisper,16,3,240,54.40644708330686,10.463007902178193,1.263329143437235,12692.491292953491
whisper,16,3,330,58.38651347068146,14.016352688298042,1.6865671395199238,9504.508972167969
whisper,16,3,420,61.995989262592765,17.275913673848173,2.0822907960048846,7701.797246932983
whisper,16,3,510,65.42698523760141,20.1827209305148,2.4554744817002216,6526.353597640991
whisper,16,3,600,68.00138287651879,22.45477284899588,2.809887664902615,5708.95791053772
whisper,16,3,690,71.10423683383117,25.34331442545433,3.1410372828948816,5109.6930503845215
whisper,16,3,780,73.92895547325811,27.243185282781923,3.456404438373664,4644.805431365967
whisper,16,3,870,76.7698567463805,29.651909794626107,3.750953542793784,4277.466058731079
whisper,16,3,960,79.78594438215939,32.02422450460838,4.031836026712679,3990.389108657837
whisper,16,3,1050,83.4058784936166,33.84711523381269,4.306259667559391,3742.420911788941
whisper,16,3,1140,91.29187657870418,38.713716912037526,4.559964293414288,3520.1730728149414
whisper,16,3,1230,101.05823810545512,43.77633537212182,4.779907012275905,3360.1937294006348
whisper,16,3,1320,116.14299532350353,52.24252721824039,5.026574942657164,3211.491823196411
whisper,16,3,1410,137.84803289660258,64.41449610761174,5.238464866293762,3078.9620876312256
whisper,16,4,210,55.6208091433882,11.830333108300476,1.4282631329212323,11221.480369567871
whisper,16,4,240,57.29690276403723,13.35346358290856,1.610732466512004,9949.525117874146
whisper,16,4,330,62.011437625047314,17.6412768426639,2.1292027587132414,7535.762786865234
whisper,16,4,420,66.21954273066632,21.499467141921727,2.609466909587483,6142.299175262451
whisper,16,4,510,70.42515845337377,25.18089414628715,3.0522278027971708,5260.198593139648
whisper,16,4,600,74.05985344199014,28.513243414467222,3.461255533040343,4640.407562255859
whisper,16,4,690,77.55598214285715,31.79505973448032,3.840410226436915,4179.48317527771
whisper,16,4,780,80.99898268144517,34.31321249096898,4.194519981076976,3831.900119781494
whisper,16,4,870,82.81411226154971,35.69616530979532,4.523164228535407,3553.880214691162
whisper,16,4,960,86.21562830593281,38.4539084283818,4.830663100894077,3333.5494995117188
whisper,16,4,1050,90.04843151947665,40.48966825967274,5.132886359642092,3133.3913803100586
whisper,16,4,1140,98.83622205383122,46.25806238716457,5.411792119983431,2982.3522567749023
whisper,16,4,1230,111.64709198697068,54.36518925363737,5.6756850478793455,2837.1007442474365
whisper,16,4,1320,129.0356686207129,65.13520051544975,5.954777206513717,2699.4104385375977
whisper,16,4,1410,151.28374706433254,77.85021027534171,6.18199274875257,2604.28786277771
whisper,16,7,210,64.10085666099607,20.310380625908348,2.316691215977272,6921.344041824341
whisper,16,7,240,66.59272413223141,22.649284951102743,2.5940528934166123,6185.265779495239
whisper,16,7,330,72.57310467734399,28.202943894960576,3.349328287803689,4792.154550552368
whisper,16,7,420,78.2944698256139,33.57439423686931,4.0088113240969765,4007.3397159576416
whisper,16,7,510,83.13029936630078,37.88603505921416,4.607562513570431,3486.5729808807373
whisper,16,7,600,88.12251430383762,42.5759042763147,5.135289993717072,3130.1517486572266
whisper,16,7,690,92.2557217000691,46.494799291692274,5.595479583074267,2873.065948486328
whisper,16,7,780,95.93337778762368,49.24760759714749,6.009101563828938,2676.4748096466064
whisper,16,7,870,99.26204500155714,52.14409804980275,6.408894142439569,2514.7266387939453
whisper,16,7,960,102.77973079492318,55.01801091737217,6.776888126362014,2380.329132080078
whisper,16,7,1050,106.64637458815578,57.08761132835187,7.133693721182381,2257.646083831787
whisper,16,7,1140,117.20164575210808,64.62348608544143,7.443566671643474,2164.6294593811035
whisper,16,7,1230,130.49598534631838,73.21408261298507,7.748656190424702,2081.3162326812744
whisper,16,7,1320,148.80602475791153,84.90555665264839,8.012204028996461,2019.3517208099363
whisper,16,7,1410,169.3972016452442,95.96366485625336,8.185218897851755,1975.0816822052
whisper,32,2,210,50.10345039638218,6.3129743612944536,0.7906259483213517,40505.74684143066
whisper,32,2,240,51.15562393470713,7.2121847535784624,0.8971440743017166,35702.48866081238
whisper,32,2,330,54.06667219408037,9.696511411696951,1.20770464344754,26524.38402175904
whisper,32,2,420,56.95464547521686,12.234569886472263,1.5048505243446548,21320.156574249268
whisper,32,2,510,59.70600165697319,14.461737349886567,1.789142717499384,17918.095111846924
whisper,32,2,600,62.429075463732886,16.88246543620997,2.0620831646177016,15588.846683502195
whisper,32,2,690,64.96657129348095,19.205648885104125,2.320887973780382,13830.469608306885
whisper,32,2,780,67.45933633370971,20.773566143233523,2.5676039084738247,12487.982273101808
whisper,32,2,870,69.965141447703,22.847194495948614,2.803448460726364,11437.869548797607
whisper,32,2,960,72.53414112874528,24.772421251194267,3.021901188705735,10616.453409194946
whisper,32,2,1050,75.6877916559219,26.129028396117988,3.245870312582781,9887.678384780884
whisper,32,2,1140,81.35702678417472,28.77886711750807,3.453705774519342,9292.985916137695
whisper,32,2,1230,89.88129746961944,32.59939473628613,3.635737812560416,8846.335172653198
whisper,32,2,1320,102.95583866438145,39.05537055911831,3.8329523654405886,8374.901294708252
whisper,32,2,1410,122.58104488253232,49.14750809354149,4.029084251174233,7974.669218063354
whisper,32,3,210,53.18478503401361,9.394308998925885,1.1435139179526066,28008.310556411743
whisper,32,3,240,54.52703752944725,10.58359834831858,1.29329451171999,24812.88170814514
whisper,32,3,330,58.56282638298799,14.192665600604576,1.7248224126927258,18625.962018966675
whisper,32,3,420,62.271699500845344,17.55162391210075,2.129780362271261,15065.420866012571
whisper,32,3,510,65.88961920109232,20.6453548940057,2.517778532692252,12744.056940078735
whisper,32,3,600,68.39108055766519,22.844470530142274,2.8797469613667794,11144.35863494873
whisper,32,3,690,71.4539762978333,25.693053889456465,3.2182243243725868,9996.174335479736
whisper,32,3,780,74.40987809152446,27.72410790104827,3.537525997006207,9068.527460098268
whisper,32,3,870,77.38095904195012,30.26301209019573,3.84070614130374,8362.234115600586
whisper,32,3,960,80.31878068068067,32.557060803129666,4.135380898619974,7766.542911529541
whisper,32,3,1050,83.98162070611886,34.42285744631495,4.407457663082951,7287.878036499023
whisper,32,3,1140,91.91039171672465,39.33223205005798,4.676828557831082,6870.746374130249
whisper,32,3,1230,102.54184354649738,45.259940813164064,4.90850659455383,6545.870304107666
whisper,32,3,1320,117.90619005033888,54.00572194507574,5.154844949836084,6257.701396942139
whisper,32,3,1410,141.03372966002345,67.60019287103262,5.377186732377775,5974.705696105957
whisper,32,4,210,55.99988655489902,12.209410519811296,1.502434625255603,21328.75418663025
whisper,32,4,240,57.69013935416843,13.746700173039764,1.6926619748638756,18947.561502456665
whisper,32,4,330,62.57761851883009,18.20745773644668,2.2390313393700185,14321.877241134644
whisper,32,4,420,66.8568794828594,22.13680389411481,2.74381922710028,11698.813438415527
whisper,32,4,510,71.13828987150416,25.89402556441754,3.2069878457509207,9995.216608047484
whisper,32,4,600,75.10736863594325,29.56075860842033,3.642523793561138,8805.29761314392
whisper,32,4,690,78.57261280862264,32.81169040024581,4.041816728202516,7948.343276977539
whisper,32,4,780,82.12890353531223,35.44313334483604,4.414479297521326,7273.184776306152
whisper,32,4,870,84.74447916361183,37.62653221185744,4.761547062917831,6750.248908996582
whisper,32,4,960,87.49388708315745,39.73216720560644,5.085846337120673,6315.22274017334
whisper,32,4,1050,91.60402153645347,42.04525827664958,5.399386842138033,5950.026750564575
whisper,32,4,1140,100.38643242117406,47.80827275450741,5.694286559406474,5651.275634765625
whisper,32,4,1230,112.52359868421053,55.241695950877215,5.969441437897353,5392.3540115356445
whisper,32,4,1320,130.95389601907527,67.05342791381213,6.24844479898397,5175.670146942139
whisper,32,4,1410,156.54058310422394,83.1070463152331,6.470777254929932,4973.064422607422
whisper,32,7,210,64.83558380317007,21.045107768082342,2.421328020625789,13249.165058135986
whisper,32,7,240,67.46991085778359,23.52647167665492,2.710859221576665,11841.514110565186
whisper,32,7,330,74.32943849845508,29.95927771607166,3.5028563249479325,9166.134357452393
whisper,32,7,420,80.18687120445999,35.4667956157154,4.200824461968531,7645.9760665893555
whisper,32,7,510,85.63879706166284,40.39453275457623,4.811003900050305,6669.634103775024
whisper,32,7,600,90.8778171645519,45.33120713702898,5.36532239973355,5993.816137313843
whisper,32,7,690,94.32175568700478,48.56083327862795,5.8636808616341085,5481.96005821228
whisper,32,7,780,97.85066822429908,51.16489803382288,6.312641932552462,5100.4674434661865
whisper,32,7,870,101.93827270101902,54.82032574926463,6.662834563492026,4833.24933052063
whisper,32,7,960,104.64842406219464,56.88670418464364,7.057956201555739,4564.951181411743
whisper,32,7,1050,107.40028063258616,57.84151737278225,7.372207542512045,4380.959510803223
whisper,32,7,1140,117.94700791747726,65.36884825081061,7.707985978032234,4180.59229850769
whisper,32,7,1230,132.83582068965518,75.55391795632187,8.0114883177427,4028.390645980835
whisper,32,7,1320,152.68096040483832,88.78049229957517,8.257460524391629,3913.2468700408936
whisper,32,7,1410,167.37586232031805,93.9423255313272,8.398491828096585,3850.672721862793
vgg19,2,2,210,52.90362956909361,9.113153534005884,57.81132534299353,34.811973571777344
vgg19,2,2,240,54.26589014722537,10.322450966096705,65.8549053374223,30.61795234680176
vgg19,2,2,330,58.35590007087172,13.985739288488304,89.74117762294969,22.40753173828125
vgg19,2,2,420,62.06479482009925,17.34471923135466,112.8327764927824,17.9598331451416
vgg19,2,2,510,65.69944326694684,20.455178959860227,135.05466826184272,15.015363693237305
vgg19,2,2,600,69.02260756218905,23.47599753466613,155.50797603969664,12.996912002563477
vgg19,2,2,690,72.10962650871703,26.3487041003402,174.14197930295714,11.661291122436523
vgg19,2,2,780,74.88199059334298,28.196220402866786,190.6776263956356,10.695219039916992
vgg19,2,2,870,77.45541014492753,30.337463193173136,205.39862089156705,9.918689727783203
vgg19,2,2,960,80.924146948221,33.162427070669985,221.2695954095268,9.188413619995115
vgg19,2,2,1050,84.2184805307182,34.659717270914285,235.62098014271007,8.624553680419922
vgg19,2,2,1140,90.75554612437372,38.17738645770706,250.165156158224,8.188724517822266
vgg19,2,2,1230,100.79208839941263,43.51018566607932,264.1622137594936,7.697582244873047
vgg19,2,2,1320,114.57226572999387,50.67179762473075,276.4128252219164,7.436990737915039
vgg19,2,2,1410,135.60374676349858,62.17020997450774,289.31318164294333,7.042646408081055
vgg19,2,3,210,56.51737763422641,12.726901599138689,82.12729864536517,24.4903564453125
vgg19,2,3,240,58.33088432394033,14.387445142811664,93.6469633971794,21.50893211364746
vgg19,2,3,330,63.71577082322497,19.34561004084156,127.69052932975718,15.78664779663086
vgg19,2,3,420,68.84946090073942,24.129385311994824,161.13363471923827,12.469768524169922
vgg19,2,3,510,73.79744861178762,28.553184304701,193.7662681893548,10.478734970092772
vgg19,2,3,600,78.44050043744531,32.89389040992239,225.53594006792608,9.028911590576172
vgg19,2,3,690,83.18437850016092,37.42345609178409,255.9533268702276,7.889986038208008
vgg19,2,3,780,87.54423718470302,40.85846699422683,284.73282728411715,7.183313369750977
vgg19,2,3,870,91.92959406745226,44.811647115697866,311.2782937671717,6.588459014892578
vgg19,2,3,960,96.920008692053,49.15828881450198,338.8837893026004,6.082534790039063
vgg19,2,3,1050,101.90651812816188,52.34775486835798,366.3251097094315,5.640506744384766
vgg19,2,3,1140,110.07216599552572,57.49400632885907,390.9380983810543,5.272626876831055
vgg19,2,3,1230,125.2108468301712,67.9289440968379,416.95492298642,4.960536956787109
vgg19,2,3,1320,145.07232679097154,81.1718586857084,440.64711808886057,4.708051681518555
vgg19,2,3,1410,173.4914726342711,100.05793584528028,464.7422332924451,4.398584365844727
vgg19,2,4,210,59.92846524136076,16.137989206273037,106.05307500256998,18.96214485168457
vgg19,2,4,240,62.19882417752949,18.25538499640082,120.9014254445488,16.67022705078125
vgg19,2,4,330,68.74932417950436,24.37916339712094,164.76047283633713,12.268543243408203
vgg19,2,4,420,75.11110196418255,30.39102637543796,207.24479668867176,9.717226028442385
vgg19,2,4,510,81.03072482801751,35.786460520930895,248.21932446376044,8.232593536376953
vgg19,2,4,600,86.77629707792208,41.22968705039917,286.7966918580507,7.088899612426758
vgg19,2,4,690,92.15060294719606,46.38968053881924,323.1663600651575,6.347179412841797
vgg19,2,4,780,97.20534646374216,50.51957627326598,356.0776101665524,5.787849426269531
vgg19,2,4,870,101.5010347658136,54.38308781405922,384.02167651652303,5.38325309753418
vgg19,2,4,960,106.68966800804829,58.92794813049728,416.0775328192212,4.985570907592773
vgg19,2,4,1050,112.28999449415002,62.73123123434611,447.854642514718,4.5795440673828125
vgg19,2,4,1140,121.76462732919256,69.1864676625259,473.1761082562908,4.392862319946289
vgg19,2,4,1230,136.76223231622745,79.48032958289414,501.2772141141736,4.162311553955078
vgg19,2,4,1320,161.33572785714287,97.43525975187973,529.4278593773516,3.9680004119873047
vgg19,2,4,1410,190.0920189873418,116.65848219835097,555.5959443177303,3.7386417388916016
vgg19,2,7,210,68.53139747918073,24.740921444093,161.2745309118331,12.479305267333984
vgg19,2,7,240,71.76380609869645,27.82036691756778,183.0902391628973,11.089563369750977
vgg19,2,7,330,81.17660468018721,36.8064438978038,246.52858657372377,8.267641067504883
vgg19,2,7,420,90.00370400992145,45.28362842117686,305.68622814087826,6.708860397338867
vgg19,2,7,510,98.44261182401466,53.198347516928045,361.9708449258828,5.753040313720703
vgg19,2,7,600,105.73675668073138,60.19014665320846,413.8914561982809,4.998207092285156
vgg19,2,7,690,112.23798080877312,66.47705840039632,462.5186233922571,4.487276077270508
vgg19,2,7,780,118.91659317211948,72.23082298164331,507.43716920184886,4.140377044677734
vgg19,2,7,870,126.02150662944872,78.90355967769432,548.5899789037383,3.820180892944336
vgg19,2,7,960,133.77718735891648,86.01546748136548,598.024782758986,3.5142898559570312
vgg19,2,7,1050,140.79449636803872,91.2357331082348,641.9777481446232,3.272056579589844
vgg19,2,7,1140,156.54680481727576,103.9686451506091,686.9257966734009,3.079414367675781
vgg19,2,7,1230,179.58987796610168,122.30797523276836,734.3204769305668,2.9144287109375
vgg19,2,7,1320,211.0303093333333,147.1298412280702,780.9204283421639,2.7494430541992188
vgg19,2,7,1410,256.07760075685906,182.64406396786825,827.0394699838129,2.634286880493164
vgg19,4,2,210,53.57193392011438,9.781457885026658,69.72207512507366,57.44504928588867
vgg19,4,2,240,54.96216668378351,11.01872750265484,79.53470110936466,50.35924911499024
vgg19,4,2,330,59.29486586040083,14.924705078017418,108.66253021411096,36.92626953125
vgg19,4,2,420,63.52871601920559,18.808640430461,137.2393599249132,29.280662536621094
vgg19,4,2,510,67.53243246095398,22.288168153867367,164.72699454077497,24.41120147705078
vgg19,4,2,600,71.47477771077072,25.928167683247807,190.79831882540736,21.08383178710937
vgg19,4,2,690,75.03519456581104,29.27427215743421,215.16754974492804,18.7222957611084
vgg19,4,2,780,78.38103765432099,31.6952674638448,236.4318564410225,16.984224319458008
vgg19,4,2,870,81.30928972725789,34.1913427755035,255.3286402696036,15.721559524536133
vgg19,4,2,960,84.95504812922367,37.19332825167266,274.8323864690211,14.694929122924805
vgg19,4,2,1050,87.61219188395152,38.053428624147614,293.213301808372,13.77415657043457
vgg19,4,2,1140,95.17499629423754,42.596836627570895,309.8690493209475,13.054609298706056
vgg19,4,2,1230,106.2266512962963,48.944748562962985,325.61902238072594,12.42208480834961
vgg19,4,2,1320,120.7419457659372,56.84147766067407,339.8089787518168,11.847496032714844
vgg19,4,2,1410,141.85342635358043,68.4198895645896,352.7613584207273,11.429071426391602
vgg19,4,3,210,57.42070870833592,13.630232673248198,98.26366540426834,40.81559181213379
vgg19,4,3,240,59.56064611354948,15.617206932420814,112.1216987480412,35.78805923461914
vgg19,4,3,330,65.48440484930448,21.114244066921067,153.27092601683125,26.224374771118164
vgg19,4,3,420,71.19721106507434,26.47713547632975,193.7792493122373,20.777463912963867
vgg19,4,3,510,76.60117016029594,31.35690585320932,233.51990373486177,17.278432846069336
vgg19,4,3,600,82.35034811165846,36.803738084135546,272.38911647310624,14.832496643066406
vgg19,4,3,690,87.54728421052631,41.786361802149486,309.8562113559685,13.068914413452148
vgg19,4,3,780,92.01948384940968,45.33371365893348,345.46300151140434,13.282299041748049
vgg19,4,3,870,96.74582241873806,49.62787546698367,379.5432358784296,10.686874389648438
vgg19,4,3,960,102.18958701979048,54.42786714223946,412.66747643755497,9.835243225097656
vgg19,4,3,1050,107.4481735705951,57.88941031079119,444.807443038364,9.151220321655272
vgg19,4,3,1140,117.0955663250366,64.51740665836995,474.1561650826761,8.608579635620117
vgg19,4,3,1230,133.95499181047091,76.6730890771376,504.4101117396672,8.100032806396484
vgg19,4,3,1320,154.6708522794553,90.77038417419216,531.8680294120787,7.699728012084961
vgg19,4,3,1410,183.8165921942225,110.38305540523166,557.3475488293635,7.346391677856445
vgg19,4,4,210,61.498699793131976,17.70822375804425,130.42997449952685,30.78317642211914
vgg19,4,4,240,63.95492107528939,20.011481894160724,148.74718955647344,26.998519897460938
vgg19,4,4,330,71.26229436997319,26.89213358758977,203.07343148529745,19.85025405883789
vgg19,4,4,420,78.43694464227904,33.71686905353445,256.41968494989965,15.735626220703123
vgg19,4,4,510,85.2903337211557,40.04606941406909,308.55764469103013,13.101577758789062
vgg19,4,4,600,91.81565887426235,46.26904884673945,358.8772693669557,11.306047439575195
vgg19,4,4,690,98.20580312228968,52.44488071391285,406.1709321499855,10.013580322265623
vgg19,4,4,780,104.01526572823902,57.32949553776282,450.8397003006637,9.036779403686523
vgg19,4,4,870,108.24710835913312,61.12916140737873,492.4129553099246,8.211374282836914
vgg19,4,4,960,114.11642340511987,66.35470352756886,534.133533192277,7.65681266784668
vgg19,4,4,1050,120.44340299127543,70.88463973147154,575.2981300925484,7.12132453918457
vgg19,4,4,1140,132.38764373464372,79.80948406797707,608.1515417138168,6.749391555786133
vgg19,4,4,1230,149.54036083743844,92.25845810410512,644.5540389480892,6.242275238037109
vgg19,4,4,1320,173.4400677126342,109.53959960737106,680.9858845502886,6.05320930480957
vgg19,4,4,1410,206.7941688203418,133.36063203135097,712.6417620684941,5.782365798950195
vgg19,4,7,210,70.59812699185014,26.80765095676241,192.89996368239565,20.88785171508789
vgg19,4,7,240,74.41096537396123,30.467526192832565,219.6870053061088,18.36729049682617
vgg19,4,7,330,84.97925929420646,40.60909851182304,298.99001992200084,13.528108596801758
vgg19,4,7,420,95.10454362897444,50.38446804022984,376.2170387146724,10.803937911987305
vgg19,4,7,510,105.12175980105326,59.87749549396664,450.98956756310383,9.01651382446289
vgg19,4,7,600,113.7925951203429,68.24598509281996,522.3404658155614,7.834672927856445
vgg19,4,7,690,122.02566039279868,76.26473798442186,589.4742759647128,6.873369216918945
vgg19,4,7,780,130.13698683127572,83.45121664079954,652.4072709517857,6.196260452270508
vgg19,4,7,870,139.02182642019838,91.903879468444,712.6811464418454,5.779504776000977
vgg19,4,7,960,147.4022832764505,99.6405633988995,775.1878040044401,5.330085754394531
vgg19,4,7,1050,157.07904957805906,107.52028631825516,838.8864699259798,4.916667938232422
vgg19,4,7,1140,174.1015466954023,121.52338702873566,892.3488599255845,4.672765731811523
vgg19,4,7,1230,200.9872379261364,143.70533519280303,951.2101040265288,4.302978515625
vgg19,4,7,1320,236.32336497890293,172.4228968736398,1012.751559310669,4.121065139770508
vgg19,4,7,1410,290.6277136627907,217.19417687379988,1071.9630171450535,3.9052963256835938
vgg19,8,2,210,53.90762652322439,10.117150488136662,79.75300337012294,100.3859043121338
vgg19,8,2,240,55.50620983950366,11.562770658374994,90.99637221994163,87.99123764038086
vgg19,8,2,330,60.067769865273576,15.69760908289016,124.42378549856576,64.3758773803711
vgg19,8,2,420,64.39213613628486,19.67206054754027,157.1841811008278,50.97627639770508
vgg19,8,2,510,68.59988053634268,23.355616229256064,188.5836569253892,42.51790046691895
vgg19,8,2,600,72.67598434143976,27.12937431391684,218.1439218858998,36.77487373352051
vgg19,8,2,690,76.48317373186954,30.72225132349272,245.63062579168923,32.63378143310547
vgg19,8,2,780,79.07934110429449,32.393570913818294,270.4774122407961,29.709577560424805
vgg19,8,2,870,82.51653266090297,35.39858570914858,293.5892672446508,27.34684944152832
vgg19,8,2,960,86.15755466692676,38.39583478937575,316.2379034922136,25.435447692871094
vgg19,8,2,1050,89.96749330708661,40.4087300472827,337.80853831095936,23.83136749267578
vgg19,8,2,1140,98.20877264502394,45.63061297835729,357.57946150504154,22.496700286865234
vgg19,8,2,1230,109.81008080162027,52.52817806828698,376.0654745389193,21.41118049621582
vgg19,8,2,1320,125.5697093126386,61.66924120737545,392.7785432809936,20.53165435791016
vgg19,8,2,1410,146.5428957091776,73.10935892018676,408.0548099548319,19.65546607971192
vgg19,8,3,210,58.688978063622784,14.89850202853506,114.37870618378156,70.03641128540039
vgg19,8,3,240,60.82426466463163,16.88082548350296,130.54592871915622,61.36012077331543
vgg19,8,3,330,67.31819990850869,22.94803912612528,178.6858453920019,44.8613166809082
vgg19,8,3,420,73.17313547515815,28.45305988641356,226.2064794169349,35.483598709106445
vgg19,8,3,510,79.14259830995732,33.898334002870705,272.85403902819644,29.45423126220703
vgg19,8,3,600,85.00465833860426,39.45804831108134,318.4397053915469,25.246381759643555
vgg19,8,3,690,90.69961169397618,44.93868928559935,361.53078886106346,22.245407104492188
vgg19,8,3,780,96.0974171137339,49.411646923257706,402.45843597266656,20.03145217895508
vgg19,8,3,870,101.38026006106024,54.26231310930584,441.6890025816899,18.22209358215332
vgg19,8,3,960,106.91147497288082,59.149755095329816,479.9742155575158,16.812562942504883
vgg19,8,3,1050,112.61856911833308,63.05980585852917,517.1423392651961,15.625476837158203
vgg19,8,3,1140,123.4814494470774,70.90328978041076,551.5864803117198,14.66059684753418
vgg19,8,3,1230,141.37788402445068,84.09598129111737,586.2596606336009,13.811111450195312
vgg19,8,3,1320,163.44950277366866,99.54903466840553,618.4331426539255,13.101816177368164
vgg19,8,3,1410,193.803713967724,120.37017717873314,648.5094413836835,12.49384880065918
vgg19,8,4,210,63.20872445835575,19.41824842326802,150.34560252665898,53.296804428100586
vgg19,8,4,240,65.86025116758987,21.9168119864612,171.53730126932416,46.70357704162598
vgg19,8,4,330,73.95539135287989,29.58523057049647,234.5640632694825,34.236907958984375
vgg19,8,4,420,81.69628139312977,36.97620580438517,296.51292162091914,27.099609375
vgg19,8,4,510,88.41826480009492,43.1740004930083,357.0537578884159,22.532939910888672
vgg19,8,4,600,95.60441906040268,50.05780903287976,414.2715130961708,19.478559494018555
vgg19,8,4,690,102.0344749184656,56.27355251008876,466.8471178539047,17.314434051513672
vgg19,8,4,780,108.2490365577483,61.56326636727211,514.7618592591097,15.69056510925293
vgg19,8,4,870,113.91824343065691,66.80029647890254,559.7475036442277,14.438152313232422
vgg19,8,4,960,120.2521551756885,72.4904352981375,604.4255706840836,13.313531875610352
vgg19,8,4,1050,126.6432859399684,77.0845226801645,646.9271685287924,12.500524520874023
vgg19,8,4,1140,138.529814889336,85.95165522266934,679.1572179128253,11.916637420654297
vgg19,8,4,1230,157.40605056805524,100.12414783472192,717.6951685592477,11.2152099609375
vgg19,8,4,1320,182.2860165833712,118.38554847810806,754.8520508803416,10.75434684753418
vgg19,8,4,1410,215.51753698190976,142.08400019291892,785.4638896761185,10.355949401855469
vgg19,8,7,210,76.90360215572716,33.11312612063943,253.3572609173849,31.69393539428711
vgg19,8,7,240,81.4460165963162,37.50257741518753,288.72776723332805,27.75812149047852
vgg19,8,7,330,94.70467566897918,50.33451488659576,393.4135235558708,20.47896385192871
vgg19,8,7,420,107.44445369358114,62.72437810483655,494.8746770240064,16.31307601928711
vgg19,8,7,510,119.73782094025098,74.49355663316436,593.2405954082984,13.57722282409668
vgg19,8,7,600,131.31113611859837,85.76452609107544,685.2849096753722,11.826038360595703
vgg19,8,7,690,142.1818073929961,96.42088498461928,771.9614218201068,10.482311248779297
vgg19,8,7,780,152.52470554272517,105.838935352249,852.4648604759047,9.526252746582031
vgg19,8,7,870,162.35944021101992,115.24149325926552,927.5763083684612,8.770227432250977
vgg19,8,7,960,172.99358362535838,125.23186374780738,1006.3327986003296,8.044004440307617
vgg19,8,7,1050,183.5642451282052,134.0054818684012,1080.8626160900085,7.543802261352539
vgg19,8,7,1140,202.6557658597663,150.07760619309963,1141.3833516359998,7.044076919555664
vgg19,8,7,1230,237.07305611390285,179.79115338056954,1214.913994273786,6.716728210449219
vgg19,8,7,1320,278.0701145134228,214.16964640815968,1282.7125845151263,6.412267684936523
vgg19,8,7,1410,297.1759116904962,223.74237490150537,1308.379164016176,6.176948547363281
vgg19,16,2,210,53.89658240938167,10.10610637429394,83.65473356630132,191.373348236084
vgg19,16,2,240,55.54787827549304,11.604439094364372,95.4843723034908,167.6313877105713
vgg19,16,2,330,60.065938008626304,15.695777226242887,130.61469995044158,122.55573272705078
vgg19,16,2,420,65.1,21.8,165.12489714832748,93.1248914324347
vgg19,16,2,510,68.7450534097954,23.500789102708787,197.97187376805243,80.93023300170898
vgg19,16,2,600,72.84833548105276,27.30172545352984,229.20400310013653,69.8854923248291
vgg19,16,2,690,76.63819742120344,30.87727501282661,258.34895551788475,62.00408935546875
vgg19,16,2,780,80.17952558895207,33.493755398475884,285.71573812872737,56.07247352600098
vgg19,16,2,870,82.9921332192618,35.87418626750741,311.7850062756332,51.38897895812988
vgg19,16,2,960,86.91501780201688,39.15329792446587,337.33465325353427,47.51944541931152
vgg19,16,2,1050,90.85155614044608,41.29279288064218,362.0203121512968,44.30603981018066
vgg19,16,2,1140,99.53292803449038,46.95476836782373,384.86043969234464,41.66817665100098
vgg19,16,2,1230,111.88318359846092,54.601280865127606,406.3541661120844,39.449214935302734
vgg19,16,2,1320,128.73538404384897,64.83491593858582,425.5900127991022,37.74690628051758
vgg19,16,2,1410,151.2429600467146,77.80942325772378,443.4809095228434,36.20576858520508
vgg19,16,3,210,58.92946141584082,15.138985380753097,121.45745656105098,131.82520866394043
vgg19,16,3,240,61.179351757357146,17.23591257622848,138.65665712432315,115.48089981079102
vgg19,16,3,330,67.82135433803663,23.45119355565321,189.8421899969433,84.33675765991211
vgg19,16,3,420,73.64763792516364,28.927562336419044,240.4725124417025,66.6205883026123
vgg19,16,3,510,79.90373245941407,34.659468152327456,290.25010879724664,55.19676208496094
vgg19,16,3,600,85.94479191503197,40.398181887509054,338.6246675423138,47.351837158203125
vgg19,16,3,690,91.57304571150692,45.81212330313008,384.4462898102347,41.72801971435547
vgg19,16,3,780,97.20678622737948,50.52101603690328,427.87088254433206,37.52255439758301
vgg19,16,3,870,102.63374106014422,55.51579410838983,469.4656154390386,34.18469429016113
vgg19,16,3,960,108.45343048858888,60.69171061103787,510.7972023998626,31.45885467529297
vgg19,16,3,1050,113.99293405972558,64.43417079992167,551.0739016838243,29.17265892028809
vgg19,16,3,1140,126.63218716624354,74.05402749957689,589.3853610248113,27.27651596069336
vgg19,16,3,1230,144.78165942475152,87.49975669141821,627.1571517037036,25.62189102172852
vgg19,16,3,1320,168.53247574769938,104.63200764243624,662.3756856493393,24.263858795166016
vgg19,16,3,1410,200.54759405844783,127.114057269457,695.833716857549,23.175954818725582
vgg19,16,4,210,63.3836833731933,19.59320733810557,162.31884652490123,98.65212440490724
vgg19,16,4,240,66.21141831944608,22.26797913831741,185.2747229855296,86.48347854614258
vgg19,16,4,330,74.28091482740265,29.91075404501924,253.62008336133644,63.1716251373291
vgg19,16,4,420,82.3697844951676,37.649708906423,321.0108541258637,49.9258041381836
vgg19,16,4,510,90.23943974179404,44.99517543470743,386.7023705426572,41.45503044128418
vgg19,16,4,600,97.5483940761636,52.00178404864069,448.7528591030305,35.79044342041016
vgg19,16,4,690,104.516685046954,58.75576263857718,505.8802259707452,31.76808357238769
vgg19,16,4,780,110.96856709461836,64.28279690414217,559.5820462561635,28.73778343200684
vgg19,16,4,870,117.35923582262583,70.24128887087144,610.553043026702,26.359081268310547
vgg19,16,4,960,123.64805453775284,75.88633466020181,660.8969611795887,24.266481399536133
vgg19,16,4,1050,130.14744473569243,80.58868147588852,707.8721472446246,22.710323333740234
vgg19,16,4,1140,142.41337846120172,89.83521879453507,744.1441965403362,21.592140197753903
vgg19,16,4,1230,163.95956964878974,106.67766691545644,788.2900658893496,20.43795585632324
vgg19,16,4,1320,191.24479611766105,127.34432801239792,830.3370785126631,19.4244384765625
vgg19,16,4,1410,227.7356755180544,154.3021387290635,866.2098297305781,18.54228973388672
vgg19,16,7,210,78.46839137938473,34.677915344297,272.3995982790869,58.85505676269531
vgg19,16,7,240,83.42157358509122,39.47813440396256,310.74932956699945,51.58066749572754
vgg19,16,7,330,97.60031937534548,53.23015859296208,424.6571888350597,37.7802848815918
vgg19,16,7,420,111.27787530541012,66.55779971666553,536.4899311862272,30.001163482666016
vgg19,16,7,510,124.64828943192636,79.40402512483976,645.0322742426079,24.921417236328125
vgg19,16,7,600,136.96892861370898,91.42231858618604,746.6118686629084,21.590232849121094
vgg19,16,7,690,148.3619864665684,102.60106405819158,841.4878883724035,19.172191619873047
vgg19,16,7,780,159.80107025688642,113.11530006641024,931.1809322775408,17.345666885375977
vgg19,16,7,870,170.61583677419353,123.49788982243912,1016.8909799561349,15.87843894958496
vgg19,16,7,960,182.24685688005889,134.48513700250786,1103.8595409619195,14.655828475952148
vgg19,16,7,1050,193.1792050413845,143.6204417815806,1187.4248745534542,13.52834701538086
vgg19,16,7,1140,215.72368327685868,163.145523610192,1259.6955755489494,12.913227081298828
vgg19,16,7,1230,253.32726024590164,196.0453575125684,1338.9667523849675,12.117147445678713
vgg19,16,7,1320,297.2728918548939,233.3724237496308,1411.4334395547342,11.585235595703123
vgg19,16,7,1410,297.9970465859785,224.5635097969877,1419.7759509715202,11.52944564819336
vgg19,32,2,210,54.1165201528016,10.326044117713874,88.18372042141877,362.9603385925293
vgg19,32,2,240,55.709833507607264,11.766394326478595,100.64409696222656,318.0267810821533
vgg19,32,2,330,60.43433773329727,16.064176950913854,137.62612729522027,232.6054573059082
vgg19,32,2,420,64.99365504514688,20.273579456402288,173.7353472195399,184.2656135559082
vgg19,32,2,510,69.42805397147012,24.183789664383504,208.28120497594068,153.72467041015625
vgg19,32,2,600,72.90326112414412,27.356651096621206,240.8197689273224,132.97438621520996
vgg19,32,2,690,76.77608297103009,31.015160562653264,271.1639421594106,118.0860996246338
vgg19,32,2,780,80.51654782856194,33.83077763808575,299.4649720162321,106.95981979370116
vgg19,32,2,870,83.91965015487935,36.80170320312496,326.36946960982533,98.14453125
vgg19,32,2,960,87.90499663345004,40.14327675589903,352.6130871670156,90.87681770324708
vgg19,32,2,1050,91.9920411727144,42.43327791291048,377.7237335515039,84.8231315612793
vgg19,32,2,1140,100.71049843096236,48.132338764295696,401.0886603703861,79.8792839050293
vgg19,32,2,1230,113.2178708672736,55.93596813394028,422.8750426378454,75.80351829528809
vgg19,32,2,1320,130.4439468318453,66.54347872658215,442.43392623304186,72.42751121520996
vgg19,32,2,1410,155.03119704702297,81.59766025803214,460.4351631741085,69.6096420288086
vgg19,32,3,210,59.72511874901776,15.934642713930035,131.1137197710356,244.1239356994629
vgg19,32,3,240,61.95849691750311,18.015057736374445,149.702796494126,213.8187885284424
vgg19,32,3,330,68.39473845127488,24.02457766889146,205.07020751904344,156.12530708312988
vgg19,32,3,420,75.14804766721718,30.427972078472592,259.7721165692062,123.2430934906006
vgg19,32,3,510,81.76451205771892,36.5202477506323,313.44381687842184,102.15091705322266
vgg19,32,3,600,88.07243226461628,42.525822237093365,365.3351016356042,87.68153190612793
vgg19,32,3,690,94.12539864709552,48.36447623871869,414.4674114660239,77.2702693939209
vgg19,32,3,780,99.86408101321103,53.17831082273486,460.8931895845112,69.50879096984863
vgg19,32,3,870,105.59649142040038,58.47854446864599,505.4970976449525,63.378095626831055
vgg19,32,3,960,110.93613202067228,63.17441214312126,549.5881031652518,58.30240249633789
vgg19,32,3,1050,116.81186062065277,67.25309736084886,592.538447415489,54.09884452819824
vgg19,32,3,1140,130.72222087697818,78.14406121031153,633.3118942476747,50.6594181060791
vgg19,32,3,1230,149.84436340744966,92.56246067411637,673.1194734244967,47.637939453125
vgg19,32,3,1320,175.72493066706312,111.82446256179998,710.4132229585219,45.12357711791992
vgg19,32,3,1410,211.4696513171541,138.03611452816327,745.7284267120733,43.11203956604004
vgg19,32,4,210,63.75264820691628,19.962172171828552,170.93236901605462,187.2801780700684
vgg19,32,4,240,66.74647583937414,22.803036658245475,195.1143389999015,164.07036781311035
vgg19,32,4,330,75.16628605205936,30.796125269675947,267.0755986585609,119.87686157226562
vgg19,32,4,420,83.50597955370489,38.7859039649603,337.87836154830825,94.76518630981444
vgg19,32,4,510,91.49153283290026,46.247268525813645,406.7116620649472,78.76086235046387
vgg19,32,4,600,99.1356135813672,53.58900355384429,471.6578542825835,67.91472434997559
vgg19,32,4,690,106.16934309123496,60.408420682858136,531.7362629895839,60.26005744934082
vgg19,32,4,780,112.56260467612468,65.87683448564852,587.4873626744467,54.575443267822266
vgg19,32,4,870,119.03251090198498,71.91456395023059,640.4127263165727,50.03070831298828
vgg19,32,4,960,125.63774030372556,77.87602042617453,692.4302714182888,46.31710052490234
vgg19,32,4,1050,131.91094131495836,82.35217805515445,740.6690649153717,43.37000846862793
vgg19,32,4,1140,145.23839856486796,92.66023889820131,779.2816042301854,41.21136665344238
vgg19,32,4,1230,167.81073229832572,110.5288295649924,823.6946003916574,38.91658782958984
vgg19,32,4,1320,196.93823703703703,133.03776893177388,864.9719710857956,37.097930908203125
vgg19,32,4,1410,236.6653827673528,163.23184597836195,904.076922796347,35.54034233093262
vgg19,32,7,210,82.03677799498021,38.24630195989248,304.5054516513189,105.15904426574708
vgg19,32,7,240,87.09343874331184,43.14999956218317,347.3682639348177,92.18716621398926
vgg19,32,7,330,102.84596660117876,58.47580581879536,474.79368961584805,67.49153137207031
vgg19,32,7,420,117.98660087220324,73.26652528345866,599.9312738083527,53.43294143676758
vgg19,32,7,510,132.39984807879517,87.15558377170854,720.5221014501448,44.53492164611816
vgg19,32,7,600,146.09927258906734,100.5526625615444,833.0687011133816,38.53559494018555
vgg19,32,7,690,158.632856673879,112.87193426550218,937.082983115447,34.26170349121094
vgg19,32,7,780,170.71980716412972,124.03403697365354,1034.1131798711494,31.07738494873047
vgg19,32,7,870,183.1491799928289,136.0312330410746,1128.14907389955,28.53274345397949
vgg19,32,7,960,195.4785279805353,147.7168081029843,1220.9455101315768,26.341676712036133
vgg19,32,7,1050,208.37394672867563,158.81518346887174,1311.9590678263553,24.50156211853028
vgg19,32,7,1140,233.1111735591729,180.53301389250623,1389.3833220424615,23.21791648864746
vgg19,32,7,1230,274.7390610867764,217.45715835344305,1473.6623818455512,21.80957794189453
vgg19,32,7,1320,299.04452965235174,235.1440615470886,1514.253197438899,21.713972091674805
vgg19,32,7,1410,299.0285818466731,225.59504505768223,1524.1627246585765,21.71182632446289
resnet152,1,1,210,48.8102497489496,5.019773713861876,16.683979568909514,60.12725830078125
resnet152,1,1,240,49.261644177178056,5.3182049960493885,18.968931031500272,52.902936935424805
resnet152,1,1,330,50.857109416940055,6.48694863455664,25.674105789723004,39.11352157592773
resnet152,1,1,420,52.33064976179022,7.610574173045627,32.143712820417775,31.24666213989257
resnet152,1,1,510,53.78785034189137,8.543586034804754,38.364816344397575,26.160717010498047
resnet152,1,1,600,55.26601914875286,9.719409121229942,44.315633145583696,22.686004638671875
resnet152,1,1,690,56.63573422640599,10.87481181802916,50.01949763357872,20.10416984558105
resnet152,1,1,780,57.842920245726496,11.157150055250307,55.50180195129332,18.105506896972656
resnet152,1,1,870,59.14958430581147,12.031637354057082,60.384810914196265,16.669511795043945
resnet152,1,1,960,61.01578301363104,13.254063136080028,66.04618157254116,15.209436416625977
resnet152,1,1,1050,63.341552953925984,13.782789694122073,72.15044912970976,13.918638229370115
resnet152,1,1,1140,68.00499524580563,15.42683557913898,77.02091579173472,13.138532638549805
resnet152,1,1,1230,76.13682011626237,18.85491738292906,82.44710552097524,12.231826782226562
resnet152,1,1,1320,86.33543702861475,22.43496892335161,87.85186158965497,11.458396911621094
resnet152,1,1,1410,101.10363538449356,27.67009859550272,93.35114135098917,11.102914810180664
resnet152,1,2,210,50.657882041937576,6.86740600684985,27.42683722002611,36.59534454345703
resnet152,1,2,240,51.39972142958491,7.45628224845624,31.124559351473263,32.21535682678223
resnet152,1,2,330,53.56400204335278,9.193841260969364,41.77920241903214,23.999452590942383
resnet152,1,2,420,55.53401164563617,10.813936056891578,51.866645213601615,19.384145736694336
resnet152,1,2,510,57.45754311812974,12.213278811043123,61.46491347313744,16.346454620361328
resnet152,1,2,600,59.4246280307726,13.878018003249675,70.58909814562745,14.2974853515625
resnet152,1,2,690,61.18403704,15.423114631623172,79.14763959090229,12.75014877319336
resnet152,1,2,780,62.6677405837201,15.981970393243914,87.18554194243076,12.024164199829102
resnet152,1,2,870,64.16216729350852,17.044220341754126,94.08829471529548,11.203527450561523
resnet152,1,2,960,66.79572084169368,19.03400096414267,102.98742318949486,9.886503219604492
resnet152,1,2,1050,70.20105855201741,20.642295292213504,112.6226008804983,10.41269302368164
resnet152,1,2,1140,75.00015796324257,22.42199829657592,116.62955240968115,9.43922996520996
resnet152,1,2,1230,82.30991728509585,25.02801455176254,114.41495242558364,9.547948837280272
resnet152,1,2,1320,90.21558964574848,26.31512154048533,116.31224926547304,11.856317520141602
resnet152,1,2,1410,106.64641242062878,33.21287563163794,116.97541272904655,9.169340133666992
resnet152,1,3,210,51.51510436139803,7.724628326310305,34.77450435992135,28.83291244506836
resnet152,1,3,240,52.34651069067519,8.403071509546521,39.39195243906809,25.49099922180176
resnet152,1,3,330,54.90486899703359,10.534708214650172,52.75182009955899,19.06371116638184
resnet152,1,3,420,57.31049561952441,12.590420030779818,65.236227253014,15.39301872253418
resnet152,1,3,510,59.44255593553459,14.198291628447976,77.14254990612478,13.022184371948242
resnet152,1,3,600,60.28541106491582,14.738801037392902,79.83025936706244,16.86573028564453
resnet152,1,3,690,63.36325525158769,17.60233284321086,96.17285429181122,14.297246932983398
resnet152,1,3,780,65.75810273031918,19.07233253984299,108.86603304816666,9.417295455932615
resnet152,1,3,870,66.58518224057822,19.46723528882383,112.26414651692927,9.941577911376951
resnet152,1,3,960,67.82404943260448,20.06232955505348,114.48674120851072,9.676694869995115
resnet152,1,3,1050,69.09457472962279,19.53581146981888,114.867265151943,11.657238006591797
resnet152,1,3,1140,73.24534508167156,20.66718541500491,113.72529181566712,9.34767723083496
resnet152,1,3,1230,80.9324039670273,23.650501233693987,114.48295382978634,11.43503189086914
resnet152,1,3,1320,89.74531190916005,25.844843803896914,119.23280643065692,9.724855422973633
resnet152,1,3,1410,105.36232523595854,31.9287884469677,116.27212087430026,9.372711181640623
resnet152,1,4,210,52.81482346995606,9.024347434868336,40.51885050077336,24.76811408996582
resnet152,1,4,240,53.77384289080912,9.830403709680446,45.862443228844775,21.91329002380371
resnet152,1,4,330,56.67409778859184,12.303937006208429,61.02650158893694,16.51906967163086
resnet152,1,4,420,59.31112295330504,14.591047364560444,75.19292846597767,13.447761535644531
resnet152,1,4,510,61.96919334164145,16.724929034554833,88.21022524834834,12.810945510864258
resnet152,1,4,600,64.23027484567902,18.683664818156103,100.71129302831596,10.35618782043457
resnet152,1,4,690,66.37301578495854,20.61209337658171,111.48594368671284,10.738849639892578
resnet152,1,4,780,67.02368004810445,20.33790985762826,113.30099493403245,9.24086570739746
resnet152,1,4,870,67.55077602759414,20.43282907583975,114.26753041554834,9.201526641845703
resnet152,1,4,960,69.04500206268263,21.28328218513162,117.45036061206856,9.271621704101562
resnet152,1,4,1050,69.8512088235294,20.292445563725494,114.50013138238069,9.464502334594728
resnet152,1,4,1140,75.57641583499668,22.99825616833003,122.7405866508963,9.169340133666992
resnet152,1,4,1230,81.61429277820612,24.33239004487281,113.27041640258848,9.765625
resnet152,1,4,1320,92.88250080281765,28.98203269755449,118.03779075201624,9.672164916992188
resnet152,1,4,1410,105.26921982123564,31.8356830322448,112.66239167785145,9.363889694213867
resnet152,1,7,210,56.276699175359646,12.48622314027192,51.09912351862116,19.70195770263672
resnet152,1,7,240,57.172550486423695,13.229111305295028,57.39834372045805,18.14413070678711
resnet152,1,7,330,60.82020856039964,16.45004777801622,74.89897538672604,13.531923294067385
resnet152,1,7,420,64.12318763365877,19.40311204491418,90.44597497767684,11.201143264770508
resnet152,1,7,510,67.07197430508118,21.827709997994567,104.5034591999804,11.225461959838867
resnet152,1,7,600,69.57987816548021,24.033268137957293,116.05978215054829,9.430170059204102
resnet152,1,7,690,69.24659017519754,23.48566776682071,112.45551503909832,11.57999038696289
resnet152,1,7,780,70.46572470545365,23.77995451497746,117.2940713372057,9.279489517211914
resnet152,1,7,870,69.75851030154939,22.640563349795,110.45003411108972,9.349584579467772
resnet152,1,7,960,72.27403087770483,24.512311000153822,119.0400322720986,9.118318557739258
resnet152,1,7,1050,73.33097149643704,23.772208236633134,118.83863032725748,9.267091751098633
resnet152,1,7,1140,77.65874611512366,25.08058644845701,117.99588749150824,9.397029876708984
resnet152,1,7,1230,85.76225834759092,28.480355614257604,120.67653642201942,8.930683135986328
resnet152,1,7,1320,94.9446675330076,31.04419942774445,115.81690380297542,10.865449905395508
resnet152,1,7,1410,108.36980696103896,34.936270172048125,115.80327056114852,9.674072265625
resnet152,2,1,210,49.28899017957664,5.498514144488918,22.83972308873429,87.77332305908203
resnet152,2,1,240,49.97374765792468,6.030308476796009,25.991271243320504,77.15892791748047
resnet152,2,1,330,51.8251863044081,7.455025522024684,35.293295453755825,56.81920051574707
resnet152,2,1,420,53.53628476027397,8.81620917152938,44.26018790798236,45.350074768066406
resnet152,2,1,510,55.16221018594407,9.917945878857452,52.815212101344606,37.987470626831055
resnet152,2,1,600,56.75255628097108,11.20594625344816,60.99408590059642,32.93561935424805
resnet152,2,1,690,58.42258866083445,12.661666252457623,68.85075327444285,29.14357185363769
resnet152,2,1,780,59.89226063231634,13.206490441840154,76.31023137298125,26.30257606506348
resnet152,2,1,870,61.251977213268624,14.134030261514232,82.78333119238602,24.24860000610352
resnet152,2,1,960,63.35947464595706,15.597754768406048,90.26576713047815,22.23062515258789
resnet152,2,1,1050,65.87160622186745,16.31284296206354,98.47318768771936,20.44153213500977
resnet152,2,1,1140,70.75538607226785,18.177226405601203,104.83711508980424,19.15192604064941
resnet152,2,1,1230,79.23031438421476,21.948411650881454,111.93559769391246,17.965078353881836
resnet152,2,1,1320,88.05844924682233,24.1579811415592,119.07391247866124,16.87026023864746
resnet152,2,1,1410,105.52679822521584,32.093261436225006,126.22454856605026,15.988826751708984
resnet152,2,2,210,51.59451552510078,7.804039490013056,38.60029053526475,51.94759368896485
resnet152,2,2,240,52.54576246931057,8.6023232881819,43.89693431426075,45.70293426513672
resnet152,2,2,330,55.24480447221804,10.874643689834627,59.31446884715231,33.84232521057129
resnet152,2,2,420,57.66708741298002,12.947011824235425,74.2341956473174,27.04787254333496
resnet152,2,2,510,60.04555903278098,14.801294725694362,88.5133039771136,22.721529006958008
resnet152,2,2,600,62.34531694999089,16.79870692246797,102.30791363604592,19.67668533325196
resnet152,2,2,690,64.60157791961761,18.840655511240783,115.53161819418932,17.36593246459961
resnet152,2,2,780,66.67458719973675,19.98881700926056,127.97493020404522,15.752315521240234
resnet152,2,2,870,68.600576492931,21.482629541176607,138.59605453298,14.527320861816406
resnet152,2,2,960,71.50881988941907,23.747100011868064,151.6229804252092,13.278484344482422
resnet152,2,2,1050,74.62090225821167,25.06213899840776,166.05559203396697,12.130022048950195
resnet152,2,2,1140,80.87267076972263,28.29451110305598,177.18526430774344,11.464118957519531
resnet152,2,2,1230,91.43414805006194,34.152245316728624,190.35022620127725,10.60199737548828
resnet152,2,2,1320,105.26994933801676,41.36948123275362,203.99424638334511,11.801719665527344
resnet152,2,2,1410,125.1202099327078,51.68667314371697,217.60082402167512,9.458065032958984
resnet152,2,3,210,52.75289449472847,8.962418459640741,48.918924665557086,40.98391532897949
resnet152,2,3,240,53.94467100089868,10.001231819770013,55.53808094312181,36.101341247558594
resnet152,2,3,330,56.986689940024895,12.61652915764148,74.91699526394535,26.777267456054688
resnet152,2,3,420,59.84426072615037,15.124185137405776,93.56332570168242,21.45314216613769
resnet152,2,3,510,62.77204270633398,17.52777839924736,111.44806273101308,18.020153045654297
resnet152,2,3,600,65.47139630019058,19.92478627266766,128.5783467219858,15.662670135498049
resnet152,2,3,690,68.09619482179374,22.33527241341692,145.22543916747412,13.874053955078123
resnet152,2,3,780,70.74703652145432,24.06126633097813,161.06896017157385,12.581110000610352
resnet152,2,3,870,73.08995817541356,25.97201122365917,175.68198947233708,11.52944564819336
resnet152,2,3,960,76.42511889545975,28.663399017908738,192.7874154380467,11.22283935546875
resnet152,2,3,1050,80.09862365959947,30.53986039979556,210.6426699445962,9.618043899536133
resnet152,2,3,1140,87.61457719226019,35.036417525593535,225.67945580488225,9.196281433105469
resnet152,2,3,1230,96.87085070330744,39.58894796997413,238.1934475054304,9.047269821166992
resnet152,2,3,1320,108.7765288740952,44.87606076883207,237.49557046099355,10.660171508789062
resnet152,2,3,1410,127.65609178848976,54.22255499949891,241.62003883844145,8.957386016845703
resnet152,2,4,210,54.93622206748624,11.14574603239851,62.97471417118553,31.894683837890625
resnet152,2,4,240,56.239812167451255,12.296372986322588,71.41740052851193,28.114795684814453
resnet152,2,4,330,60.04981701018488,15.67965622780146,95.9450546530897,20.975112915039062
resnet152,2,4,420,63.41092495568841,18.690849366943816,119.24734919441352,16.915321350097656
resnet152,2,4,510,66.9404745503661,21.696210243279488,141.29248626236915,14.316797256469728
resnet152,2,4,600,70.25845644086505,24.71184641334213,162.23921262329029,12.537956237792969
resnet152,2,4,690,73.46768526972888,27.706762861352047,182.09895458886416,11.982202529907228
resnet152,2,4,780,76.88354554328282,30.19777535280663,201.11145921074225,11.028051376342772
resnet152,2,4,870,79.54894881180006,32.43100186004567,217.213770989344,9.537458419799805
resnet152,2,4,960,83.14929247586929,35.38757259831828,236.0213332683731,9.24968719482422
resnet152,2,4,1050,83.90292079904721,34.3441575392433,232.9957545559246,9.927034378051758
resnet152,2,4,1140,88.50762873407427,35.929469067407624,240.0480582129865,9.035825729370115
resnet152,2,4,1230,97.3558786959818,40.0739759626485,239.99266948202657,8.74781608581543
resnet152,2,4,1320,110.84506196814314,46.944593862880005,246.6189360630346,9.16457176208496
resnet152,2,4,1410,128.1403597988897,54.70682300989887,241.70119990948848,9.139776229858398
resnet152,2,7,210,57.362237654733065,13.57176161964534,75.2200099239189,26.7019271850586
resnet152,2,7,240,58.9539266096547,15.010487428526034,85.01561303515,23.661375045776367
resnet152,2,7,330,63.3495137705849,18.979352988201484,112.80746747068912,17.869234085083008
resnet152,2,7,420,67.57216674277284,22.852091154028244,138.5058289056543,14.647245407104492
resnet152,2,7,510,71.43897338465318,26.194709077566564,162.4478020306223,12.567996978759766
resnet152,2,7,600,74.97214059663983,29.42553056911692,184.5725279104102,11.141300201416016
resnet152,2,7,690,78.34893857569824,32.58801616732141,204.9882406112706,9.98520851135254
resnet152,2,7,780,81.45630522755933,34.770535037083135,223.54010842039327,9.455680847167969
resnet152,2,7,870,84.21518127587046,37.09723432411607,239.507495786449,10.525226593017578
resnet152,2,7,960,85.06702987430931,37.305309996758304,239.4043365737112,10.370731353759766
resnet152,2,7,1050,86.15713067040127,36.59836741059736,242.2412692065077,10.91909408569336
resnet152,2,7,1140,91.45967206384086,38.881512397174205,240.764805324436,8.949518203735352
resnet152,2,7,1230,100.63344802269314,43.35154528935984,242.39224312505377,10.164499282836914
resnet152,2,7,1320,114.48732284141728,50.58685473615413,248.3386672344372,8.792877197265625
resnet152,2,7,1410,132.44002136181575,59.00648457282492,248.18784634541947,8.861780166625977
resnet152,4,1,210,49.94135905990719,6.15088302481946,28.86658369576968,138.80324363708496
resnet152,4,1,240,50.66993513589409,6.726495954765426,32.87666420094468,121.86884880065918
resnet152,4,1,330,52.6521338680028,8.281973085619384,44.61490761138987,89.86377716064453
resnet152,4,1,420,54.57663691445169,9.856561325707098,55.8394045837573,71.7771053314209
resnet152,4,1,510,56.52005745506387,11.275793147977254,66.34458069334113,60.41502952575684
resnet152,4,1,600,58.14819456842493,12.601584540902016,76.16252212451755,52.66618728637695
resnet152,4,1,690,59.93675435077143,14.175831942394604,85.36277753901024,46.96536064147949
resnet152,4,1,780,61.51137350948824,14.825603319012048,93.96280066047812,42.68455505371094
resnet152,4,1,870,62.99775693474356,15.879809982989173,101.56788523176512,39.52383995056152
resnet152,4,1,960,65.16169779126709,17.39997791371608,109.88464411159238,36.4985466003418
resnet152,4,1,1050,67.41303388782887,17.854270628024963,118.64462275081098,33.81800651550293
resnet152,4,1,1140,72.45785883934573,19.87969917267908,125.51266291479033,31.98432922363281
resnet152,4,1,1230,81.14496826743097,23.863065534097657,132.84560028141115,30.210494995117188
resnet152,4,1,1320,90.24635087745794,26.345882772194805,139.95240235614298,28.665781021118164
resnet152,4,1,1410,107.20472097608682,33.77118418709598,147.19824890156872,27.302026748657227
resnet152,4,2,210,52.552493298846365,8.76201726375864,50.73230979282405,78.97782325744629
resnet152,4,2,240,53.609843908407626,9.66640472727896,57.73825611475204,69.45037841796875
resnet152,4,2,330,56.7205437112406,12.350382928857186,78.40331334520017,51.145315170288086
resnet152,4,2,420,59.66539467829934,14.94531908955475,98.32336638092266,40.804386138916016
resnet152,4,2,510,62.4976927957308,17.253428488644182,117.3192674762045,34.273624420166016
resnet152,4,2,600,65.09513573677367,19.54852570925076,135.5105480080404,29.639005661010746
resnet152,4,2,690,67.74646322441845,21.98554081604162,152.81836368391114,26.26538276672364
resnet152,4,2,780,70.17348723468378,23.487717044207585,169.24884483148207,23.77009391784668
resnet152,4,2,870,72.52266697351162,25.404720021757228,182.950490071348,21.97480201721192
resnet152,4,2,960,75.70962934849796,27.947909470946943,199.42791184196835,20.1876163482666
resnet152,4,2,1050,79.37209842107885,29.81333516127493,217.39171053902817,18.477439880371094
resnet152,4,2,1140,85.03939789155055,32.4612382248839,231.22305098562023,17.44866371154785
resnet152,4,2,1230,95.84672428381816,38.56482155048485,247.38341257551497,16.274213790893555
resnet152,4,2,1320,110.1223710342824,46.22190292901926,262.9582228139405,15.424013137817385
resnet152,4,2,1410,131.73205709790858,58.29852030891775,278.9778195726042,14.45770263671875
resnet152,4,3,210,54.714466742314656,10.923990707226933,68.12169698199817,58.83336067199707
resnet152,4,3,240,56.08049631747597,12.137057136347302,77.53631452579042,51.69343948364258
resnet152,4,3,330,59.852569720270445,15.48240893788703,105.08879854229724,38.19608688354492
resnet152,4,3,420,63.588437471993096,18.868361883248504,131.76953050267392,30.45535087585449
resnet152,4,3,510,67.42767553318478,22.18341122609817,157.6030164567835,28.750896453857425
resnet152,4,3,600,70.91022548861622,25.363615461093303,182.59254979356183,21.96526527404785
resnet152,4,3,690,74.25700401219291,28.49608160381608,206.72009800444465,19.42992210388184
resnet152,4,3,780,77.41969605878424,30.73392586830805,229.92168098413083,17.476558685302734
resnet152,4,3,870,80.54629091487669,33.4283439631223,251.2219611592579,16.022205352783203
resnet152,4,3,960,84.58961579898401,36.82789592143301,275.33851414499964,14.624834060668944
resnet152,4,3,1050,88.91834219315824,39.35957893335433,300.37978736756185,13.471126556396484
resnet152,4,3,1140,96.50359784396127,43.92543817729462,321.4025853532873,13.36359977722168
resnet152,4,3,1230,109.81508042646888,52.53317769313557,345.70925663500725,11.681795120239258
resnet152,4,3,1320,127.92462699785796,64.02415889259484,370.5000489116927,10.859012603759766
resnet152,4,3,1410,156.59689277134746,83.16335598235662,396.6966159534156,10.79702377319336
resnet152,4,4,210,57.08595144187674,13.295475406789013,85.83022732407832,46.70405387878418
resnet152,4,4,240,58.75854910780854,14.815109926679874,97.5664179273194,41.14389419555664
resnet152,4,4,330,63.34581003014343,18.975649247760018,131.6854690516502,30.44652938842773
resnet152,4,4,420,67.77992037946105,23.05984479071645,164.45841680709307,24.3988037109375
resnet152,4,4,510,72.11473073501062,26.870466427924008,195.7805293863264,20.5841064453125
resnet152,4,4,600,76.6142543027549,31.067644275231984,225.87201100958467,17.768144607543945
resnet152,4,4,690,80.74541080112618,34.98448839274936,254.556137939232,15.852212905883787
resnet152,4,4,780,84.58465808849557,37.89888789801938,281.60732101259174,14.348506927490234
resnet152,4,4,870,87.79407329922883,40.67612634747444,303.6595929761173,13.32235336303711
resnet152,4,4,960,92.36088443116223,44.59916455361122,332.51695397430416,12.18414306640625
resnet152,4,4,1050,96.19455395499487,46.63579069519098,362.9828330120837,11.413812637329102
resnet152,4,4,1140,105.35170151380233,52.77354184713566,387.9138746655055,12.488365173339844
resnet152,4,4,1230,121.53961747636431,64.25771474303102,418.1999642240108,9.805679321289062
resnet152,4,4,1320,142.5494272249231,78.64895911965996,447.4977431721994,11.58595085144043
resnet152,4,4,1410,171.94017107195302,98.50663428296218,477.0424513110582,9.048700332641602
resnet152,4,7,210,61.15505752850029,17.36458149341257,112.71865004693258,35.57610511779785
resnet152,4,7,240,63.25743610857961,19.313996927450944,127.74229581386238,31.39066696166992
resnet152,4,7,330,69.30923055477513,24.93906977239171,170.95625312350398,23.51093292236328
resnet152,4,7,420,74.87393327456795,30.15385768582336,211.56619782166783,19.044160842895508
resnet152,4,7,510,80.29177628521407,35.04751197812745,249.85517760070687,16.15619659423828
resnet152,4,7,600,85.26772278093573,39.72111275341281,285.53139324831494,14.18781280517578
resnet152,4,7,690,89.86338758897162,44.10246518059479,318.37398349391344,12.765884399414062
resnet152,4,7,780,94.12933342236468,47.44356323188848,348.4494387053287,11.631011962890623
resnet152,4,7,870,98.39829347722734,51.28034652547295,376.84983432640513,11.23809814453125
resnet152,4,7,960,103.57659141281376,55.81487153526276,410.0443329889249,10.85186004638672
resnet152,4,7,1050,109.70061030254412,60.14184704274021,447.3980024388384,9.375810623168944
resnet152,4,7,1140,119.8696789790651,67.29151931239845,472.8352868116552,9.018659591674805
resnet152,4,7,1230,132.8776391774892,75.59573644415588,469.60152054326113,11.101484298706056
resnet152,4,7,1320,154.40248005793225,90.50201195266912,495.5167080813709,11.301994323730469
resnet152,4,7,1410,175.44105551029276,102.00751872130192,477.891197578655,9.376764297485352
resnet152,8,1,210,50.63675319324732,6.84627715815959,36.69983415937555,218.17588806152344
resnet152,8,1,240,51.47196308068768,7.528523899559012,41.79331078847365,191.5738582611084
resnet152,8,1,330,53.80334279622085,9.433182013837438,56.74247198982189,141.10970497131348
resnet152,8,1,420,56.08760759819199,11.367532009447396,70.85228395007802,113.03973197937012
resnet152,8,1,510,58.02602325294326,12.781758945856645,83.71200028848808,96.36187553405762
resnet152,8,1,600,59.753198289113925,14.206588261591008,95.41611647465146,83.95719528198242
resnet152,8,1,690,61.2887438719294,15.527821463552572,105.9316774600561,75.6380558013916
resnet152,8,1,780,62.881009840862056,16.195239650385865,115.4851521049599,69.36287879943848
resnet152,8,1,870,64.3341780501367,17.21623109838231,123.97912409085092,64.6369457244873
resnet152,8,1,960,66.72490051106523,18.96318063351422,132.9533372424112,60.27579307556152
resnet152,8,1,1050,69.11470796039923,19.55594470059532,141.7937020627082,56.54501914978027
resnet152,8,1,1140,74.15037823941964,21.572218572752988,148.7077492546954,53.92289161682129
resnet152,8,1,1230,82.86749048902446,25.58558775569115,155.72449327208344,51.479339599609375
resnet152,8,1,1320,91.42882864616232,27.5283605408992,162.00661586204956,49.54123497009277
resnet152,8,1,1410,108.05910650687436,34.62556971788352,168.41024152251563,47.6536750793457
resnet152,8,2,210,54.51655307419174,10.726077039104016,66.84466647179023,120.12743949890135
resnet152,8,2,240,55.785925678163146,11.84248649703448,76.10791460170638,105.51595687866212
resnet152,8,2,330,59.52188230310535,15.151721520721935,103.350991872763,77.73351669311523
resnet152,8,2,420,62.99144143423041,18.271365845485818,129.49345982789177,62.00575828552246
resnet152,8,2,510,66.31595263985709,21.07168833277047,153.81707097337687,52.22034454345703
resnet152,8,2,600,69.4870547475041,23.940444719981187,176.235068671908,45.57895660400391
resnet152,8,2,690,72.3651458322972,26.604223423920374,196.97964902520675,40.78364372253418
resnet152,8,2,780,75.1372767350502,28.451506544574,216.252443100243,37.1551513671875
resnet152,8,2,870,77.64532396735315,30.52737701559876,231.99865621172103,34.58237648010254
resnet152,8,2,960,80.84548683861918,33.08376696106817,250.3911178451796,32.056570053100586
resnet152,8,2,1050,84.64088184780341,35.0821185879995,270.8242000838894,29.67190742492676
resnet152,8,2,1140,90.62557205218756,38.047412385520914,285.0919214022177,28.162717819213867
resnet152,8,2,1230,101.23454103327856,43.95263829994525,301.23434895039475,26.65233612060547
resnet152,8,2,1320,116.04467162353777,52.144203518274615,316.5224910063477,25.35319328308105
resnet152,8,2,1410,140.02467026370064,66.5911334747098,332.40032400045385,24.22738075256348
resnet152,8,3,210,56.70930160990855,12.918825574820826,90.61424538443468,88.4404182434082
resnet152,8,3,240,58.37249594287994,14.42905676175127,103.1436894037176,77.67772674560547
resnet152,8,3,330,63.04135834127236,18.67119755888894,140.0620535532301,57.28340148925781
resnet152,8,3,420,67.5005263146244,22.780450725879803,176.02319461672374,45.52483558654785
resnet152,8,3,510,71.8716753925313,26.627411085444685,210.87530227087152,38.01083564758301
resnet152,8,3,600,76.07299183127192,30.526381803749004,244.32622274150435,32.88006782531738
resnet152,8,3,690,80.12166083337686,34.36073842500004,276.52369430910795,29.01697158813477
resnet152,8,3,780,84.22313202411044,37.53736183363425,307.501516836131,26.129722595214844
resnet152,8,3,870,87.81029628846805,40.69234933671366,335.60124820753407,23.91195297241211
resnet152,8,3,960,92.37169659842012,44.60997672086912,366.7557976856394,21.895885467529297
resnet152,8,3,1050,96.46706088908196,46.90829762927805,398.60091099627215,20.177364349365234
resnet152,8,3,1140,105.47024721598125,52.8920875493146,424.5408610288622,18.967151641845703
resnet152,8,3,1230,119.58009122238512,62.2981884890518,454.3315265729732,17.69280433654785
resnet152,8,3,1320,139.85791394530193,75.95744584003879,484.5561359540265,18.24736595153809
resnet152,8,3,1410,170.78754555755708,97.35400876856625,515.2125526211088,15.623807907104492
resnet152,8,4,210,59.835219150641024,16.0447431155533,119.60766365405168,66.98727607727051
resnet152,8,4,240,61.91663638395351,17.973197202824842,136.05421026067583,58.934688568115234
resnet152,8,4,330,67.79969966199342,23.42953887961,184.03587051960105,43.63441467285156
resnet152,8,4,420,73.38711837749541,28.66704278875082,229.9105792664198,34.90567207336426
resnet152,8,4,510,78.69804359022783,33.45377928314121,273.2093941178721,29.372215270996094
resnet152,8,4,600,83.91486095038047,38.36825092285756,314.5126511263206,25.56633949279785
resnet152,8,4,690,88.71033657734525,42.94941416896842,353.5171948124646,22.749900817871094
resnet152,8,4,780,93.15538828354704,46.46961809307086,389.9727554761362,20.68090438842773
resnet152,8,4,870,97.50336453885568,50.38541758710129,423.1043998184781,19.047260284423828
resnet152,8,4,960,102.63333239477504,54.87161251722403,458.34614008799775,17.57979393005371
resnet152,8,4,1050,108.20330436342974,58.64454110362583,497.5430783088152,16.21532440185547
resnet152,8,4,1140,118.12470921526943,65.54654954860278,528.9743023638595,15.236854553222656
resnet152,8,4,1230,136.70156203935142,79.4196593060181,566.3674492815778,14.26982879638672
resnet152,8,4,1320,160.2607739721373,96.36030586687414,601.5030089247599,13.446807861328123
resnet152,8,4,1410,193.60415686551852,120.17062007652774,634.7990365049905,12.772083282470703
resnet152,8,7,210,67.46751848776134,23.67704245267361,163.49675544649273,49.02505874633789
resnet152,8,7,240,70.38302559759305,26.43958641646438,185.59618654295497,43.19906234741211
resnet152,8,7,330,78.91111263597267,34.540951853589256,249.4914337184841,32.23299980163574
resnet152,8,7,420,86.93037674199807,42.21030115325348,309.7127129069461,25.9401798248291
resnet152,8,7,510,93.48590428806146,48.241639980974846,367.0807573805561,21.925687789916992
resnet152,8,7,600,100.26568916319331,54.71907913567041,421.2592792573765,19.129037857055664
resnet152,8,7,690,105.71920266108536,59.95828025270853,470.5551593099137,17.116546630859375
resnet152,8,7,780,111.4994867332195,64.81371654274332,515.9596006189199,15.640020370483398
resnet152,8,7,870,117.28014136549008,70.16219441373569,557.9870025124923,14.423608779907228
resnet152,8,7,960,124.21598442403368,76.45426454648268,607.1903293548746,13.321161270141602
resnet152,8,7,1050,130.87443679159426,81.31567353179035,657.446654141451,12.263774871826172
resnet152,8,7,1140,147.55864058321112,94.98048091654448,703.2869625715136,11.559009552001951
resnet152,8,7,1230,170.35575618784284,113.07385345450952,753.8242708064247,10.73598861694336
resnet152,8,7,1320,207.45585786991643,143.55538976465328,810.266019920402,11.149883270263672
resnet152,8,7,1410,255.61384218035127,182.18030539136043,862.5336672247267,9.525775909423828
resnet152,16,1,210,51.21515002227905,7.424673987191322,42.48458283630621,376.826524734497
resnet152,16,1,240,52.0281568688948,8.08471768776613,48.381825442511534,330.9304714202881
resnet152,16,1,330,54.56326378902644,10.193103006643028,65.66100358794553,243.8364028930664
resnet152,16,1,420,56.85737714093055,12.137301552185953,81.73166971525404,195.9128379821777
resnet152,16,1,510,58.91931885197912,13.675054544892497,96.16760433521452,166.52202606201172
resnet152,16,1,600,60.95807593595559,15.411465908432673,109.02470846447096,146.90136909484863
resnet152,16,1,690,62.80090570876384,17.039983300387014,120.30819970205796,133.131742477417
resnet152,16,1,780,64.44602990634486,17.76025971586867,130.36199827129215,122.87592887878418
resnet152,16,1,870,65.95888977703717,18.84094282528278,139.18871457349107,115.07892608642578
resnet152,16,1,960,68.09470399872198,20.332984121170973,148.44413531500942,107.88679122924805
resnet152,16,1,1050,70.41958202888678,20.86081876908287,157.4039532012009,101.75132751464844
resnet152,16,1,1140,75.57057611813842,22.99241645147177,164.26899907874449,97.54157066345216
resnet152,16,1,1230,82.35576553566251,25.0738628023292,171.192372413634,93.60575675964355
resnet152,16,1,1320,92.82534525688234,28.924877151619206,177.19786064141988,90.45124053955078
resnet152,16,1,1410,109.29712856652624,35.86359177753542,183.23017697692976,87.58306503295898
resnet152,16,2,210,55.48753201515618,11.697055980068452,79.72008176848183,200.8669376373291
resnet152,16,2,240,57.047450323781725,13.104011142653055,90.7992694978104,176.35679244995117
resnet152,16,2,330,61.31879736926956,16.948636586886145,123.33683571369252,129.85658645629883
resnet152,16,2,420,65.14511731797495,20.42504172923036,154.0899462550484,104.0046215057373
resnet152,16,2,510,68.85504456787788,23.610780260791262,181.82452754520625,88.1185531616211
resnet152,16,2,600,72.1133490738206,26.566739046297684,206.87609881417225,77.47650146484375
resnet152,16,2,690,75.22201342800595,29.461091019629123,229.23056307426947,69.90313529968262
resnet152,16,2,780,78.000241949535,31.314471759058804,249.29296637758787,64.30697441101074
resnet152,16,2,870,80.56502798642268,33.44708103466829,266.6687593624308,60.10913848876953
resnet152,16,2,960,83.85264182761344,36.09092195006243,285.6819461919116,56.114912033081055
resnet152,16,2,1050,87.2214135565037,37.6626502966998,304.1985336059776,52.71673202514648
resnet152,16,2,1140,93.1885558107572,40.61039614409056,318.5075548172854,50.369977951049805
resnet152,16,2,1230,103.8031082744625,46.52120554112919,333.37564715708714,48.14267158508301
resnet152,16,2,1320,118.20986876281611,54.30940065755299,346.6471635500911,46.25487327575684
resnet152,16,2,1410,142.76816096128115,69.33462417229032,360.3363697456477,44.55327987670898
resnet152,16,3,210,59.28551862376835,15.495042588680622,110.30246947857287,145.25771141052246
resnet152,16,3,240,61.17232658229871,17.22888740117004,125.63195044129652,127.55465507507324
resnet152,16,3,330,66.79947635884449,22.42931557646107,170.87768861378066,93.7812328338623
resnet152,16,3,420,72.3427453105149,27.622669721770308,214.91024317262583,74.56851005554199
resnet152,16,3,510,77.6625786214896,32.418314314402984,257.60508108601886,62.23607063293457
resnet152,16,3,600,82.2825483913403,36.73593836381738,297.3179406768089,53.957462310791016
resnet152,16,3,690,86.94942493727571,41.18850252889888,334.9112104622386,47.88398742675781
resnet152,16,3,780,91.37981919904392,44.69404900856772,370.33134233272216,43.31398010253906
resnet152,16,3,870,95.3541974343607,48.23625048260631,403.11454609869975,39.80064392089844
resnet152,16,3,960,100.02276981606276,52.26104993851174,435.7423603846976,36.827802658081055
resnet152,16,3,1050,105.24250588422622,55.68374262442231,469.4956463108746,34.201860427856445
resnet152,16,3,1140,114.8114793829724,62.23331971630576,496.98689522053314,32.28473663330078
resnet152,16,3,1230,129.97026390630256,72.68836117296925,526.7505900786721,30.4718017578125
resnet152,16,3,1320,151.19970849933597,87.29924039407283,556.2157433581891,28.888463973999023
resnet152,16,3,1410,185.4047077752884,111.97117098629752,586.5512514008557,27.39405632019043
resnet152,16,4,210,63.53375284124499,19.743276806157265,149.29457676204197,107.35249519348145
resnet152,16,4,240,66.16173971793785,22.21830053680918,169.89719865222753,94.3455696105957
resnet152,16,4,330,73.46293663841706,29.092775856033647,230.1482706977593,69.64302062988281
resnet152,16,4,420,80.19139917978617,35.47132359104158,286.26191548495945,56.04696273803711
resnet152,16,4,510,86.46356014290119,41.21929583581457,338.0559760913317,47.422170639038086
resnet152,16,4,600,92.25582302088392,46.70921299336101,385.7645295144736,41.55540466308594
resnet152,16,4,690,97.91962551690584,52.15870310852903,430.0034200363673,37.31393814086914
resnet152,16,4,780,102.83263305812076,56.14686286764456,470.57768604471744,34.15703773498535
resnet152,16,4,870,107.80758652045144,60.68963956869706,507.1086415273822,31.69536590576172
resnet152,16,4,960,112.8773975794303,65.11567770187929,544.2672538343794,29.515981674194336
resnet152,16,4,1050,118.619553320394,69.06079006059008,584.6651418598371,27.44603157043457
resnet152,16,4,1140,129.10700623397702,76.52884656731037,616.5932561579006,26.07393264770508
resnet152,16,4,1230,148.39166494806562,91.10976221473231,652.7063871256686,24.65343475341797
resnet152,16,4,1320,173.70366292091143,109.80319481564828,686.1388949355768,23.49209785461425
resnet152,16,4,1410,212.24347719823567,138.80994040924492,717.893490049072,22.45187759399414
resnet152,16,7,210,72.0610253326855,28.27054929759778,212.51339411020248,75.3936767578125
resnet152,16,7,240,75.58141092181063,31.63797174068196,241.6428581724042,66.30754470825195
resnet152,16,7,330,86.08741374767916,41.71725296529575,326.8233468567211,49.03864860534668
resnet152,16,7,420,94.81842324033056,50.09834765158597,407.38309474813616,39.40439224243164
resnet152,16,7,510,104.04644745352276,58.80218314643614,483.11212539530806,33.18309783935547
resnet152,16,7,600,112.33894245701364,66.79233242949071,553.3635363565944,29.04605865478516
resnet152,16,7,690,119.67482075711136,73.91389834873453,617.2724401334581,26.01838111877441
resnet152,16,7,780,126.53017704049778,79.84440685002158,674.5225252406121,23.8492488861084
resnet152,16,7,870,132.46860190577024,85.35065495401585,728.0248198895122,22.10092544555664
resnet152,16,7,960,139.28105274643522,91.51933286888422,787.5132687920021,20.450353622436523
resnet152,16,7,1050,147.83862136233665,98.27985810253274,848.2954926316895,19.032001495361328
resnet152,16,7,1140,168.52994880341882,115.95178913675215,905.9931286784368,17.828702926635742
resnet152,16,7,1230,193.90719000884167,136.62528727550844,963.2687135206844,16.752958297729492
resnet152,16,7,1320,232.5496760746984,168.64920796943522,1023.6176053518484,15.729427337646484
resnet152,16,7,1410,290.9863083196317,217.55277153064085,1080.9372819094904,14.95504379272461
resnet152,32,1,210,51.617145933167976,7.82666989808025,47.9255105619269,667.9933071136475
resnet152,32,1,240,52.441617034453486,8.498177853324819,54.57287661637539,586.6444110870361
resnet152,32,1,330,55.1302082611565,10.760047478773089,74.0335467842142,432.4705600738525
resnet152,32,1,420,57.62413712290424,12.904061534159652,92.01795272840144,348.00124168396
resnet152,32,1,510,59.767525318823786,14.52326101173717,107.94185052189492,296.63848876953125
resnet152,32,1,600,61.80592667947853,16.259316651955615,121.78238674676764,262.9337310791016
resnet152,32,1,690,63.62068748525362,17.85976507687679,133.7272774996154,239.4804954528809
resnet152,32,1,780,65.22136206853588,18.53559187805969,144.2467242490125,253.3211708068848
resnet152,32,1,870,66.700661890856,19.582714939101606,153.41165886998797,208.73522758483887
resnet152,32,1,960,68.9329565822115,21.17123670466049,162.87867129292462,201.20954513549805
resnet152,32,1,1050,71.17212319653834,21.613359936734422,171.92175068939846,186.2759590148925
resnet152,32,1,1140,76.44601486275104,23.867855196084392,178.69384057931774,179.28171157836914
resnet152,32,1,1230,83.80302963077999,26.52112689744668,185.74468804915523,172.78313636779785
resnet152,32,1,1320,93.9898254701558,30.089357364892656,191.20931163295103,167.65570640563965
resnet152,32,1,1410,110.23948923079402,36.80595244180319,196.5475689978655,163.21516036987305
resnet152,32,2,210,56.73294195873923,12.942465923651508,91.29647757826768,350.7359027862549
resnet152,32,2,240,58.255828052320325,14.312388871191658,103.98646576797933,307.9361915588379
resnet152,32,2,330,63.03320261699713,18.663041834613715,141.2144254925175,226.7665863037109
resnet152,32,2,420,67.39673929619907,22.67666370745448,175.86235849599888,182.17897415161133
resnet152,32,2,510,71.27227845013451,26.02801414304789,206.61619244592592,155.02309799194336
resnet152,32,2,600,74.72347056597674,29.176860538453823,233.6975504710935,137.04514503479004
resnet152,32,2,690,77.94738520848128,32.18646280010445,257.4052595895807,124.464750289917
resnet152,32,2,780,80.77217525046414,34.08640505998795,278.3527031989967,115.09084701538086
resnet152,32,2,870,83.45503222737766,36.33708527562327,296.3754286992328,108.08730125427246
resnet152,32,2,960,86.58388571117447,38.822165833623465,315.8137525390272,101.43113136291504
resnet152,32,2,1050,88.75040354904256,39.19164028923865,334.1641199304665,95.86954116821288
resnet152,32,2,1140,96.094642117804,43.516482451137335,348.1953015901261,92.03934669494627
resnet152,32,2,1230,106.78553707622136,49.50363434288806,362.54198413161583,88.42110633850098
resnet152,32,2,1320,121.11315469075748,57.21268658549433,374.8935253081669,85.48498153686523
resnet152,32,2,1410,145.69016136804436,72.25662457905352,387.2666734969426,82.9305648803711
resnet152,32,3,210,61.38553573289054,17.595059697802814,128.45450186485849,249.2773532867432
resnet152,32,3,240,63.585797979938505,19.64235879880984,146.34102984531472,218.7895774841309
resnet152,32,3,330,69.8892133980607,25.51905261567729,199.1189375649885,160.8290672302246
resnet152,32,3,420,76.02216998393075,31.30209439518616,250.26450622691087,127.98309326171876
resnet152,32,3,510,81.93733880900577,36.69307450191915,299.4646189261092,106.978178024292
resnet152,32,3,600,87.19490692751137,41.64829689998845,344.06436121927925,93.12701225280762
resnet152,32,3,690,92.19529801598657,46.43437560760973,385.5682636013384,83.13417434692383
resnet152,32,3,780,95.79618493251569,49.11041474203948,423.6159414797602,75.67334175109863
resnet152,32,3,870,100.3483074316006,53.2303604798462,458.3708169821332,69.90933418273926
resnet152,32,3,960,105.075974770285,57.31425489273399,492.4984138095755,65.08016586303711
resnet152,32,3,1050,110.02983917466332,60.4710759148594,526.6909844112565,60.86969375610352
resnet152,32,3,1140,119.78907461092848,67.21091494426183,553.7642687239635,57.9075813293457
resnet152,32,3,1230,134.72288828471292,77.44098555137961,582.7131357280539,55.06157875061035
resnet152,32,3,1320,155.5205995680118,91.62013146274865,609.6114166975565,52.60825157165527
resnet152,32,3,1410,190.18954079879265,116.7560040098018,636.8548643603175,50.44269561767578
resnet152,32,4,210,66.3408175682296,22.55034153314187,176.99204720074593,180.93085289001465
resnet152,32,4,240,69.07333443181491,25.129895250686246,201.45125843420027,158.96272659301758
resnet152,32,4,330,77.35718025381432,32.987019471430905,272.5107476245202,117.51461029052734
resnet152,32,4,420,84.94382549114788,40.22374990240328,336.71500935557805,95.11423110961914
resnet152,32,4,510,91.5026448838673,46.25838057678069,394.2299672718749,81.27737045288086
resnet152,32,4,600,97.65541513181908,52.10880510429615,445.3718329301441,71.94995880126953
resnet152,32,4,690,103.21627264788168,57.45535023950484,491.5686024954383,65.19246101379395
resnet152,32,4,780,108.26351126401715,61.57774107354096,532.9376205707772,60.11795997619629
resnet152,32,4,870,112.90983761956892,65.79189066781453,570.5743942146852,56.18143081665039
resnet152,32,4,960,118.291795118683,70.53007524113198,608.3252829940907,57.54685401916504
resnet152,32,4,1050,123.73303100271224,74.17426774290833,645.7741860017643,49.671173095703125
resnet152,32,4,1140,133.86641331000052,81.28825364333387,675.1866118830769,47.52326011657715
resnet152,32,4,1230,151.51095728698496,94.22905455365164,705.9538282712045,45.49407958984375
resnet152,32,4,1320,175.11704122063043,111.21657311536728,732.9557069449202,43.84875297546387
resnet152,32,4,1410,216.8223637855164,143.38882699652555,759.7690019385581,42.26231575012207
resnet152,32,7,210,82.48677894038563,38.69630290529791,279.78513460374035,114.5193576812744
resnet152,32,7,240,86.35681257748793,42.41337339635926,318.2994125823756,100.71015357971191
resnet152,32,7,330,100.25855970964614,55.88839892726272,430.7686346460161,74.37896728515625
resnet152,32,7,420,113.3358723935414,68.61579680479682,536.015954973872,59.79561805725098
resnet152,32,7,510,125.56327758816838,80.31901328108177,632.2039477431832,50.71544647216797
resnet152,32,7,600,135.45792369984213,89.9113136723192,719.3704811096904,44.61431503295898
resnet152,32,7,690,145.02545854573373,99.26453613735691,795.748807401607,40.311574935913086
resnet152,32,7,780,153.34635800283286,106.66058781235668,860.9324700429212,37.27626800537109
resnet152,32,7,870,161.75832943600835,114.64038248425396,922.1616702388332,34.78193283081055
resnet152,32,7,960,171.14523425374762,123.38351437619662,988.242731976968,32.48929977416992
resnet152,32,7,1050,180.5411182992001,130.98235503939617,1053.1701958005772,30.52377700805664
resnet152,32,7,1140,204.46260957152367,151.88444990485704,1111.4684914805011,28.93209457397461
resnet152,32,7,1230,235.2609763901718,177.9790736568385,1170.448756385037,27.46868133544922
resnet152,32,7,1320,283.84849143246134,219.9480233271982,1229.9685577756566,26.16286277770996
resnet152,32,7,1410,295.58090633182576,222.14736954283487,1244.3870871572929,26.012659072875977
vgg11,1,1,210,49.59500004708874,5.804524012001013,47.418857601331865,21.232128143310547
vgg11,1,1,240,50.590817937340326,6.647378756211658,54.060516962870445,18.643856048583984
vgg11,1,1,330,53.21459278259953,8.844432000216116,73.68249597867046,13.665437698364258
vgg11,1,1,420,55.551978437138025,10.831902848393431,92.28993838626567,10.978221893310549
vgg11,1,1,510,57.76014160545645,12.515877298369835,108.20109051983724,9.393930435180664
vgg11,1,1,600,59.621063158510886,14.074453130987967,121.56876646741216,8.38327407836914
vgg11,1,1,690,61.4847071748007,15.72378476642387,133.0894518442489,7.675409317016602
vgg11,1,1,780,63.13240657055725,16.44663638008106,143.28244610227785,7.120847702026367
vgg11,1,1,870,64.67142932286265,17.55348237110826,152.24923399801975,6.735086441040039
vgg11,1,1,960,66.35166946383484,18.58994958628383,160.96641096884554,6.368160247802734
vgg11,1,1,1050,68.49964473385326,18.94088147404935,168.99764336893224,6.020307540893555
vgg11,1,1,1140,72.75201512104883,20.173855454382178,176.0066597368543,5.809307098388672
vgg11,1,1,1230,80.49504688756635,23.213144154233035,182.7647075442076,5.571603775024414
vgg11,1,1,1320,89.96893588912303,26.06846778385989,188.7154979823933,5.506038665771484
vgg11,1,1,1410,103.79948500780417,30.36594821881333,194.06062709528587,5.308866500854492
vgg11,1,2,210,54.1832868793041,10.392810844216374,89.82057448829596,11.298418045043944
vgg11,1,2,240,55.71386855112759,11.770429369998922,102.28238823859444,9.922027587890623
vgg11,1,2,330,60.04136568817502,15.671204905791605,139.02315499651843,7.35783576965332
vgg11,1,2,420,63.77384331756876,19.05376772882416,173.3244804305296,5.937814712524414
vgg11,1,2,510,67.1314225919254,21.887158284838783,202.4646000025724,5.109310150146484
vgg11,1,2,600,70.21426475468121,24.667654727158293,227.4720541088701,4.571676254272461
vgg11,1,2,690,73.06289948869752,27.301977080320697,249.369773834887,4.167079925537109
vgg11,1,2,780,75.42493300918423,28.73916281870804,268.5919613127534,3.90005111694336
vgg11,1,2,870,77.92989557549504,30.811948623740648,285.9681300232978,3.654956817626953
vgg11,1,2,960,80.68275171660424,32.921031839053235,302.6733293414957,3.4627914428710938
vgg11,1,2,1050,83.65090196998123,34.09213871017732,318.58198059865464,3.300905227661133
vgg11,1,2,1140,90.1923724601438,37.61421279347715,332.2944826183484,3.187894821166992
vgg11,1,2,1230,99.44334309885632,42.16144036552302,345.6411292163951,3.0498504638671875
vgg11,1,2,1320,111.79128388507182,47.89081577980868,358.5419308716464,2.9480457305908203
vgg11,1,2,1410,129.97892724060392,56.54539045161309,370.2446121275178,2.886295318603516
vgg11,1,3,210,57.42054623154623,13.6300701964585,124.2483335504016,8.183717727661133
vgg11,1,3,240,59.44092210886886,15.497482927740194,141.44574783927436,7.221221923828125
vgg11,1,3,330,65.0941701151669,20.72400933278349,192.03266292870023,5.279779434204102
vgg11,1,3,420,70.5082080602088,25.78813247146421,241.3046041039095,4.294872283935547
vgg11,1,3,510,75.42934191347496,30.18507760638834,288.822862001356,3.634214401245117
vgg11,1,3,600,80.2061322527169,34.65952222519398,333.19999811724665,3.178834915161133
vgg11,1,3,690,84.6197373945642,38.85881498618737,372.624349354446,2.7441978454589844
vgg11,1,3,780,88.12174920778632,41.43597901731013,405.5688241167665,2.641916275024414
vgg11,1,3,870,92.00606870056497,44.888121748810576,435.7429244072612,2.484560012817383
vgg11,1,3,960,95.88118724185406,48.119467364303055,465.4063376381002,2.327919006347656
vgg11,1,3,1050,100.25357,50.6948067401961,495.6761564733371,2.0945072174072266
vgg11,1,3,1140,108.28325520833332,55.70509554166668,521.7078060071991,2.089977264404297
vgg11,1,3,1230,120.75461865030674,63.47271591697343,548.3173462935143,2.0003318786621094
vgg11,1,3,1320,137.26345182724253,73.36298372197939,575.0418160418266,1.852273941040039
vgg11,1,3,1410,161.7888272513243,88.35529046233347,600.4653498230584,1.808404922485352
vgg11,1,4,210,61.13409937484777,17.343623339760047,160.67226070916726,6.30497932434082
vgg11,1,4,240,63.55570449308755,19.61226531195889,182.779964826602,5.639553070068359
vgg11,1,4,330,70.43432431755573,26.06416353517232,247.6932506591535,4.213809967041016
vgg11,1,4,420,76.6236754852849,31.90359989654032,309.7414737866029,3.4024715423583984
vgg11,1,4,510,82.01667664449373,36.77241233740711,362.3822650255799,2.9337406158447266
vgg11,1,4,600,86.90004806166402,41.35343803414111,407.341292532905,2.596378326416016
vgg11,1,4,690,91.46694000912407,45.70601760074726,449.1945593030256,2.405405044555664
vgg11,1,4,780,95.31599049012436,48.63022029964817,484.8291718300776,2.2525787353515625
vgg11,1,4,870,99.1564656240779,52.03851867232351,518.0678475299482,2.169370651245117
vgg11,1,4,960,103.38490885033814,55.623188972787126,550.6189491688338,1.8782615661621087
vgg11,1,4,1050,107.912339811543,58.35357655173908,583.368344719388,1.775979995727539
vgg11,1,4,1140,117.24420308788598,64.66604342121933,608.8756677957608,1.8491744995117188
vgg11,1,4,1230,130.5521356083086,73.27023287497528,637.7837074556758,1.658916473388672
vgg11,1,4,1320,148.8896393492016,84.98917124393844,666.9045024923073,1.567840576171875
vgg11,1,4,1410,173.9912119040199,100.5576751150291,692.7053929069202,1.5869140625
vgg11,1,7,210,68.83755019902698,25.047074163939254,218.84344114393545,4.721879959106445
vgg11,1,7,240,72.40120077850327,28.4577615973746,248.06806451741303,4.179716110229492
vgg11,1,7,330,81.75926809878214,37.38910731639873,333.1313642471288,3.1616687774658203
vgg11,1,7,420,90.33586481565771,45.61578922691312,413.68456953983343,2.578258514404297
vgg11,1,7,510,98.40505462598423,53.16079031889763,487.17500506899984,2.11954116821289
vgg11,1,7,600,105.0843768115942,59.537766784071295,551.1818070201622,1.993417739868164
vgg11,1,7,690,111.40495121202824,65.64402880365142,607.4141793502373,1.8434524536132808
vgg11,1,7,780,116.81669179674526,70.13092160626908,657.8882491221204,1.7192363739013672
vgg11,1,7,870,122.25645924369748,75.13851229194309,707.7578696540501,1.5761852264404297
vgg11,1,7,960,129.57561243611585,81.81389255856485,762.5691985025928,1.522064208984375
vgg11,1,7,1050,136.12249471905363,86.56373145924972,815.1415740861837,1.4476776123046875
vgg11,1,7,1140,149.3758221462163,96.79766247954966,858.6322588485043,1.422405242919922
vgg11,1,7,1230,168.32740299823632,111.045500264903,905.674275074757,1.3697147369384766
vgg11,1,7,1320,194.99074835886216,131.09028025359902,954.802713050325,1.305341720581055
vgg11,1,7,1410,230.69239787430683,157.258861085316,999.5607160883033,1.27410888671875
vgg11,2,1,210,48.87227179075779,5.081795755670068,51.35141488410355,39.04819488525391
vgg11,2,1,240,49.74755861933272,5.804119438204047,58.58152771341412,34.26623344421387
vgg11,2,1,330,52.294808800808745,7.92464801842533,80.09220962253781,25.079965591430664
vgg11,2,1,420,54.81463911484733,10.094563526102732,101.28287676023513,19.811391830444336
vgg11,2,1,510,57.20486815108417,11.960603843997552,122.08668726355188,16.535520553588867
vgg11,2,1,600,59.51808074855252,13.971470721029602,141.91056953002726,14.23192024230957
vgg11,2,1,690,61.70581570776956,15.944893299392731,159.6806013356398,12.699604034423828
vgg11,2,1,780,63.58990718001194,16.90413698953575,173.7335757377563,11.671304702758787
vgg11,2,1,870,65.10743978630931,17.989492834554923,184.9604205340568,10.963678359985352
vgg11,2,1,960,66.72003757987399,18.95831770232298,196.12282362126743,10.349750518798828
vgg11,2,1,1050,68.86293396182387,19.30417070201996,206.1893920663377,9.801149368286133
vgg11,2,1,1140,73.43267822679402,20.85451856012737,214.9334336973413,9.456634521484377
vgg11,2,1,1230,81.26504692398119,23.98314419064788,223.1079541100042,9.135246276855469
vgg11,2,1,1320,91.08978544479746,27.18931733953432,230.12347800215625,8.857488632202148
vgg11,2,1,1410,104.67196648072516,31.23842969173434,236.40434513736685,8.633613586425781
vgg11,2,2,210,53.06792171282678,9.277445677739056,110.0050969661562,18.41449737548828
vgg11,2,2,240,54.491029976476575,10.547590795347908,125.37962729698532,16.162633895874023
vgg11,2,2,330,58.44640662997568,14.076245847592268,170.3182656364167,11.916637420654297
vgg11,2,2,420,62.38157516410785,17.66149957536326,213.9086496595487,9.475469589233398
vgg11,2,2,510,66.10724573909663,20.86298143201001,255.5259112389104,7.941722869873047
vgg11,2,2,600,69.27897543729065,23.732365409767738,291.8512500872546,7.088184356689453
vgg11,2,2,690,71.96725892136283,26.206336512986,322.6726542031309,6.374597549438477
vgg11,2,2,780,74.59792223409941,27.912152043623223,353.08771101651695,5.852222442626953
vgg11,2,2,870,77.05973981010837,29.941792858353978,376.83677739976616,5.551338195800781
vgg11,2,2,960,79.97413447976041,32.2124146022094,402.18078277429794,5.232572555541992
vgg11,2,2,1050,83.2812966958212,33.72253343601729,426.6776717248195,4.884958267211914
vgg11,2,2,1140,90.13374933390172,37.55558966723508,449.1140196298446,4.618644714355469
vgg11,2,2,1230,99.9955593544277,42.71365662109439,471.28392918642953,4.407644271850586
vgg11,2,2,1320,112.72055538628943,48.82008728102631,488.0400584824862,4.252910614013672
vgg11,2,2,1410,130.96756620151632,57.53402941252549,506.8248631065604,4.031181335449219
vgg11,2,3,210,57.00041403031636,13.209937995228632,158.19686388509726,12.783050537109377
vgg11,2,3,240,58.89065677906815,14.947217597939478,180.16468362817704,11.249542236328123
vgg11,2,3,330,64.50302752350322,20.132866741119805,245.31140126842624,8.310317993164062
vgg11,2,3,420,69.83695312877508,25.116877540030487,309.42650500812624,6.649494171142578
vgg11,2,3,510,75.19207562944455,29.94781132235793,371.6954977022272,5.554676055908203
vgg11,2,3,600,80.25628526441524,34.70967523689232,431.70839949811307,4.754781723022461
vgg11,2,3,690,84.83685515799827,39.07593274962144,488.6831902626877,4.222869873046875
vgg11,2,3,780,89.14596053884883,42.46019034837264,540.9573017261762,3.8595199584960938
vgg11,2,3,870,93.48968263845676,46.371735686702365,589.9357829217861,3.502845764160156
vgg11,2,3,960,97.9423739390129,50.18065406146189,637.9510824936445,3.303766250610352
vgg11,2,3,1050,102.994593040116,53.43582978031209,685.0047191101575,3.0875205993652344
vgg11,2,3,1140,111.65044291338582,59.07228324671917,726.616341073659,2.926826477050781
vgg11,2,3,1230,125.71482733679524,68.43292460346194,769.4743083601094,2.7620792388916016
vgg11,2,3,1320,143.4214075246787,79.52093941941555,809.0323555104634,2.6540756225585938
vgg11,2,3,1410,169.489682853941,96.05614606495016,847.3928469074799,2.429485321044922
vgg11,2,4,210,60.439766395552354,16.64929036046463,201.8071094190844,10.05840301513672
vgg11,2,4,240,62.944318673647466,19.0008794925188,229.99093237089303,8.862495422363281
vgg11,2,4,330,69.78335271349086,25.41319193110744,312.6681703109123,6.587505340576172
vgg11,2,4,420,76.14366871713464,31.423593128390053,392.6329305889965,5.2509307861328125
vgg11,2,4,510,82.10068870621873,36.85642439913212,468.4634295215212,4.457950592041016
vgg11,2,4,600,87.63559296346413,42.08898293594122,538.1576477969347,3.878355026245117
vgg11,2,4,690,92.82792858256666,47.06700617418983,602.0279652150947,3.504037857055664
vgg11,2,4,780,97.5871094890511,50.90133929857491,659.7757683961644,3.1807422637939453
vgg11,2,4,870,101.84668678267307,54.7287398309187,711.1765739511129,2.984046936035156
vgg11,2,4,960,106.91227187260168,59.15055199505069,762.9545994878715,2.779245376586914
vgg11,2,4,1050,111.91951693901952,62.36075367921562,815.8066189078345,2.523660659790039
vgg11,2,4,1140,122.41504513204572,69.83688546537907,855.8957749182975,2.5174617767333984
vgg11,2,4,1230,137.16648855273917,79.88458581940586,900.7178360832432,2.393960952758789
vgg11,2,4,1320,156.67772479376717,92.77725668850402,945.5848485632418,2.2504329681396484
vgg11,2,4,1410,183.82012807541963,110.3865912864288,986.6758890886836,2.196550369262696
vgg11,2,7,210,70.21166534562914,26.42118931054142,301.65298294450963,6.785869598388672
vgg11,2,7,240,73.87288179419524,29.92944261306657,341.9799301886833,5.986452102661133
vgg11,2,7,330,83.78608846061766,39.41592767823425,457.0642274936485,4.541873931884766
vgg11,2,7,420,92.4077055162659,47.687629927521314,561.1318412975029,3.73697280883789
vgg11,2,7,510,100.4120147914243,55.16775048433768,658.3261424380711,3.1995773315429688
vgg11,2,7,600,107.67764260266269,62.13103257513976,744.8585818258107,2.8450489044189453
vgg11,2,7,690,114.5955733965673,68.83465098819048,828.233299569574,2.582073211669922
vgg11,2,7,780,120.9556307271484,74.26986053667221,901.4279930327074,2.4056434631347656
vgg11,2,7,870,126.90457345046364,79.78662649870924,970.2980479297006,2.23541259765625
vgg11,2,7,960,134.55713362962962,86.79541375207862,1049.5007872968663,2.0148754119873047
vgg11,2,7,1050,139.1759153961136,89.61715213630968,1120.833135000465,1.965045928955078
vgg11,2,7,1140,154.58775639500297,102.00959672833632,1195.829426611912,1.84321403503418
vgg11,2,7,1230,178.25977671355884,120.97787398022552,1273.9367774510156,1.7476081848144531
vgg11,2,7,1320,206.73617181705808,142.8357037117949,1349.0134433967896,1.613140106201172
vgg11,2,7,1410,246.22336502767828,172.78982823868745,1424.8197673333332,1.607656478881836
vgg11,4,1,210,48.76266881403614,4.972192778948414,66.9219413542692,59.86213684082031
vgg11,4,1,240,49.65695678882403,5.7135176076953655,76.37993736000683,52.550554275512695
vgg11,4,1,330,52.15456741163377,7.7844066292503555,104.56731489249682,38.343191146850586
vgg11,4,1,420,54.605878713475015,9.885803124730424,132.42636373600484,30.27033805847168
vgg11,4,1,510,56.981874459969646,11.737610152883027,159.77278939104815,25.10833740234375
vgg11,4,1,600,59.30657538385228,13.759965356329358,185.8594721817032,21.66032791137696
vgg11,4,1,690,61.50971034622599,15.74878793784916,209.53911406741733,19.22774314880371
vgg11,4,1,780,63.39192569109815,16.70615550062196,229.2381449775198,17.565011978149414
vgg11,4,1,870,65.16453568571956,18.04658873396517,245.9518331225763,16.328811645507812
vgg11,4,1,960,66.98731167935728,19.225591801806267,262.3865568978498,15.369176864624023
vgg11,4,1,1050,69.19233378898969,19.63357052918577,277.34833839996423,14.590024948120115
vgg11,4,1,1140,73.98089428277106,21.40273461610441,290.6255593397069,13.926506042480469
vgg11,4,1,1230,82.06885334746745,24.786950614134145,302.9667202981164,13.346195220947266
vgg11,4,1,1320,92.387544713791,28.48707660852785,313.3847411123496,12.907266616821287
vgg11,4,1,1410,106.45067888497934,33.017142095988504,322.6518356993886,12.517213821411133
vgg11,4,2,210,53.11661386921485,9.326137834127127,132.82570347027246,30.26604652404785
vgg11,4,2,240,54.594115828413706,10.65067664728504,151.53781931210807,26.51500701904297
vgg11,4,2,330,58.864136240703175,14.49397545831976,207.12815599771352,19.446611404418945
vgg11,4,2,420,63.13333039965847,18.41325481091388,261.914751338297,15.337228775024414
vgg11,4,2,510,67.22618493447204,21.981920627385428,314.8355350749392,12.853622436523438
vgg11,4,2,600,71.03279717113247,25.48618714360956,365.1553556932917,11.117219924926758
vgg11,4,2,690,74.7367721302999,28.97584972192307,411.8655647794642,9.883880615234377
vgg11,4,2,780,77.80858048780487,31.122810297328684,450.3378795815852,8.982181549072266
vgg11,4,2,870,80.84250736547358,33.72456041371919,484.33391360179104,8.419275283813477
vgg11,4,2,960,83.94064967946643,36.17892980191542,516.9872522344031,7.911920547485352
vgg11,4,2,1050,87.31968491816056,37.76092165835665,547.9193551277641,7.462501525878906
vgg11,4,2,1140,94.84817663257276,42.27001696590612,575.3013604440109,7.102012634277344
vgg11,4,2,1230,105.31026285119668,48.02836011786337,600.4302302604183,6.748676300048828
vgg11,4,2,1320,119.74209790550414,55.841629800241,623.0111279376373,6.584405899047852
vgg11,4,2,1410,138.3824213308896,64.94888454189876,641.9514141174012,6.389617919921875
vgg11,4,3,210,57.166808933710726,13.376332898623,187.8440827011437,21.42620086669922
vgg11,4,3,240,59.19978831919607,15.2563491380674,214.29218220830788,18.74542236328125
vgg11,4,3,330,65.00481311584308,20.634652333459663,292.7810104845498,13.818979263305664
vgg11,4,3,420,70.77310574723377,26.05303015848918,370.2371602191629,10.955095291137695
vgg11,4,3,510,76.61179837090576,31.367534063819143,446.303274700868,9.082317352294922
vgg11,4,3,600,82.19423249521547,36.64762246769256,520.8800850721561,7.8411102294921875
vgg11,4,3,690,87.83616035767511,42.07523794929829,592.6282498604182,6.865978240966797
vgg11,4,3,780,92.9585256772478,46.272755486771615,661.0982436616653,6.214141845703125
vgg11,4,3,870,97.94198352805977,50.824036576305375,726.3070909575665,5.667209625244141
vgg11,4,3,960,103.18531352619232,55.42359364864132,787.7412807812944,5.252599716186523
vgg11,4,3,1050,108.39408801198802,58.83532475218411,845.2806856756897,4.898309707641602
vgg11,4,3,1140,116.28168656240024,63.7035268957336,896.3987870791129,4.637718200683594
vgg11,4,3,1230,133.6034466673799,76.32154393404659,947.5652885441624,4.393815994262695
vgg11,4,3,1320,154.31257412339104,90.4121060181279,995.4807582965328,4.189729690551758
vgg11,4,3,1410,180.9260001191895,107.49246333019866,1039.623396827033,3.909587860107422
vgg11,4,4,210,60.86680478645536,17.07632875136763,248.7834859918024,16.256332397460938
vgg11,4,4,240,63.24045964272694,19.297020461598272,283.6442069546852,14.23931121826172
vgg11,4,4,330,70.51109403422983,26.140933251846413,387.3818618002187,10.478019714355469
vgg11,4,4,420,77.50175568847506,32.781680099730465,489.2794341819977,8.332252502441406
vgg11,4,4,510,84.26797178262169,39.02370747553507,589.221271406358,6.9446563720703125
vgg11,4,4,600,90.71663469799246,45.170024670469545,685.8103057460727,6.012678146362305
vgg11,4,4,690,96.83589500439923,51.07497259602242,777.6533153472476,5.29789924621582
vgg11,4,4,780,102.70911666666667,56.02334647619048,863.9338092582501,4.816770553588867
vgg11,4,4,870,108.31023795359904,61.19229100184465,945.0193236417556,4.415035247802734
vgg11,4,4,960,114.0829275264156,66.3212076488646,1026.000400194324,3.999948501586914
vgg11,4,4,1050,120.27985075239398,70.72108749259007,1103.3204144069944,3.7794113159179688
vgg11,4,4,1140,130.3476102760317,77.76945060936505,1162.7373621840957,3.6160945892333984
vgg11,4,4,1230,149.2832422752809,92.0013395419476,1230.2180214948005,3.4227371215820312
vgg11,4,4,1320,171.97323968503937,108.0727715797762,1292.564965730751,3.27754020690918
vgg11,4,4,1410,201.02504735026653,127.5915105612757,1346.4847655540934,3.034353256225586
vgg11,4,7,210,70.20917301021844,26.41869697513071,370.2285321329436,10.90693473815918
vgg11,4,7,240,73.99184827210884,30.04840909098017,421.298620823006,9.647369384765623
vgg11,4,7,330,84.65809143241627,40.287930650032855,572.6984603580563,7.130622863769531
vgg11,4,7,420,94.93883888076078,50.21876329201619,719.9462300595657,5.720615386962891
vgg11,4,7,510,104.51687641673932,59.27261210965271,862.3453040572559,4.795551300048828
vgg11,4,7,600,113.91146507237256,68.36485504484965,996.8009174609352,4.175424575805664
vgg11,4,7,690,122.8470106761566,77.08608826777976,1124.2198680798545,3.724336624145508
vgg11,4,7,780,130.7654739948947,84.07970380441853,1241.4903424235583,3.389835357666016
vgg11,4,7,870,137.47439914675766,90.35645219500329,1354.609293485962,3.123044967651367
vgg11,4,7,960,145.58399511461857,97.82227523706756,1467.6299217379385,2.900362014770508
vgg11,4,7,1050,154.68633147853734,105.12756821873344,1580.5590033699991,2.7048587799072266
vgg11,4,7,1140,171.96926001389213,119.39110034722547,1682.189613366374,2.5565624237060547
vgg11,4,7,1230,200.07492561983472,142.7930228865014,1793.4789359642511,2.291440963745117
vgg11,4,7,1320,234.22625937934228,170.32579127407914,1899.9280455541093,2.2745132446289062
vgg11,4,7,1410,285.8928494101319,212.45931262114104,2005.531355685163,2.0456314086914062
vgg11,8,1,210,48.79392051938829,5.0034444843005685,80.83705502465139,99.0598201751709
vgg11,8,1,240,49.69410469759015,5.750665516461481,92.27403597666726,86.7767333984375
vgg11,8,1,330,52.28593344768439,7.9157726653009775,126.39100693330406,63.359975814819336
vgg11,8,1,420,54.81985501430464,10.099779425560044,160.1271229015525,50.040483474731445
vgg11,8,1,510,57.34260783927972,12.098343532193104,193.2322781629917,41.49055480957031
vgg11,8,1,600,59.73674238710029,14.190132359577374,224.71478071646425,35.69459915161133
vgg11,8,1,690,61.9310043247043,16.17008191632747,253.17219768482937,31.72516822814941
vgg11,8,1,780,63.96785705361967,17.282086863143476,278.2864324907198,28.883695602416992
vgg11,8,1,870,65.69944576411199,18.581498812357594,300.5666403660955,26.749134063720703
vgg11,8,1,960,67.70072130963517,19.93900143208416,322.4240012084604,24.95026588439941
vgg11,8,1,1050,70.13014025030122,20.57137699049732,342.5777579117771,23.44965934753418
vgg11,8,1,1140,75.15781299999999,22.57965333333334,360.6844678014997,22.31121063232422
vgg11,8,1,1230,83.5866098483283,26.304707114994983,377.4819819670177,21.332263946533203
vgg11,8,1,1320,94.4424242053532,30.54195610009005,391.9845879961994,20.600557327270508
vgg11,8,1,1410,109.41288247959864,35.979345690607815,404.96904182544057,19.88506317138672
vgg11,8,2,210,53.22262886237009,9.432152827282362,158.97138140101893,50.41384696960449
vgg11,8,2,240,54.76491834885535,10.82147916772668,181.41081177293043,44.22259330749512
vgg11,8,2,330,59.2670603521837,14.896899569800285,248.1671983768172,32.35197067260742
vgg11,8,2,420,63.56643638310954,18.846360794364948,313.9359271122204,25.60710906982422
vgg11,8,2,510,67.59437288775607,22.35010858066945,377.217673528934,21.342754364013672
vgg11,8,2,600,71.5992150818052,26.05260505428228,437.11434891421663,18.35465431213379
vgg11,8,2,690,75.41732381217348,29.65640140379665,492.5498562123107,16.292810440063477
vgg11,8,2,780,78.83922119941359,32.153451008937395,541.0095310386155,14.90330696105957
vgg11,8,2,870,82.11124593248479,34.9932989807304,585.4297977830009,13.823270797729492
vgg11,8,2,960,85.60506208034377,37.84334220279276,628.5359179989488,12.8936767578125
vgg11,8,2,1050,89.15323920318097,39.59447594337706,669.1203182012414,12.114286422729492
vgg11,8,2,1140,97.12550422344412,44.54734455677746,705.9463335393817,11.49582862854004
vgg11,8,2,1230,108.3489509083402,51.0670481750069,739.818326250209,10.96796989440918
vgg11,8,2,1320,123.82174873791392,59.92128063265079,769.3578212887861,10.54978370666504
vgg11,8,2,1410,144.26110501943995,70.82756823044912,796.021465054279,10.174036026000977
vgg11,8,3,210,57.98247538512818,14.191999350040458,228.481620511062,35.13026237487793
vgg11,8,3,240,60.01120165439656,16.06776247326789,260.7500068330014,30.767202377319336
vgg11,8,3,330,66.32697816180121,21.956817379417792,356.83495692211864,22.55177497863769
vgg11,8,3,420,72.48029336945672,27.760217780712125,451.9352390150746,17.83466339111328
vgg11,8,3,510,78.6639040348964,33.41963972780979,545.61799207793,14.743566513061523
vgg11,8,3,600,84.69618998117377,39.14957995365086,637.2362329919628,12.68935203552246
vgg11,8,3,690,90.22429857289433,44.46337616451749,724.418202941236,11.087656021118164
vgg11,8,3,780,95.74144385576874,49.05567366529255,806.843709608251,10.083436965942385
vgg11,8,3,870,101.1265823387652,54.00863538701081,885.6251734254936,9.186029434204102
vgg11,8,3,960,106.6712198879552,58.90950001040418,960.664412308479,8.479118347167969
vgg11,8,3,1050,110.96352288581568,61.40475962601178,1032.3299493740576,7.918834686279297
vgg11,8,3,1140,121.67764190636971,69.09948223970306,1098.897466563874,7.34710693359375
vgg11,8,3,1230,141.00587096986015,83.72396823652684,1164.6182897986985,7.038116455078125
vgg11,8,3,1320,163.176074256738,99.27560615147485,1224.6673561198895,6.6852569580078125
vgg11,8,3,1410,192.7119408355988,119.27840404660796,1281.7711779190242,6.402015686035156
vgg11,8,4,210,62.35534948103488,18.56487344594716,300.4435395776898,26.75342559814453
vgg11,8,4,240,64.97937643752702,21.03593725639836,342.8038236093852,23.46944808959961
vgg11,8,4,330,72.85794930352125,28.48778852113784,468.8706283949588,17.220497131347656
vgg11,8,4,420,80.66466449239637,35.94458890365178,593.2307909555296,13.65518569946289
vgg11,8,4,510,88.25088952312463,43.00662521603801,714.9276762403257,11.34181022644043
vgg11,8,4,600,95.39155009431984,49.84494006679692,829.997884428082,9.78374481201172
vgg11,8,4,690,101.90881658439116,56.14789417601433,934.9112934155684,8.693933486938477
vgg11,8,4,780,107.87443437560944,61.18866418513325,1028.9845379522624,7.931232452392578
vgg11,8,4,870,113.35419842884198,66.23625147708759,1115.1122808713064,7.342815399169922
vgg11,8,4,960,118.79549584717608,71.03377596962505,1200.0401751139852,6.832122802734375
vgg11,8,4,1050,124.69787062146894,75.13910736166503,1278.5589630297093,6.353139877319336
vgg11,8,4,1140,135.81588094661174,83.23772127994509,1339.6853099200528,6.137371063232422
vgg11,8,4,1230,156.07005307013995,98.78815033680664,1411.2534184228757,5.808115005493164
vgg11,8,4,1320,180.4781708238851,116.57770271862196,1477.9209365379036,5.513668060302734
vgg11,8,4,1410,212.1961710213777,138.76263423238683,1532.8545934141605,5.383729934692383
vgg11,8,7,210,76.15975505010339,32.36927901501566,501.3191224722992,16.0372257232666
vgg11,8,7,240,80.62984995071373,36.686410769585066,571.0532878720704,14.15419578552246
vgg11,8,7,330,93.64562142575429,49.27546064337087,777.3848494779816,10.340452194213867
vgg11,8,7,420,106.3584088960676,61.638333307323,975.764854945708,8.367776870727539
vgg11,8,7,510,118.19136345276384,72.94709914567724,1166.2684255717295,7.007837295532227
vgg11,8,7,600,128.45785420149582,82.91124417397289,1346.4249572193864,6.104946136474609
vgg11,8,7,690,139.38086180274078,93.61993939436395,1513.784573859474,5.449533462524414
vgg11,8,7,780,149.29669575926323,102.61092556878704,1670.1952118433344,4.971981048583984
vgg11,8,7,870,159.20310211899917,112.08515516724478,1820.5180276655065,4.583120346069336
vgg11,8,7,960,168.5056022249691,120.7438823474181,1955.7869834184,4.286289215087891
vgg11,8,7,1050,178.92642416417505,129.36766090437112,2095.185197275687,3.9582252502441406
vgg11,8,7,1140,199.4562406856496,146.87808101898287,2216.466533789379,3.78561019897461
vgg11,8,7,1230,233.24639155470248,175.96448882136917,2348.6194393310584,3.5636425018310547
vgg11,8,7,1320,272.77975615530306,208.87928805003992,2467.853194971175,3.340005874633789
vgg11,8,7,1410,297.8325531914893,224.3990164024985,2536.303235585553,3.276824951171875
vgg11,16,1,210,48.63242421159446,4.841948176506736,84.97244816122911,188.38214874267567
vgg11,16,1,240,49.48892106461523,5.545481883486566,97.02118373187903,164.9923324584961
vgg11,16,1,330,52.04636227865928,7.676201496275858,132.91518043174025,120.44358253479004
vgg11,16,1,420,54.52848599983692,9.808410411092323,168.3472189697945,95.1225757598877
vgg11,16,1,510,56.91144488899493,11.667180581908312,203.2229435063689,78.8116455078125
vgg11,16,1,600,59.22835811484754,13.68174808732462,236.3072426691248,67.81601905822754
vgg11,16,1,690,61.42484165289524,15.663919244518413,267.08403599062046,59.97729301452637
vgg11,16,1,780,63.53132814743037,16.84555795695418,296.0431577194534,54.17537689208984
vgg11,16,1,870,65.52984889887817,18.41190194712378,323.3229809706746,49.59416389465332
vgg11,16,1,960,67.62747814062013,19.86575826306912,350.5544623675312,45.75848579406738
vgg11,16,1,1050,70.22169753498375,20.66293427517984,376.5210886119348,42.57631301879883
vgg11,16,1,1140,75.69793969354657,23.119780026879923,400.3524247929706,40.08984565734863
vgg11,16,1,1230,84.25702171220907,26.97511897887576,422.6894618976169,38.03682327270508
vgg11,16,1,1320,95.72019709847773,31.81972899321457,442.6993751651016,36.32354736328125
vgg11,16,1,1410,111.70986069615309,38.27632390716225,460.9022378933773,34.832000732421875
vgg11,16,2,210,52.94803164384804,9.157555608760315,168.86359963891036,94.93494033813477
vgg11,16,2,240,54.461688774144896,10.518249593016227,192.7411292221541,83.08672904968262
vgg11,16,2,330,58.6787828780256,14.308622095642178,263.94080159666663,60.71066856384277
vgg11,16,2,420,62.93293208851431,18.21285649976972,334.05640870357286,47.979116439819336
vgg11,16,2,510,67.00486303611667,21.760598729030058,401.55365275951095,39.95013236999512
vgg11,16,2,600,70.84464761153245,25.29803758400953,465.8333217737821,34.446001052856445
vgg11,16,2,690,74.55618347864932,28.79526107027249,526.4332708955203,30.51114082336425
vgg11,16,2,780,78.19847804125416,31.51270785077797,583.5330578086074,27.48417854309082
vgg11,16,2,870,81.67598215632567,34.55803520457128,638.1634921970452,25.147199630737305
vgg11,16,2,960,85.52390651958407,37.762186642033065,691.7724066746787,23.254871368408203
vgg11,16,2,1050,89.60711382288952,40.048350563085606,743.2716379280372,21.65985107421875
vgg11,16,2,1140,98.19956830674955,45.62140864008292,791.3130599021209,20.371437072753903
vgg11,16,2,1230,110.16395313446748,52.88205040113418,836.3806063591843,19.29187774658203
vgg11,16,2,1320,126.84132342602246,62.94085532075931,876.207437241316,18.4011459350586
vgg11,16,2,1410,150.2104659457836,76.77692915679276,912.5619705644408,17.630815505981445
vgg11,16,3,210,57.46465194406814,13.674175908980413,245.06384475496893,65.36531448364258
vgg11,16,3,240,59.58010048923679,15.636661308108124,279.78691673076844,57.25932121276856
vgg11,16,3,330,65.76167161698152,21.3915108345981,383.32938071649295,41.84103012084961
vgg11,16,3,420,72.09913310156824,27.37905751282365,485.900823122796,33.02907943725586
vgg11,16,3,510,78.4014155121067,33.15715120502008,587.1377219043208,27.37736701965332
vgg11,16,3,600,84.02873602982616,38.48212600230325,685.7941016623281,23.50115776062012
vgg11,16,3,690,89.83099569445476,44.07007328607793,780.1056305431531,20.661115646362305
vgg11,16,3,780,95.09081674630636,48.40504655583018,868.9861239012545,18.549203872680664
vgg11,16,3,870,100.32747384615384,53.20952689439946,954.6859363058868,16.932010650634766
vgg11,16,3,960,106.3387256648805,58.57700578732949,1039.8755948697335,15.53940773010254
vgg11,16,3,1050,110.9141828265954,61.35541956679148,1123.7798873700633,14.375448226928713
vgg11,16,3,1140,122.50841312288924,69.93025345622259,1203.3127849598611,13.468503952026367
vgg11,16,3,1230,142.20788806133623,84.92598532800292,1282.0311709425505,12.65716552734375
vgg11,16,3,1320,166.38913357373315,102.48866546847,1355.1954008570465,11.988401412963867
vgg11,16,3,1410,199.1643665634429,125.73082977445208,1424.980159639486,11.388540267944336
vgg11,16,4,210,62.29731600244867,18.506839967360943,326.988680388227,49.02052879333496
vgg11,16,4,240,65.08191416151423,21.138474980385567,373.2674871887922,42.95468330383301
vgg11,16,4,330,73.07547047709022,28.70530969470681,511.3007171197754,31.39734268188477
vgg11,16,4,420,80.76932298380433,36.04924739505974,647.8482598465217,24.759769439697266
vgg11,16,4,510,88.31881520690592,43.07455089981931,781.4386549192336,20.602703094482425
vgg11,16,4,600,95.53955185637092,49.992941828848,908.773119338806,17.746686935424805
vgg11,16,4,690,102.40326647740105,56.642344069024205,1026.3968290766225,15.723705291748049
vgg11,16,4,780,108.6732534358937,61.9874832454175,1137.7180027547415,14.156579971313477
vgg11,16,4,870,114.45935134496476,67.34140439321037,1243.6665807257075,13.010025024414062
vgg11,16,4,960,120.7337426737968,72.9720227962458,1348.045650290809,11.924266815185549
vgg11,16,4,1050,127.44637268828733,77.8876094284834,1444.006350882293,11.20591163635254
vgg11,16,4,1140,139.83175200146394,87.25359233479729,1522.69052402869,10.588407516479492
vgg11,16,4,1230,161.978979365525,104.69707663219168,1613.3607281541647,10.081291198730469
vgg11,16,4,1320,189.51111507508097,125.61064696981782,1693.4226443219495,9.540319442749023
vgg11,16,4,1410,226.88493734674472,153.45140055775389,1770.0581993698909,9.181022644042969
vgg11,16,7,210,76.90003265661758,33.109556621529855,548.8634290734939,29.26564216613769
vgg11,16,7,240,81.41355996819718,37.47012078706851,626.0655264519033,25.679349899291992
vgg11,16,7,330,94.99457544458902,50.6244146622056,855.8574381517228,18.82362365722656
vgg11,16,7,420,108.1984905447071,63.478414955962506,1081.4900722381524,14.868974685668944
vgg11,16,7,510,120.50294514767933,75.25868084059269,1301.1824356720874,12.449264526367188
vgg11,16,7,600,132.84557090248452,87.2989608749616,1509.533396745756,10.696172714233398
vgg11,16,7,690,144.62518767689963,98.8642652685228,1703.7883218178083,9.464025497436523
vgg11,16,7,780,155.39639019320128,108.71062000272512,1886.1732139563624,8.671045303344727
vgg11,16,7,870,166.9256795371901,119.8077325854357,2064.643653386488,7.912635803222656
vgg11,16,7,960,178.0977665,130.336046622449,2240.320186599697,7.29680061340332
vgg11,16,7,1050,187.2705506597907,137.7117873999868,2406.468034331632,6.783962249755859
vgg11,16,7,1140,212.67740703764323,160.09924737097657,2565.007054357018,6.41942024230957
vgg11,16,7,1230,250.75032356296623,193.4684208296329,2727.1039820636665,5.928993225097656
vgg11,16,7,1320,295.8571205229227,231.9566524176596,2872.1885018022344,5.708456039428711
vgg11,16,7,1410,298.1511071230854,224.71757033409452,2902.816707913913,5.629062652587891
vgg11,32,1,210,48.55743891807293,4.766962882985207,92.74265030852406,345.15929222106934
vgg11,32,1,240,49.52950316781375,5.586063986685083,105.91265686237216,302.2465705871582
vgg11,32,1,330,52.07655916787744,7.706398385494019,145.17956420349518,220.51644325256348
vgg11,32,1,420,54.52940316095474,9.809327572210153,183.9267574234255,174.11112785339355
vgg11,32,1,510,56.970704397894565,11.726440090807948,222.04831969895025,144.20413970947266
vgg11,32,1,600,59.32492352122179,13.778313493698873,258.04111827339824,124.10783767700195
vgg11,32,1,690,61.57278272187996,15.811860313503134,291.4013366800152,109.90500450134276
vgg11,32,1,780,63.7138275778845,17.02805738740831,322.6902539177934,99.24554824829102
vgg11,32,1,870,65.8331186857161,18.71517173396171,352.3182512180365,90.9121036529541
vgg11,32,1,960,68.27631865451137,20.51459877696036,381.238904188434,83.99438858032227
vgg11,32,1,1050,70.98562267752315,21.426859417719243,408.9417744060104,78.32884788513184
vgg11,32,1,1140,76.57901857248225,24.000858905815605,434.369867669564,73.8227367401123
vgg11,32,1,1230,85.0982627988492,27.81636006551589,457.8396801724411,70.13964653015137
vgg11,32,1,1320,96.67222311916424,32.77175501390109,478.7538736441418,67.19589233398438
vgg11,32,1,1410,112.93740796694216,39.50387117795131,497.7866503603904,64.36586380004883
vgg11,32,2,210,53.19451101278184,9.404034977694112,183.98080678911955,174.027681350708
vgg11,32,2,240,54.60104677739897,10.657607596270305,209.96613472693485,152.52947807312012
vgg11,32,2,330,59.05978628304919,14.68962550066577,287.1931878812935,111.4954948425293
vgg11,32,2,420,63.399559648784695,18.679484060040103,362.9206809453939,88.27066421508789
vgg11,32,2,510,67.54446698673733,22.30020267965072,435.6210795189788,73.52542877197266
vgg11,32,2,600,71.61951612395909,26.07290609643617,504.2307391061239,63.56024742126465
vgg11,32,2,690,75.49328993765742,29.732367529280594,568.8246496640818,56.34021759033203
vgg11,32,2,780,78.93549793353785,32.249727743061655,629.2177869122883,50.952911376953125
vgg11,32,2,870,82.4244715679659,35.306524616211505,686.65401921186,46.72050476074219
vgg11,32,2,960,86.11860149627609,38.35688161872508,742.6720601617624,43.2584285736084
vgg11,32,2,1050,90.10959376761411,40.55083050781022,796.5894332183891,40.2677059173584
vgg11,32,2,1140,98.83107000059964,46.25291033393299,846.369719682617,37.91499137878418
vgg11,32,2,1230,110.97288518920809,53.69098245587477,892.428427009334,35.939693450927734
vgg11,32,2,1320,127.87338193769205,63.9729138324289,933.7550513015289,34.380197525024414
vgg11,32,2,1410,152.71879225948737,79.28525547049654,971.5944708955478,33.06770324707031
vgg11,32,3,210,58.68145813735533,14.890982102267603,275.15520560249064,116.45722389221191
vgg11,32,3,240,60.94871843657524,17.005279255446574,314.13077883826384,101.94730758666992
vgg11,32,3,330,67.56369875350026,23.193537971116847,430.43160818285145,74.42498207092285
vgg11,32,3,420,74.13345714900206,29.413381560257463,545.7640028229724,58.73656272888184
vgg11,32,3,510,80.4714859734343,35.22722166634768,659.5516844384792,48.61783981323242
vgg11,32,3,600,86.52074504662005,40.97413501909713,769.7214062254551,41.66841506958008
vgg11,32,3,690,92.5530509335985,46.79212852522167,874.5723462604392,36.6666316986084
vgg11,32,3,780,98.33838647024558,51.65261627976939,973.5586376876678,32.95278549194336
vgg11,32,3,870,103.90320408163264,56.78525712987826,1068.6886860042523,30.084848403930664
vgg11,32,3,960,109.14237360712286,61.380653729571854,1162.815866393269,27.634620666503903
vgg11,32,3,1050,114.5795769216494,65.0208136618455,1255.0181442513426,25.651216506958008
vgg11,32,3,1140,126.47689782102812,73.89873815436148,1342.7022960669456,23.998260498046875
vgg11,32,3,1230,147.3592371555916,90.07733442225828,1429.1024006501927,22.527456283569336
vgg11,32,3,1320,173.14410820122595,109.2436400959628,1509.5609951416996,21.274566650390625
vgg11,32,3,1410,211.7707282704513,138.3371914814605,1585.812364545744,20.333290100097656
vgg11,32,4,210,62.944326790788935,19.15385075570121,356.3807696892144,89.86091613769531
vgg11,32,4,240,65.42441951031176,21.480980329183097,406.76832349186975,78.81331443786621
vgg11,32,4,330,73.53820761971956,29.168046837336146,557.1422205878738,57.53040313720703
vgg11,32,4,420,81.93289080311895,37.21281521437436,705.7882189698279,45.42708396911621
vgg11,32,4,510,89.75189007444835,44.50762576736174,850.7660128107741,37.68634796142578
vgg11,32,4,600,96.95185665189332,51.405246624370406,987.7033963724994,32.52458572387695
vgg11,32,4,690,103.9088140182276,58.14789160985077,1115.155905474633,28.81479263305664
vgg11,32,4,780,110.12275572727096,63.43698553679476,1234.2744915803207,26.00359916687012
vgg11,32,4,870,116.19149337320016,69.07354642144577,1346.568657188646,23.881912231445312
vgg11,32,4,960,122.67601586752464,74.91429598997362,1456.7310170686903,22.11928367614746
vgg11,32,4,1050,129.58905136382305,80.03028810401914,1560.5971129339066,20.60127258300781
vgg11,32,4,1140,142.0611681981719,89.48300853150526,1643.8804318747862,19.697904586791992
vgg11,32,4,1230,164.2793089068217,106.9974061734884,1736.4500870772915,18.58139038085937
vgg11,32,4,1320,192.7523050230463,128.85183691778315,1820.1017040470608,17.708301544189453
vgg11,32,4,1410,235.5051543385873,162.0716175495965,1901.6212909316423,16.939163208007812
vgg11,32,7,210,80.44447972652266,36.65400369143493,636.9143497945372,50.3537654876709
vgg11,32,7,240,85.5859027005744,41.64246351944573,726.5112658979734,44.19922828674317
vgg11,32,7,330,100.5036627837232,56.1335020013398,992.622447649102,32.37295150756836
vgg11,32,7,420,114.86105779816516,70.14098220942056,1254.9087108255026,25.613784790039062
vgg11,32,7,510,129.5028103790003,84.25854607191368,1509.6597476168804,21.35324478149414
vgg11,32,7,600,143.02635994444444,97.4797499169215,1747.0703896728205,18.454551696777344
vgg11,32,7,690,155.9316193778111,110.17069696943427,1965.6399802609324,16.424894332885742
vgg11,32,7,780,168.1470599190003,121.46128972852412,2171.026035489423,14.8773193359375
vgg11,32,7,870,179.19205361818388,132.0741066664295,2370.3092049264064,13.643264770507812
vgg11,32,7,960,191.1603962961442,143.3986764185932,2567.0458526484235,12.61591911315918
vgg11,32,7,1050,201.12241279804715,151.56364953824323,2745.7711986087743,11.75069808959961
vgg11,32,7,1140,229.929129683402,177.35097001673537,2925.1309709135194,11.123895645141602
vgg11,32,7,1230,272.25630035874,214.97439762540665,3105.0943472352856,10.391712188720703
vgg11,32,7,1320,296.21334089305515,232.312872787792,3185.5246890121302,10.31780242919922
vgg11,32,7,1410,297.748649601408,224.3151128124172,3213.0475475540434,10.301351547241213
mobilenet_v3_large,2,1,210,46.94833449359029,3.157858458502562,175.73820997301806,11.533737182617188
mobilenet_v3_large,2,1,240,47.37734260522213,3.433903424093465,199.3188377999716,10.18977165222168
mobilenet_v3_large,2,1,330,48.66677505668935,4.296614274305931,267.7243240802246,7.544994354248047
mobilenet_v3_large,2,1,420,49.890984063745016,5.170908475000424,332.40016742513603,6.178617477416992
mobilenet_v3_large,2,1,510,51.12071077216396,5.876446465077343,393.23317169385297,5.24139404296875
mobilenet_v3_large,2,1,600,52.25781537616694,6.71120534864402,450.0665577283729,4.569530487060547
mobilenet_v3_large,2,1,690,53.3499449121963,7.589022503819473,503.0721956878569,4.192352294921875
mobilenet_v3_large,2,1,780,54.38249224544842,7.696722054972229,552.4793991014121,3.831863403320313
mobilenet_v3_large,2,1,870,55.42112257670585,8.303175624951457,596.573163161296,3.927946090698242
mobilenet_v3_large,2,1,960,56.93707881097561,9.175358933424604,646.846247590363,3.352880477905273
mobilenet_v3_large,2,1,1050,58.03049473362845,8.47173147382454,649.2947827198415,3.384590148925781
mobilenet_v3_large,2,1,1140,62.1853105295378,9.607150862871151,652.2872074614879,3.993511199951172
mobilenet_v3_large,2,1,1230,67.50372040534316,10.221817672009848,658.6928778953502,4.03141975402832
mobilenet_v3_large,2,1,1320,74.74156561499771,10.841097509734574,661.4179841575066,3.739595413208008
mobilenet_v3_large,2,1,1410,84.89725921834001,11.463722429349176,651.553879295522,3.8604736328125
mobilenet_v3_large,2,2,210,47.88714109711611,4.096665062028381,265.4204168096412,7.704019546508789
mobilenet_v3_large,2,2,240,48.46158054045893,4.518141359330265,300.09014304217,6.818056106567383
mobilenet_v3_large,2,2,330,50.065875394321765,5.6957146119383495,399.189977182293,5.211830139160156
mobilenet_v3_large,2,2,420,51.58919216601178,6.869116577267192,490.547327047087,4.197597503662109
mobilenet_v3_large,2,2,510,52.97241406849946,7.728149761412844,575.1042472291864,3.894805908203125
mobilenet_v3_large,2,2,600,54.23529078014184,8.68868075261892,644.5603436044445,3.867387771606445
mobilenet_v3_large,2,2,690,54.922395719985495,9.161473311608669,671.3577712178948,3.835439682006836
mobilenet_v3_large,2,2,780,54.93667648942986,8.250906298953668,640.6690409544693,3.75676155090332
mobilenet_v3_large,2,2,870,55.632124037945225,8.514177086190834,662.097566912549,3.90625
mobilenet_v3_large,2,2,960,56.770615634649765,9.008895757098756,683.3074453413213,3.762245178222656
mobilenet_v3_large,2,2,1050,57.43751958983777,7.878756330033859,656.3748092984214,3.56435775756836
mobilenet_v3_large,2,2,1140,61.54994524761612,8.971785580949465,661.7985032099082,3.835916519165039
mobilenet_v3_large,2,2,1230,66.53133715267832,9.249434419345008,649.8520318717699,3.854513168334961
mobilenet_v3_large,2,2,1320,73.81159250285063,9.911124397587493,659.1826594656835,3.791570663452149
mobilenet_v3_large,2,2,1410,84.4952349945996,11.061698205608764,676.0144408557576,3.7941932678222656
mobilenet_v3_large,2,3,210,48.49961189755339,4.709135862465668,321.70805545295707,6.38270378112793
mobilenet_v3_large,2,3,240,49.14661982684807,5.203180645719399,363.13860213554784,5.551815032958984
mobilenet_v3_large,2,3,330,50.88427454344895,6.514113761065538,480.29230206873575,4.374504089355469
mobilenet_v3_large,2,3,420,52.52667536855037,7.806599779805779,587.5713309311477,3.944158554077149
mobilenet_v3_large,2,3,510,53.5211911716975,8.276926864610886,640.3142973387966,3.7174224853515625
mobilenet_v3_large,2,3,600,54.06273753612717,8.516127508604255,656.1022515526608,3.745794296264648
mobilenet_v3_large,2,3,690,54.29013552915767,8.52921312078084,642.8670047793713,3.708362579345703
mobilenet_v3_large,2,3,780,55.08367305952597,8.397902869049775,677.7064160444171,3.7276744842529297
mobilenet_v3_large,2,3,870,55.620396243453136,8.502449291698746,686.0105998783491,3.825902938842773
mobilenet_v3_large,2,3,960,55.98046983830845,8.218749960757442,642.5183176829779,3.542423248291016
mobilenet_v3_large,2,3,1050,57.08332375979112,7.52456049998721,652.5362437171929,3.8251876831054688
mobilenet_v3_large,2,3,1140,61.13176240808824,8.553602741421585,659.0588933800805,3.820657730102539
mobilenet_v3_large,2,3,1230,66.45010807491556,9.16820534158225,670.8096019882418,3.749847412109375
mobilenet_v3_large,2,3,1320,73.31598664004915,9.41551853478601,657.4950121531158,3.5092830657958984
mobilenet_v3_large,2,3,1410,83.82406022988506,10.390523440894228,667.3756050581766,3.719568252563477
mobilenet_v3_large,2,4,210,49.02893778538813,5.238461750300405,360.7172123439552,5.737543106079102
mobilenet_v3_large,2,4,240,49.68636879134727,5.742929610218603,406.3269845549296,5.136728286743164
mobilenet_v3_large,2,4,330,51.61958772989663,7.249426947513214,533.8835473907673,4.201412200927734
mobilenet_v3_large,2,4,420,52.98088754705144,8.260811958306846,619.2982896247577,3.948211669921875
mobilenet_v3_large,2,4,510,53.98643471223021,8.742170405143597,670.2520608687144,3.1669139862060547
mobilenet_v3_large,2,4,600,54.18101831238779,8.634408284864874,658.5953677525515,3.785848617553711
mobilenet_v3_large,2,4,690,54.97531577047997,9.214393362103149,692.0723968780854,3.385782241821289
mobilenet_v3_large,2,4,780,55.16124524886878,8.475475058392592,675.4720075172621,3.75056266784668
mobilenet_v3_large,2,4,870,55.827545700378586,8.709598748624195,696.7534704745123,3.2584667205810547
mobilenet_v3_large,2,4,960,56.534259133527314,8.772539255976305,672.2349403982466,3.715276718139648
mobilenet_v3_large,2,4,1050,57.44152376528874,7.882760505484832,677.4758826213541,3.461122512817383
mobilenet_v3_large,2,4,1140,61.463982175783656,8.885822509117006,659.0310293755381,4.015922546386719
mobilenet_v3_large,2,4,1230,66.67649269567892,9.394589962345606,670.560058963441,3.8559436798095694
mobilenet_v3_large,2,4,1320,74.28188912645082,10.381421021187684,679.1440710567024,3.7424564361572266
mobilenet_v3_large,2,4,1410,84.94637394116742,11.512837152176589,681.7154882635232,3.801345825195313
mobilenet_v3_large,2,7,210,50.40684961060829,6.616373575520565,406.2287771985999,5.142450332641602
mobilenet_v3_large,2,7,240,51.16027819372953,7.216839012600865,454.7913297888512,4.636526107788086
mobilenet_v3_large,2,7,330,53.30541782178218,8.935257039398763,585.4568970228496,4.021406173706055
mobilenet_v3_large,2,7,420,54.43766601784266,9.717590429098069,641.333139851512,3.7386417388916016
mobilenet_v3_large,2,7,510,55.3936662473041,10.14940194021748,680.6252893036065,10.614395141601562
mobilenet_v3_large,2,7,600,55.32070551337075,9.774095485847829,648.3610137708298,4.576921463012695
mobilenet_v3_large,2,7,690,56.25206352348389,10.491141115107064,682.9030318102696,3.4894943237304688
mobilenet_v3_large,2,7,780,56.82323001984485,10.13745982936866,691.2833749815526,3.678798675537109
mobilenet_v3_large,2,7,870,57.140839167115416,10.022892215361026,683.620140962557,3.722667694091797
mobilenet_v3_large,2,7,960,58.407956268221575,10.646236390670566,698.2230919284327,3.748655319213867
mobilenet_v3_large,2,7,1050,58.79726744563453,9.23850418583062,666.857053222497,3.824949264526367
mobilenet_v3_large,2,7,1140,62.44625619962802,9.868096532961369,669.5430427365973,3.810405731201172
mobilenet_v3_large,2,7,1230,68.73861699142634,11.45671425809303,680.3037460958257,3.734111785888672
mobilenet_v3_large,2,7,1320,76.81180764975502,12.911339544491888,697.0842442948293,3.087282180786133
mobilenet_v3_large,2,7,1410,87.69629613208988,14.262759343099049,667.4737224644028,3.148794174194336
mobilenet_v3_large,4,1,210,47.53155799079426,3.741081955706537,215.405793206766,18.69368553161621
mobilenet_v3_large,4,1,240,48.053474357004575,4.110035175875908,244.6840464696873,16.472816467285156
mobilenet_v3_large,4,1,330,49.60099482583011,5.230834043446691,329.8990605539764,12.21466064453125
mobilenet_v3_large,4,1,420,51.092850900532135,6.372775311787542,411.24883221217954,9.89079475402832
mobilenet_v3_large,4,1,510,52.52849652126565,7.284232214179035,488.3936456132518,8.34798812866211
mobilenet_v3_large,4,1,600,53.84565918847805,8.299049160955134,560.9114098958156,7.305622100830078
mobilenet_v3_large,4,1,690,55.09299360920275,9.332071200825924,628.268120298431,6.53076171875
mobilenet_v3_large,4,1,780,56.316081193615545,9.630311003139356,691.0236780372792,5.947113037109375
mobilenet_v3_large,4,1,870,57.47308337285402,10.35513642109963,747.4170800887141,5.506277084350586
mobilenet_v3_large,4,1,960,59.45478949368291,11.6930696161319,816.2168211762926,5.053281784057617
mobilenet_v3_large,4,1,1050,61.32073966369931,11.761976403895396,878.6099970741569,4.713773727416992
mobilenet_v3_large,4,1,1140,65.97935737809412,13.401197711427471,938.7374546652144,4.423141479492188
mobilenet_v3_large,4,1,1230,73.37733198645844,16.095429253125133,999.3660180328412,4.04047966003418
mobilenet_v3_large,4,1,1320,82.50186618721999,18.60139808195685,1057.2684348600817,3.975152969360352
mobilenet_v3_large,4,1,1410,95.23852345649004,21.8049866674992,1112.5990743058794,3.92007827758789
mobilenet_v3_large,4,2,210,49.168426609016805,5.37795057392908,357.96575110062435,11.321783065795898
mobilenet_v3_large,4,2,240,49.885284874508,5.941845693379328,406.2570539247343,9.901285171508787
mobilenet_v3_large,4,2,330,52.01152753902221,7.641366756638796,545.1562711501936,7.510900497436523
mobilenet_v3_large,4,2,420,53.998589494669325,9.278513905924733,676.6582792557489,6.075859069824219
mobilenet_v3_large,4,2,510,55.826850283078215,10.5825859759916,800.1656550987462,5.062580108642578
mobilenet_v3_large,4,2,600,57.64521020670326,12.098600179180345,917.2580698542264,4.54401969909668
mobilenet_v3_large,4,2,690,59.40722523240372,13.646302824026892,1026.0253824966132,4.114389419555664
mobilenet_v3_large,4,2,780,61.0692923851671,14.383522194690912,1127.859075779151,4.238367080688477
mobilenet_v3_large,4,2,870,62.55402993552349,15.436082983769095,1214.900538277937,3.783702850341797
mobilenet_v3_large,4,2,960,64.9699976295828,17.208277752031798,1332.1237738497266,3.82852554321289
mobilenet_v3_large,4,2,1050,65.58108834846851,16.0223250886646,1301.905449156486,4.140615463256836
mobilenet_v3_large,4,2,1140,69.85823821949347,17.280078552826822,1319.6844463283353,3.892421722412109
mobilenet_v3_large,4,2,1230,76.75235115207374,19.470448418740432,1316.6343885336332,3.806829452514648
mobilenet_v3_large,4,2,1320,85.00313268757687,21.10266458231373,1312.0366800598729,4.235506057739258
mobilenet_v3_large,4,2,1410,97.89437634573976,24.460839556748937,1348.8110619123845,3.8299560546875
mobilenet_v3_large,4,3,210,49.99132394366197,6.200847908574242,458.536154404466,8.888721466064453
mobilenet_v3_large,4,3,240,50.82904322005938,6.885604038930715,519.3457058283541,7.878541946411133
mobilenet_v3_large,4,3,330,53.22780441163391,8.85764362925049,694.2107694703458,5.92350959777832
mobilenet_v3_large,4,3,420,55.429403468834685,10.709327880090092,857.3132525189346,4.804611206054688
mobilenet_v3_large,4,3,510,57.49689695519213,12.25263264810551,1010.3448994675356,4.190206527709961
mobilenet_v3_large,4,3,600,59.48233128362798,13.93572125610506,1154.2855579703407,3.813505172729492
mobilenet_v3_large,4,3,690,61.23161038322961,15.47068797485278,1280.444040706072,4.045963287353516
mobilenet_v3_large,4,3,780,61.8175518821604,15.131781691684203,1296.7362044516017,3.905057907104492
mobilenet_v3_large,4,3,870,62.468029059208135,15.350082107453744,1318.287474762058,3.927946090698242
mobilenet_v3_large,4,3,960,63.46452264581297,15.70280276826196,1318.0610439578422,3.80706787109375
mobilenet_v3_large,4,3,1050,64.15916471314004,14.600401453336133,1294.2640494094696,3.8747787475585938
mobilenet_v3_large,4,3,1140,68.72950769941484,16.15134803274819,1347.9366899714423,3.776073455810547
mobilenet_v3_large,4,3,1230,75.41495096833692,18.133048235003614,1335.2528137969753,3.859996795654297
mobilenet_v3_large,4,3,1320,83.05306681034483,19.152598705081694,1299.5262866686012,3.760814666748047
mobilenet_v3_large,4,3,1410,95.5609379809172,22.127401191926367,1314.7248521898846,3.9014816284179688
mobilenet_v3_large,4,4,210,50.867721079958464,7.077245044870739,538.0901674972271,7.632732391357422
mobilenet_v3_large,4,4,240,51.83303909858258,7.889599917453914,608.1428000230451,6.7386627197265625
mobilenet_v3_large,4,4,330,54.48386286610879,10.113702083725371,807.1827883748537,5.152702331542969
mobilenet_v3_large,4,4,420,56.96913497822932,12.249059389484728,992.6568860859712,4.089117050170898
mobilenet_v3_large,4,4,510,59.27638657125457,14.032122264167953,1164.726347711165,3.8917064666748047
mobilenet_v3_large,4,4,600,61.266632400430574,15.720022372907655,1319.5359070202337,3.8907527923583984
mobilenet_v3_large,4,4,690,61.78854550359713,16.0276230952203,1329.0162395066986,4.058122634887695
mobilenet_v3_large,4,4,780,62.41470269780916,15.728932507332972,1344.396588377749,3.827571868896485
mobilenet_v3_large,4,4,870,62.54270751486754,15.424760563113152,1327.1496985335648,3.3333301544189453
mobilenet_v3_large,4,4,960,63.06017243539546,15.298452557844447,1282.8880837893375,3.866910934448242
mobilenet_v3_large,4,4,1050,65.08598074191002,15.52721748210611,1374.314824063611,4.016876220703125
mobilenet_v3_large,4,4,1140,68.8692492695679,16.291089602901252,1344.5965588043944,3.808736801147461
mobilenet_v3_large,4,4,1230,75.35245276374215,18.07055003040884,1326.6664215590347,3.822088241577149
mobilenet_v3_large,4,4,1320,83.74865244956773,19.84818434430459,1321.8767742275909,5.299091339111328
mobilenet_v3_large,4,4,1410,95.65844048124558,22.224903692254745,1308.2889640216745,3.867626190185547
mobilenet_v3_large,4,7,210,53.23018356689007,9.439707531802345,671.3915691904524,6.14476203918457
mobilenet_v3_large,4,7,240,54.44743633048652,10.50399714935785,754.2135282995832,5.518436431884766
mobilenet_v3_large,4,7,330,57.5691627558662,13.199001973482789,983.2248798837372,4.315376281738281
mobilenet_v3_large,4,7,420,60.420710319296624,15.700634730552032,1186.4729679189322,3.916501998901367
mobilenet_v3_large,4,7,510,62.02981417040359,16.785549863316973,1291.2811742602955,3.525257110595703
mobilenet_v3_large,4,7,600,62.65567763636364,17.109067608840725,1316.307215087365,3.775358200073242
mobilenet_v3_large,4,7,690,63.770029214298674,18.009106805921846,1373.458421854783,3.7534236907958975
mobilenet_v3_large,4,7,780,63.72368870323284,17.037918512756647,1337.7967874966466,3.904819488525391
mobilenet_v3_large,4,7,870,63.729496300306806,16.611549348552415,1304.5005236809768,4.389524459838867
mobilenet_v3_large,4,7,960,66.10226391641145,18.34054403886044,1406.2485397168232,3.773212432861328
mobilenet_v3_large,4,7,1050,66.98641136158702,17.427648101783106,1407.557899650468,3.1692981719970703
mobilenet_v3_large,4,7,1140,70.084332660351,17.506172993684345,1328.6710359822443,3.806591033935547
mobilenet_v3_large,4,7,1230,77.29411550245098,20.012212769117667,1323.9881507229793,4.120588302612305
mobilenet_v3_large,4,7,1320,86.78120904041963,22.88074093515649,1355.2487025248051,3.7431716918945312
mobilenet_v3_large,4,7,1410,99.9859225578899,26.552385768899057,1370.5516462664568,3.841876983642578
mobilenet_v3_large,8,1,210,48.30834724443108,4.51787120934335,250.81996090761032,32.024383544921875
mobilenet_v3_large,8,1,240,48.94395329004406,5.0005141089153895,285.24289546721286,28.19395065307617
mobilenet_v3_large,8,1,330,50.77563200602112,6.405471223637704,385.601195490355,20.888805389404297
mobilenet_v3_large,8,1,420,52.46953187239118,7.7494562836465875,480.87687228747774,16.765832901000977
mobilenet_v3_large,8,1,510,54.12053149275666,8.876267185670045,569.5988411011127,14.201879501342772
mobilenet_v3_large,8,1,600,55.66570360264168,10.11909357511876,650.7943137240483,12.465953826904297
mobilenet_v3_large,8,1,690,57.12991555654895,11.368993148172123,723.9352142117842,11.191129684448242
mobilenet_v3_large,8,1,780,58.47064564432738,11.784875453851194,790.7262135271832,10.214567184448242
mobilenet_v3_large,8,1,870,59.66435109768596,12.546404145931568,850.1501693891129,9.556770324707031
mobilenet_v3_large,8,1,960,61.66092384141731,13.8992039638663,918.816989477964,8.851766586303711
mobilenet_v3_large,8,1,1050,63.53600560022179,13.97724234041788,980.0837921129772,8.333206176757812
mobilenet_v3_large,8,1,1140,68.40690667053364,15.828747003866994,1037.3782442273716,7.834434509277344
mobilenet_v3_large,8,1,1230,76.10432181608778,18.822419082754465,1093.0451375410073,7.486104965209961
mobilenet_v3_large,8,1,1320,85.66184876283998,21.761380657576844,1144.0289023380733,7.136821746826172
mobilenet_v3_large,8,1,1410,98.75441789405686,25.32088110506602,1191.7858455963428,6.883859634399414
mobilenet_v3_large,8,2,210,50.44189464652432,6.6514186114365925,443.2644634076293,18.15438270568848
mobilenet_v3_large,8,2,240,51.34858864191268,7.40514946078401,503.47416672446417,16.04175567626953
mobilenet_v3_large,8,2,330,53.92842325402916,9.558262471645747,678.8269351139274,11.951923370361328
mobilenet_v3_large,8,2,420,56.37607147487845,11.655995886133852,845.5120948766555,9.613752365112305
mobilenet_v3_large,8,2,510,58.74854462272054,13.50428031563392,1003.519723701326,8.128643035888672
mobilenet_v3_large,8,2,600,60.93526129462303,15.388651267100109,1151.7433078200395,7.107257843017578
mobilenet_v3_large,8,2,690,63.06187313915858,17.30095073078175,1289.004600218559,6.362676620483398
mobilenet_v3_large,8,2,780,65.07541345211581,18.38964326163962,1418.0536645006537,5.797624588012695
mobilenet_v3_large,8,2,870,66.82282870592756,19.70488175417317,1528.3319020455986,5.402088165283203
mobilenet_v3_large,8,2,960,69.56186839511041,21.8001485175594,1669.1753927784052,4.85682487487793
mobilenet_v3_large,8,2,1050,72.41805817116551,22.8592949113616,1796.950376052706,4.634857177734375
mobilenet_v3_large,8,2,1140,78.54696462777537,25.96880496110872,1921.3387563090528,4.332542419433594
mobilenet_v3_large,8,2,1230,88.3968193616275,31.114916628294186,2043.948754842864,4.090309143066406
mobilenet_v3_large,8,2,1320,100.06114660936008,36.16067850409694,2161.84608867472,3.903865814208984
mobilenet_v3_large,8,2,1410,116.81614426011944,43.38260747112861,2277.5144085429297,3.8971900939941406
mobilenet_v3_large,8,3,210,52.103238777908345,8.31276274282062,609.1814864319462,13.2904052734375
mobilenet_v3_large,8,3,240,53.19500222281498,9.25156304168631,691.6585393694825,11.71588897705078
mobilenet_v3_large,8,3,330,56.28698861709857,11.916827834715155,931.8427653133624,8.73708724975586
mobilenet_v3_large,8,3,420,59.41365476982192,14.693579181077324,1160.459740396214,7.051944732666016
mobilenet_v3_large,8,3,510,62.3028816180325,17.058617310945884,1377.4956711758268,5.970954895019531
mobilenet_v3_large,8,3,600,65.00991356731274,19.46330353978982,1584.7426115762933,5.21397590637207
mobilenet_v3_large,8,3,690,67.61041242805122,21.84949001967439,1780.6989482946587,4.61578369140625
mobilenet_v3_large,8,3,780,70.06770331125827,23.38193312078208,1966.634811879258,4.111766815185547
mobilenet_v3_large,8,3,870,72.30195860949547,25.18401165774108,2131.812933301252,3.9701461791992174
mobilenet_v3_large,8,3,960,75.76352633190447,28.001806454353463,2342.387677677616,3.832578659057617
mobilenet_v3_large,8,3,1050,78.96162804314329,29.402864783339385,2538.449834852527,3.903865814208984
mobilenet_v3_large,8,3,1140,85.39889247476292,32.82073280809627,2648.024688704553,3.832101821899414
mobilenet_v3_large,8,3,1230,94.28942311262377,37.00752037929044,2660.331975091482,3.9162635803222656
mobilenet_v3_large,8,3,1320,105.1906796923077,41.29021158704456,2652.3503563633926,3.7288665771484375
mobilenet_v3_large,8,3,1410,121.57746671826624,48.143929929275416,2693.7700513601985,3.7987232208251953
mobilenet_v3_large,8,4,210,53.66408704281258,9.873611007724858,746.1123431221936,10.879993438720703
mobilenet_v3_large,8,4,240,54.95367752918288,11.010238348054216,845.9479179635866,9.601831436157228
mobilenet_v3_large,8,4,330,58.73030557193396,14.360144789550546,1133.0133259648685,7.2307586669921875
mobilenet_v3_large,8,4,420,62.22452401630628,17.504448427561684,1403.1615372455828,5.782365798950195
mobilenet_v3_large,8,4,510,65.50346718389599,20.25920287680937,1657.2595284670356,4.925251007080078
mobilenet_v3_large,8,4,600,68.68758127250901,23.14097124498609,1895.0748773814828,4.279375076293945
mobilenet_v3_large,8,4,690,71.58588564509618,25.82496323671936,2116.174157238532,3.9458274841308594
mobilenet_v3_large,8,4,780,74.28886092816664,27.60309073769045,2321.717434351905,3.765583038330078
mobilenet_v3_large,8,4,870,76.62311367275056,29.50516672099617,2487.7116695814584,4.409313201904297
mobilenet_v3_large,8,4,960,79.10807650360867,31.346356626057663,2628.030855006464,3.345489501953125
mobilenet_v3_large,8,4,1050,81.08714493914158,31.52838167933767,2701.8550914502844,3.859281539916992
mobilenet_v3_large,8,4,1140,86.77496398104266,34.19680431437601,2740.0624966123764,3.140449523925781
mobilenet_v3_large,8,4,1230,95.07057892300573,37.7886761896724,2692.4278047726107,4.175662994384766
mobilenet_v3_large,8,4,1320,104.2265611299784,40.326093024715256,2581.7869593676023,3.6580562591552734
mobilenet_v3_large,8,4,1410,120.80010726909482,47.36657048010399,2623.8972182472976,3.832101821899414
mobilenet_v3_large,8,7,210,57.25284287556415,13.462366840476424,996.4561819113684,8.178472518920898
mobilenet_v3_large,8,7,240,58.91807501238412,14.974635831255457,1123.9232792661874,7.276296615600586
mobilenet_v3_large,8,7,330,63.64901809696161,19.2788573145782,1484.5158745435922,5.559682846069336
mobilenet_v3_large,8,7,420,67.9019115054648,23.181835916720203,1810.267206085972,4.464626312255859
mobilenet_v3_large,8,7,510,71.73062459807075,26.48636029098413,2109.627937474398,4.016876220703125
mobilenet_v3_large,8,7,600,75.4677500760572,29.921140048534284,2383.377950597091,3.398418426513672
mobilenet_v3_large,8,7,690,78.59617082809413,32.8352484197173,2627.0463118054863,3.6928653717041016
mobilenet_v3_large,8,7,780,80.3494151825868,33.663644992110605,2739.8279328720423,3.7598609924316406
mobilenet_v3_large,8,7,870,80.17062996227772,33.052683010523324,2694.1170054869544,3.698110580444336
mobilenet_v3_large,8,7,960,80.36637511206742,32.60465523451641,2627.734615095401,3.813505172729492
mobilenet_v3_large,8,7,1050,81.44328179308104,31.88451853327713,2629.833658579105,3.924131393432617
mobilenet_v3_large,8,7,1140,86.62942198691997,34.051262320253315,2623.578164962684,4.040956497192383
mobilenet_v3_large,8,7,1230,96.3262843797856,39.04438164645229,2646.0677484221296,3.778219223022461
mobilenet_v3_large,8,7,1320,108.2719630368098,44.37149493154667,2678.8084728054764,3.97038459777832
mobilenet_v3_large,8,7,1410,123.64170698388334,50.2081701948925,2604.235100463204,4.332780838012695
mobilenet_v3_large,16,1,210,48.82954261941556,5.039066584327837,280.3660784600197,57.150840759277344
mobilenet_v3_large,16,1,240,49.53688771833094,5.593448537202271,319.052655576375,50.23717880249024
mobilenet_v3_large,16,1,330,51.55487331178499,7.184712529401573,431.8715467354541,37.175893783569336
mobilenet_v3_large,16,1,420,53.457749435042025,8.737673846297433,538.3222829223158,29.84166145324707
mobilenet_v3_large,16,1,510,55.17401246019659,9.929748153109976,636.6067383008027,25.25854110717773
mobilenet_v3_large,16,1,600,56.90964814856399,11.36303812104107,724.2688318565154,22.21059799194336
mobilenet_v3_large,16,1,690,58.36883204288267,12.607909634505846,801.2366876758538,20.108461380004883
mobilenet_v3_large,16,1,780,59.79838879456707,13.112618604090878,870.1877120936919,18.524646759033203
mobilenet_v3_large,16,1,870,61.118467841179545,14.000520889425154,931.0827306004278,17.323732376098633
mobilenet_v3_large,16,1,960,63.15848938204363,15.396769504492624,999.1606677543232,16.073226928710938
mobilenet_v3_large,16,1,1050,65.06533875078713,15.506575490983224,1058.6045454300413,15.28000831604004
mobilenet_v3_large,16,1,1140,69.85075899102446,17.272599324357813,1113.024195639178,14.497518539428713
mobilenet_v3_large,16,1,1230,77.66275490485081,20.380852171517503,1163.9236821487552,13.908863067626951
mobilenet_v3_large,16,1,1320,85.50406243626436,21.603594331001226,1208.5908792666753,13.312339782714844
mobilenet_v3_large,16,1,1410,100.54922045107682,27.115683662085985,1250.144682572474,12.939453125
mobilenet_v3_large,16,2,210,52.03245234338143,8.241976308293705,516.4619509835288,31.09049797058105
mobilenet_v3_large,16,2,240,53.13517016764104,9.191730986512368,587.3628100119047,27.348995208740234
mobilenet_v3_large,16,2,330,56.31424438493217,11.944083602548751,793.9405784263091,20.25604248046875
mobilenet_v3_large,16,2,420,59.278235539246175,14.558159950501585,989.8499041701472,16.244888305664062
mobilenet_v3_large,16,2,510,62.046173921041984,16.801909613955367,1170.934074310725,13.810873031616213
mobilenet_v3_large,16,2,600,64.62252037297229,19.075910345449373,1335.982175677451,12.144327163696287
mobilenet_v3_large,16,2,690,67.12013857695354,21.359216168576708,1483.2022403252872,10.960102081298828
mobilenet_v3_large,16,2,780,69.32578035659391,22.64001016611772,1617.439360084943,10.050773620605469
mobilenet_v3_large,16,2,870,71.3602092377999,24.24226228604552,1731.42192589486,9.295940399169922
mobilenet_v3_large,16,2,960,74.3233224645957,26.561602587044696,1870.4359108792244,8.715152740478516
mobilenet_v3_large,16,2,1050,77.05746711401282,27.498703854208912,1993.7609378047275,8.204460144042969
mobilenet_v3_large,16,2,1140,83.55444526430385,30.9762855976372,2108.4784232288266,7.7533721923828125
mobilenet_v3_large,16,2,1230,91.54834134465322,34.26643861131991,2220.0865671098954,7.380485534667969
mobilenet_v3_large,16,2,1320,103.74049191252588,39.84002380726273,2322.4837860088955,7.053613662719727
mobilenet_v3_large,16,2,1410,122.03933459630753,48.60579780731669,2419.920902513293,6.784439086914063
mobilenet_v3_large,16,3,210,53.97497887290844,10.184502837820713,724.2203149226011,22.21989631652832
mobilenet_v3_large,16,3,240,55.37034498946414,11.42690580833547,823.3752159123651,19.561767578125
mobilenet_v3_large,16,3,330,59.333241145333766,14.96308036295035,1112.975167383867,14.440298080444336
mobilenet_v3_large,16,3,420,63.07648381198716,18.356408223242568,1390.3206730611769,11.681318283081056
mobilenet_v3_large,16,3,510,66.64441259910468,21.400148292018063,1655.47919815953,9.80377197265625
mobilenet_v3_large,16,3,600,70.02306439048141,24.47645436295849,1908.783628019416,8.53872299194336
mobilenet_v3_large,16,3,690,73.45089169026733,27.68996928189049,2147.7263376397914,7.623910903930664
mobilenet_v3_large,16,3,780,76.49161681964033,29.805846629164137,2374.211820681516,6.900787353515625
mobilenet_v3_large,16,3,870,79.22618482010841,32.108237868354024,2576.650769135499,6.376981735229492
mobilenet_v3_large,16,3,960,83.40475426711244,35.64303438956143,2818.744897790059,5.764007568359375
mobilenet_v3_large,16,3,1050,87.09258084802288,37.533817588218966,3045.2955608522884,5.369186401367188
mobilenet_v3_large,16,3,1140,95.55389221556888,42.975732548902215,3260.39527659012,5.090475082397461
mobilenet_v3_large,16,3,1230,107.80344250594766,50.52153977261435,3480.750505354685,4.774093627929688
mobilenet_v3_large,16,3,1320,121.41118778352148,57.51071967825833,3693.728687771397,4.39000129699707
mobilenet_v3_large,16,3,1410,145.33558442415577,71.90204763516493,3902.2357281830905,4.237174987792969
mobilenet_v3_large,16,4,210,56.38388889214709,12.59341285705936,926.1158393142664,17.46368408203125
mobilenet_v3_large,16,4,240,58.06410963545196,14.120670454323296,1051.3999378435235,15.43569564819336
mobilenet_v3_large,16,4,330,62.85041131839686,18.480250536013443,1413.215555936107,11.479377746582031
mobilenet_v3_large,16,4,420,67.3476791937137,22.62760360496911,1755.1229980993928,9.28974151611328
mobilenet_v3_large,16,4,510,71.48750858453474,26.24324427744812,2074.359033691011,7.874965667724609
mobilenet_v3_large,16,4,600,75.3761716166679,29.829561589144987,2371.0719212874747,6.903886795043945
mobilenet_v3_large,16,4,690,79.00301514102786,33.24209273265103,2646.6558377395745,6.219625473022461
mobilenet_v3_large,16,4,780,82.40026869203103,35.71449850155484,2900.261844142636,5.707502365112305
mobilenet_v3_large,16,4,870,85.48224805207614,38.36430110032176,3121.016721031302,5.29026985168457
mobilenet_v3_large,16,4,960,90.03993010583675,42.27821022828574,3403.9078355277743,4.887580871582031
mobilenet_v3_large,16,4,1050,94.08543566810346,44.52667240829955,3661.195952984822,4.479885101318359
mobilenet_v3_large,16,4,1140,103.13804497663553,50.55988530996886,3903.99839700078,4.420757293701172
mobilenet_v3_large,16,4,1230,114.40890249060148,57.12699975726818,4150.780549527496,4.098892211914063
mobilenet_v3_large,16,4,1320,132.8976010324484,68.99713292718525,4395.553856398774,3.8657188415527344
mobilenet_v3_large,16,4,1410,158.17505122048817,84.74151443149734,4630.873970774115,4.158973693847656
mobilenet_v3_large,16,7,210,62.49492966149323,18.704453626405503,1370.6015677727316,11.837482452392578
mobilenet_v3_large,16,7,240,64.92850429435877,20.985065113230107,1551.3928818959382,10.487079620361328
mobilenet_v3_large,16,7,330,71.61414641785201,27.2439856354686,2066.5840255154617,7.916688919067383
mobilenet_v3_large,16,7,420,77.79873063703941,33.07865504829482,2543.895135220844,6.4563751220703125
mobilenet_v3_large,16,7,510,83.41301432909471,38.16875002200809,2985.897805537304,5.545377731323242
mobilenet_v3_large,16,7,600,89.05014444207383,43.50353441455091,3394.396496510781,4.907846450805664
mobilenet_v3_large,16,7,690,93.52039036486008,47.75946795648325,3757.694104809149,4.36854362487793
mobilenet_v3_large,16,7,780,98.00421872927444,51.31844853879825,4088.237688253557,4.40669059753418
mobilenet_v3_large,16,7,870,101.74605302096175,54.62810606920738,4360.638596995006,3.718137741088867
mobilenet_v3_large,16,7,960,108.13541892098426,60.373699043433255,4789.959811621132,3.908634185791016
mobilenet_v3_large,16,7,1050,113.11626954134368,63.55750628153976,5136.360451524112,3.888130187988281
mobilenet_v3_large,16,7,1140,121.95300211382114,69.37484244715449,5259.963972595037,3.87716293334961
mobilenet_v3_large,16,7,1230,130.42390365142683,73.14200091809352,5119.506922490009,5.350351333618164
mobilenet_v3_large,16,7,1320,147.69590584266217,83.79543773739903,5166.71033795169,4.077434539794922
mobilenet_v3_large,16,7,1410,178.3144178665428,104.88088107755198,5432.686720549615,4.093647003173828
mobilenet_v3_large,32,1,210,49.156439000285005,5.365962965197279,295.87936558011216,108.27946662902832
mobilenet_v3_large,32,1,240,49.865522399238536,5.922083218109869,336.78156039630056,95.13139724731444
mobilenet_v3_large,32,1,330,52.01302492878492,7.642864146401507,456.2684701411443,70.21450996398926
mobilenet_v3_large,32,1,420,54.022808416524285,9.302732827779693,568.7198066103484,56.36000633239746
mobilenet_v3_large,32,1,510,56.01826852110852,10.7740042140219,672.0315910465031,47.68490791320801
mobilenet_v3_large,32,1,600,57.72830294434807,12.181692916825154,762.3716785496443,42.04988479614258
mobilenet_v3_large,32,1,690,59.2610081006572,13.500085692280374,840.729178200045,38.1615161895752
mobilenet_v3_large,32,1,780,60.732515871216414,14.046745680740225,910.0564403850896,35.288333892822266
mobilenet_v3_large,32,1,870,62.08996950622676,14.972022554472368,970.8824038472628,33.06460380554199
mobilenet_v3_large,32,1,960,64.10350436099334,16.341784483442332,1037.3776224342255,30.947208404541016
mobilenet_v3_large,32,1,1050,65.9115352812067,16.352772021402785,1094.918012237183,29.35314178466797
mobilenet_v3_large,32,1,1140,70.74797253769651,18.169812871029865,1146.8413719410753,28.00941467285156
mobilenet_v3_large,32,1,1230,78.6812675150814,21.39936478174809,1194.2917214024787,26.91435813903809
mobilenet_v3_large,32,1,1320,86.49929676231655,22.59882865705341,1235.5886914633645,26.031970977783203
mobilenet_v3_large,32,1,1410,101.52058355940456,28.08704677041373,1272.59921230085,25.28858184814453
mobilenet_v3_large,32,2,210,53.00827913014374,9.217803095056016,563.6295983900197,56.87093734741211
mobilenet_v3_large,32,2,240,54.26025340966319,10.316814228534524,641.5619940160693,49.99971389770508
mobilenet_v3_large,32,2,330,57.87026134823612,13.500100565852703,869.2100838764886,36.91673278808594
mobilenet_v3_large,32,2,420,61.23331121846111,16.51323562971652,1084.3336015597708,29.633045196533203
mobilenet_v3_large,32,2,510,64.43708236266006,19.192818055573447,1283.043310489558,25.05421638488769
mobilenet_v3_large,32,2,600,67.2757377139575,21.72912768643458,1459.658047726841,22.0949649810791
mobilenet_v3_large,32,2,690,69.94964861496197,24.188726206585144,1614.2537065432573,19.926071166992188
mobilenet_v3_large,32,2,780,72.30429387927396,25.618523688797765,1752.2448665815766,18.38898658752441
mobilenet_v3_large,32,2,870,74.46661441334128,27.348667461586885,1872.0288574939243,17.22550392150879
mobilenet_v3_large,32,2,960,77.47086521065675,29.709145333105745,2009.2948045016665,16.05057716369629
mobilenet_v3_large,32,2,1050,80.1044268695597,30.545663609755792,2128.7623311263924,15.183448791503906
mobilenet_v3_large,32,2,1140,86.76096097373724,34.18280130707059,2237.658951519132,14.36924934387207
mobilenet_v3_large,32,2,1230,94.9121299325325,37.63022719919918,2339.356530932589,13.835668563842772
mobilenet_v3_large,32,2,1320,107.52987641673192,43.62940831146877,2427.1778200164863,13.324737548828123
mobilenet_v3_large,32,2,1410,125.36722974488366,51.93369295589282,2506.0244212218136,12.923240661621094
mobilenet_v3_large,32,3,210,56.35569531969309,12.565219284605366,807.8372117145223,39.71529006958008
mobilenet_v3_large,32,3,240,58.058909200986186,14.115470019857518,919.516172256042,34.921884536743164
mobilenet_v3_large,32,3,330,62.93448536923381,18.5643245868504,1247.1735823092868,25.801420211791992
mobilenet_v3_large,32,3,420,67.57448104048812,22.85440545174353,1561.9290345848858,20.643234252929688
mobilenet_v3_large,32,3,510,71.98520561388855,26.740941306801936,1861.1651284229629,17.331838607788086
mobilenet_v3_large,32,3,600,76.19778103500863,30.651171007485715,2143.1634779210453,15.07258415222168
mobilenet_v3_large,32,3,690,80.18085066097757,34.41992825260074,2406.175002847678,13.44919204711914
mobilenet_v3_large,32,3,780,83.70689082486932,37.02112063439313,2648.923951851876,12.240886688232422
mobilenet_v3_large,32,3,870,87.04207636495556,39.92412941320117,2864.9310922567333,11.267662048339844
mobilenet_v3_large,32,3,960,91.49297039376296,43.73125051621195,3113.9336162751765,10.456085205078123
mobilenet_v3_large,32,3,1050,95.5121070473251,45.95334378752119,3338.542276256481,9.746789932250977
mobilenet_v3_large,32,3,1140,103.98721070946296,51.40905104279632,3548.74813774326,9.173154830932615
mobilenet_v3_large,32,3,1230,115.51157709775086,58.22967436441755,3752.883146688477,8.69441032409668
mobilenet_v3_large,32,3,1320,132.3035975804611,68.40312947519794,3943.9920898905375,8.265972137451172
mobilenet_v3_large,32,3,1410,156.6645964377783,83.23105964878746,4124.918868614746,7.841348648071289
mobilenet_v3_large,32,4,210,60.04127039559236,16.25079436050464,1076.4265946828402,29.854536056518555
mobilenet_v3_large,32,4,240,62.15885726527353,18.215418084144865,1223.487741718084,26.29685401916504
mobilenet_v3_large,32,4,330,68.21312726369979,23.84296648131637,1649.0391974996123,19.55270767211914
mobilenet_v3_large,32,4,420,73.92958448281512,29.209508894070524,2046.245115946854,15.76995849609375
mobilenet_v3_large,32,4,510,79.26295251290617,34.01868820581955,2410.083859570968,13.446331024169922
mobilenet_v3_large,32,4,600,84.01929487345319,38.472684845930274,2736.650734999615,11.795997619628906
mobilenet_v3_large,32,4,690,88.3034595674201,42.54253715904328,3031.475547027187,10.713815689086914
mobilenet_v3_large,32,4,780,92.25828939157566,45.57251920109947,3298.4365519629823,9.876251220703123
mobilenet_v3_large,32,4,870,95.73320797899665,48.61526102724224,3528.018862198442,9.230613708496094
mobilenet_v3_large,32,4,960,100.55168040426048,52.78996052670946,3805.5642771424064,8.457422256469727
mobilenet_v3_large,32,4,1050,104.45238815990234,54.89362490009843,4053.3290080985553,8.071660995483398
mobilenet_v3_large,32,4,1140,113.29390831834256,60.715748651675895,4283.761373779249,7.528066635131836
mobilenet_v3_large,32,4,1230,126.96045671930388,69.67855398597058,4504.910089407297,7.439613342285156
mobilenet_v3_large,32,4,1320,145.7618953376427,81.86142723237955,4713.977042255194,6.90150260925293
mobilenet_v3_large,32,4,1410,172.84697923135306,99.41344244236222,4912.918554450454,6.626605987548828
mobilenet_v3_large,32,7,210,69.45718249380677,25.666706458719045,1671.4989354057766,19.27924156188965
mobilenet_v3_large,32,7,240,72.87070739876788,28.92726821763921,1895.295625691604,17.030715942382812
mobilenet_v3_large,32,7,330,82.11129713123093,37.74113634884751,2540.87421112715,12.646198272705078
mobilenet_v3_large,32,7,420,90.80034755313888,46.0802719643943,3141.953095544057,10.355949401855469
mobilenet_v3_large,32,7,510,98.89697264189464,53.65270833480803,3697.8527078925,8.716106414794922
mobilenet_v3_large,32,7,600,105.65072057847952,60.10411055095659,4206.880179072325,7.776498794555664
mobilenet_v3_large,32,7,690,111.7349977884261,65.97407538004927,4658.535959591629,6.93821907043457
mobilenet_v3_large,32,7,780,117.50801482544236,70.82224463496618,5056.637035956102,6.493806838989258
mobilenet_v3_large,32,7,870,123.1065518287398,75.98860487698542,5456.362084820914,6.036043167114258
mobilenet_v3_large,32,7,960,129.1170685178165,81.35534864026553,5849.664995974005,5.587577819824219
mobilenet_v3_large,32,7,1050,136.66937051000104,87.11060725019713,6313.414529238782,5.240678787231445
mobilenet_v3_large,32,7,1140,151.62576072140084,99.0476010547342,6715.563806980472,4.9610137939453125
mobilenet_v3_large,32,7,1230,173.33417588267247,116.05227314933916,7129.458778547825,4.720211029052734
mobilenet_v3_large,32,7,1320,201.2538668573944,137.35339875213123,7516.85350543661,5.263566970825195
mobilenet_v3_large,32,7,1410,239.23471671753933,165.8011799285485,7898.6446556710835,4.27556037902832
densenet169,1,1,210,45.23393207340069,1.4434560383129622,29.203279825493933,34.33847427368164
densenet169,1,1,240,45.63843412741672,1.6949949462880485,33.07997279119427,30.41386604309082
densenet169,1,1,330,46.848322175192834,2.478161392809419,44.20434845506271,22.79210090637207
densenet169,1,1,420,48.02187292600456,3.3017973372599627,54.74228127163409,18.35322380065918
densenet169,1,1,510,49.120730164590064,3.876465857503448,64.56846828852201,15.567779541015623
densenet169,1,1,600,50.19786536836174,4.651255340838821,73.85401434958376,13.630390167236328
densenet169,1,1,690,51.21178518694927,5.450862778572445,82.44673576989824,12.28928565979004
densenet169,1,1,780,52.20829347149337,5.522523281017181,90.55714759632072,12.315988540649414
densenet169,1,1,870,52.97531333643122,5.85736638467683,95.4090480524734,12.277603149414062
densenet169,1,1,960,53.81616018789864,6.05444031034763,93.73130918429268,12.66336441040039
densenet169,1,1,1050,54.30479776332015,4.746034503516242,93.37890516997072,13.735532760620115
densenet169,1,1,1140,57.09406389319346,4.515904226526814,89.65157110322315,12.003421783447266
densenet169,1,1,1230,62.18434779411765,4.902445060784338,93.64273448544336,13.790130615234377
densenet169,1,1,1320,68.49818496134375,4.597716856080616,90.91341614611454,13.454675674438477
densenet169,1,1,1410,79.41302250450875,5.97948571551791,91.24194968752532,12.346982955932615
densenet169,1,2,210,45.74918832040138,1.958712285313655,38.68719836869072,25.90417861938477
densenet169,1,2,240,46.19532504569579,2.2518858645671216,43.74923335521022,23.010730743408203
densenet169,1,2,330,47.58470688192799,3.2145460995445774,58.12897551321424,17.32349395751953
densenet169,1,2,420,48.82655509754451,4.106479508799914,71.43095891767774,14.763355255126951
densenet169,1,2,510,50.03895350025549,4.794689193168871,83.8313819513985,13.679027557373049
densenet169,1,2,600,50.93412343437166,5.387513406848738,91.48746277339254,14.533042907714844
densenet169,1,2,690,51.52923578120564,5.768313372828816,94.36325780324768,11.79790496826172
densenet169,1,2,780,51.74994438497696,5.064174194500767,91.77610948533042,11.723756790161133
densenet169,1,2,870,52.320414340958855,5.202467389204465,93.02650883910792,16.373157501220703
densenet169,1,2,960,53.15395891262826,5.392239035077253,91.7260569793924,15.039682388305664
densenet169,1,2,1050,54.19677060068911,4.638007340885196,91.60389882926756,11.718511581420898
densenet169,1,2,1140,56.75609773167017,4.1779380650035165,92.14487464154104,11.85917854309082
densenet169,1,2,1230,61.38690444480758,4.105001711474266,91.81720851068904,14.583826065063477
densenet169,1,2,1320,68.08125409868762,4.180785993424486,92.0025587009594,11.695623397827148
densenet169,1,2,1410,79.5374951391774,6.103958350186559,96.99199298596606,11.49606704711914
densenet169,1,3,210,46.14177898215466,2.3513029470669364,43.69411410951256,22.940635681152344
densenet169,1,3,240,46.65868420921977,2.715245028091104,49.26793188939679,20.37882804870605
densenet169,1,3,330,48.146746933823046,3.776586151439631,65.1964636426041,15.450239181518556
densenet169,1,3,420,49.542309405131554,4.822233816386962,79.90150850686649,12.61591911315918
densenet169,1,3,510,50.823696526251815,5.579432219165199,92.9722334066946,12.150049209594728
densenet169,1,3,600,51.27411298689051,5.727502959367589,93.78225201226888,11.14201545715332
densenet169,1,3,690,51.42140403400868,5.660481625631855,89.74682422136755,12.047529220581056
densenet169,1,3,780,52.05056366691561,5.364793476439418,92.81737932701878,11.426687240600586
densenet169,1,3,870,52.5663062039458,5.448359252191409,94.24219909974732,12.165069580078123
densenet169,1,3,960,53.37255886448367,5.610838986932663,91.72475100787568,17.207622528076172
densenet169,1,3,1050,54.69697063396864,5.138207374164729,96.03181280925328,11.535406112670898
densenet169,1,3,1140,56.7185918685192,4.140432201852548,90.46694473414816,12.000322341918944
densenet169,1,3,1230,61.68918061381287,4.407277880479555,93.27830592382516,11.152267456054688
densenet169,1,3,1320,68.16884081899546,4.268372713732326,91.30796980036897,12.174129486083984
densenet169,1,3,1410,79.63298575273073,6.199448963739897,91.22695566460531,11.702775955200195
densenet169,1,4,210,46.46298196569199,2.6725059306042622,47.35577362293512,21.21567726135254
densenet169,1,4,240,46.97977122325307,3.0363320421244,53.33715064348271,18.89252662658692
densenet169,1,4,330,48.56290236142534,4.192741579041922,70.34161310697172,14.34922218322754
densenet169,1,4,420,50.01623222136024,5.2961566326156415,85.75729052970628,11.82270050048828
densenet169,1,4,510,50.703976177182206,5.459711870095589,89.9961081971863,12.433767318725586
densenet169,1,4,600,51.23836675977654,5.691756732253621,91.66920679312912,11.895418167114258
densenet169,1,4,690,51.78279451285172,6.021872104474896,93.16616802500936,11.37995719909668
densenet169,1,4,780,52.44964572349151,5.763875533015318,96.5641565170068,14.983415603637695
densenet169,1,4,870,52.71641067800614,5.598463726251751,94.00858064445882,12.886285781860352
densenet169,1,4,960,53.4597295673077,5.698009689756688,91.4014901069847,11.761903762817385
densenet169,1,4,1050,53.89910384915581,4.340340589351904,90.768222381435,11.491537094116213
densenet169,1,4,1140,57.18244162371683,4.604281957050176,93.2486777780628,11.198759078979492
densenet169,1,4,1230,61.86681088040546,4.584908147072149,91.90895112633387,11.841773986816406
densenet169,1,4,1320,68.5803360863521,4.679867981088968,92.16257559072788,11.406421661376951
densenet169,1,4,1410,79.10476029417549,5.671223505184656,91.37715305645686,14.427900314331056
densenet169,1,7,210,47.13055427468831,3.340078239600582,48.99474897996565,20.496129989624023
densenet169,1,7,240,47.755077762392695,3.811638581264027,54.953151097845534,18.280506134033203
densenet169,1,7,330,49.48299803314514,5.112837250761729,71.51724109414641,14.120101928710938
densenet169,1,7,420,51.03705513739812,6.316979548653528,86.28055566842401,13.0767822265625
densenet169,1,7,510,52.21937693210722,6.9751126250206,95.860559278625,14.016151428222656
densenet169,1,7,600,52.25428817274508,6.707678145222159,90.71716616255006,11.621475219726562
densenet169,1,7,690,52.84641247768487,7.085490069308039,93.12034866669246,12.164592742919922
densenet169,1,7,780,53.28944973371952,6.603679543243333,92.91626163896603,14.256477355957031
densenet169,1,7,870,53.7555532631579,6.637606311403509,92.72476245271254,14.590740203857422
densenet169,1,7,960,54.649613931137445,6.887894053586436,91.46012737751852,14.077425003051758
densenet169,1,7,1050,55.64485127871695,6.086088018913038,90.36909011548356,11.782169342041016
densenet169,1,7,1140,58.442005845956906,5.863846179290256,91.99234871701552,12.00103759765625
densenet169,1,7,1230,63.49998663991805,6.218083906584738,92.71113624293314,11.328935623168944
densenet169,1,7,1320,70.73470668089648,6.834238575633343,94.40926992399578,11.828899383544922
densenet169,1,7,1410,82.14125761611453,8.707720827123694,93.8752249694691,11.77835464477539
densenet169,2,1,210,45.772837594995465,1.98236155990774,28.67872180997919,69.88263130187988
densenet169,2,1,240,46.27152677059156,2.328087589462889,32.58462614693377,61.49768829345703
densenet169,2,1,330,47.80603270019883,3.435871917815412,44.01292238442289,45.58444023132324
densenet169,2,1,420,49.21924202599328,4.499166437248682,54.98536978656982,36.46707534790039
densenet169,2,1,510,50.57143484486122,5.327170537774606,65.49467186428325,30.616044998168945
densenet169,2,1,600,51.89003461372309,6.34342458620017,75.55996268840603,26.52740478515625
densenet169,2,1,690,53.1921390485609,7.43121664018407,85.14045802918366,23.63252639770508
densenet169,2,1,780,54.40225919902419,7.716489008548004,94.19296622078404,21.36397361755371
densenet169,2,1,870,55.54133966171902,8.42339270996463,102.25086620047556,19.6075439453125
densenet169,2,1,960,56.7745370177268,9.012817140175793,111.75600079799298,18.022537231445312
densenet169,2,1,1050,58.7606959072343,9.20193264743039,121.54301719659487,16.559362411499023
densenet169,2,1,1140,63.08595689004932,10.507797223382669,130.60915797998302,15.404224395751951
densenet169,2,1,1230,69.43269540973505,12.150792676401736,139.72714367717842,14.420509338378906
densenet169,2,1,1320,78.31169125455824,14.411223149295104,148.7130688552774,14.383792877197266
densenet169,2,1,1410,90.77137811426476,17.337841325273914,157.24977539707726,12.827157974243164
densenet169,2,2,210,47.02531382845995,3.2348377933722245,45.18221148987998,44.4188117980957
densenet169,2,2,240,47.72998732756062,3.7865481464319535,51.285024115532885,39.07895088195801
densenet169,2,2,330,49.67673024324043,5.306569460857013,68.93855187482873,29.10065650939941
densenet169,2,2,420,51.47252612678479,6.752450538040193,85.66020875653578,23.421525955200195
densenet169,2,2,510,53.22638504767959,7.982120740592975,101.58888462002813,19.858598709106445
densenet169,2,2,600,54.89775004398569,9.35114001646277,116.77914133243492,17.261981964111328
densenet169,2,2,690,56.50123059126813,10.740308182891306,131.16412435240258,15.768766403198242
densenet169,2,2,780,58.00471026032577,11.318940069849583,144.69879340319923,13.97085189819336
densenet169,2,2,870,59.177980906453385,12.060033954698994,158.4661440946126,13.324975967407228
densenet169,2,2,960,61.05297078890387,13.29125091135286,171.90012402479866,13.583898544311523
densenet169,2,2,1050,63.22476536693343,13.666002107129517,185.7572892250237,13.486623764038086
densenet169,2,2,1140,66.97060468802135,14.392445021354703,185.4525792988452,12.047290802001951
densenet169,2,2,1230,73.11585976051477,15.833957027181455,188.5063782509096,11.30986213684082
densenet169,2,2,1320,81.56603047478232,17.665562369519186,189.96965481897143,13.582229614257812
densenet169,2,2,1410,92.98000261024325,19.5464658212524,186.60407409430627,11.956214904785156
densenet169,2,3,210,47.60553671604596,3.815060680958236,55.0138564321817,36.44132614135742
densenet169,2,3,240,48.33560250051176,4.392163319383087,62.339148363988826,32.1958065032959
densenet169,2,3,330,50.413200543318034,6.043039760934619,83.46880359177204,24.0328311920166
densenet169,2,3,420,52.36308334636028,7.643007757615685,103.3984578299768,19.425630569458008
densenet169,2,3,510,54.2334240592227,8.989159752136082,122.26362212756452,16.513824462890625
densenet169,2,3,600,56.05223554301834,10.505625515495424,140.24792002063614,14.317035675048828
densenet169,2,3,690,57.82923394222768,12.068311533850856,157.10731204940194,12.88914680480957
densenet169,2,3,780,58.88698427016219,12.201214079685998,173.1351508011587,12.158870697021484
densenet169,2,3,870,60.28022960134128,13.162282649586892,183.4964430776584,14.576435089111328
densenet169,2,3,960,61.25342091302527,13.491701035474264,186.71169279636845,11.680126190185549
densenet169,2,3,1050,62.22645638098484,12.667693121180925,185.34159131271565,11.611223220825195
densenet169,2,3,1140,66.10991529031159,13.53175562364494,187.55421669059763,12.089252471923828
densenet169,2,3,1230,72.502913399599,15.221010666265684,191.7844100749431,14.228582382202148
densenet169,2,3,1320,79.94942436230271,16.04895625703957,186.94105773748487,14.252185821533203
densenet169,2,3,1410,91.6248353902738,18.191298601282966,184.50050410426903,14.42408561706543
densenet169,2,4,210,48.18512617367194,4.394650138584214,62.631927157679264,32.07254409790039
densenet169,2,4,240,48.982855274411975,5.039416093283307,70.89031173888941,28.28335762023925
densenet169,2,4,330,51.24141184151176,6.871251059128348,94.43349226290528,21.26669883728028
densenet169,2,4,420,53.39780825086374,8.677732662119148,116.60191067364882,17.330169677734375
densenet169,2,4,510,55.427540698898326,10.18327639181171,137.41293243496622,14.705181121826172
densenet169,2,4,600,57.34939153543307,11.802781507910153,156.6954643357192,13.733148574829102
densenet169,2,4,690,58.5525416555526,12.791619247175769,174.63961413921405,12.508869171142578
densenet169,2,4,780,59.78133980537319,13.095569614896997,185.2005260669288,11.602163314819336
densenet169,2,4,870,60.72962080234927,13.611673850594876,190.1680177244421,12.08209991455078
densenet169,2,4,960,61.02222904704678,13.26050916949577,184.28427989368333,15.171051025390623
densenet169,2,4,1050,62.58462248351267,13.025859223708755,190.9450687029654,11.618375778198242
densenet169,2,4,1140,66.53220177402686,13.954042107360207,192.85686541312583,14.328718185424805
densenet169,2,4,1230,72.12971986359761,14.847817130264303,189.97657174128275,11.650800704956056
densenet169,2,4,1320,79.59985170692752,15.699383601664389,182.8272310576804,11.804819107055664
densenet169,2,4,1410,91.80133740458017,18.36780061558932,185.8887482076362,11.49129867553711
densenet169,2,7,210,49.553336699726216,5.762860664638491,72.01213099787518,27.874231338500977
densenet169,2,7,240,50.473461960671024,6.530022779542357,81.12364714309469,24.71137046813965
densenet169,2,7,330,52.98443204485417,8.614271262470751,106.8033618698689,18.84126663208008
densenet169,2,7,420,55.274448816053074,10.55437322730848,130.22414518151174,15.743017196655272
densenet169,2,7,510,57.50725738606,12.262993078973388,151.81983038885562,13.709068298339844
densenet169,2,7,600,59.5977124600639,14.051102432540985,171.49682791991864,12.224197387695312
densenet169,2,7,690,60.87780942613398,15.116887017757152,182.05074510695087,14.397621154785156
densenet169,2,7,780,61.75310086906967,15.06733067859348,188.13518405030783,14.494895935058594
densenet169,2,7,870,62.33388700841323,15.215940056658836,190.347124321354,12.507200241088867
densenet169,2,7,960,62.41032446736328,14.648604589812273,179.8974881671503,13.861894607543944
densenet169,2,7,1050,63.92866512107162,14.369901861267708,193.2718913039883,13.298988342285156
densenet169,2,7,1140,67.41383094618057,14.835671279513916,189.19213820652263,15.387296676635742
densenet169,2,7,1230,72.95279266740567,15.670889934072363,182.10810660097687,16.344308853149414
densenet169,2,7,1320,81.98715326790561,18.086685162642475,187.9211631395353,16.157865524291992
densenet169,2,7,1410,93.96490501103573,20.53136822204489,183.76941190170467,12.520074844360352
densenet169,4,1,210,46.592396874115984,2.8019208390282584,38.79191406527488,103.3029556274414
densenet169,4,1,240,47.18673270334493,3.2432935222162627,44.10411857850215,90.86179733276369
densenet169,4,1,330,48.977594116004646,4.607433333621231,59.66115421246749,67.15083122253418
densenet169,4,1,420,50.63887493583798,5.91879934709339,74.5048189634489,53.786277770996094
densenet169,4,1,600,53.74419674625181,8.19758671872889,101.9535594948406,39.31331634521485
densenet169,4,1,690,55.16096588147576,9.400043473098927,114.27347730769908,35.11643409729004
densenet169,4,1,780,56.54961154274724,9.863841352271049,125.87231870321524,31.864404678344727
densenet169,4,1,870,57.63101622334794,10.513069271593553,137.14020143630273,29.288291931152344
densenet169,4,1,960,59.2276058595153,11.465885981964291,147.4549809334428,27.24432945251465
densenet169,4,1,1050,61.28950075689313,11.730737497089224,159.06797451220774,25.229930877685547
densenet169,4,1,1140,65.72335805722892,13.145198390562271,169.3456529153566,23.710250854492188
densenet169,4,1,1230,72.35264456149383,15.07074182816052,179.55023336574442,22.41826057434082
densenet169,4,1,1320,81.48778946724819,17.587321361985055,189.2000347170884,21.25263214111328
densenet169,4,1,1410,94.06709090526138,20.633554116270545,198.07245200086663,20.275354385375977
densenet169,4,2,210,48.50604009374738,4.715564058659655,66.14154652769433,60.63413619995117
densenet169,4,2,240,49.36127180685358,5.4178326257249125,75.14464988105787,53.33495140075684
densenet169,4,2,330,51.77264939130435,7.402488608920933,101.29423983004436,39.608001708984375
densenet169,4,2,420,54.032251947681786,9.312176358937194,126.28831390727872,31.79931640625
densenet169,4,2,510,56.265147344224,11.02088303713738,150.07541946369366,26.76606178283692
densenet169,4,2,600,58.38361198357091,12.83700195604799,172.75578120172494,23.31709861755371
densenet169,4,2,690,59.78149183280695,14.020569424430125,194.11381741849485,20.734786987304688
densenet169,4,2,780,61.73814320270924,15.05237301223305,214.14104571881185,18.76378059387207
densenet169,4,2,870,63.84504631401891,16.727099362264518,233.7371847596685,17.251253128051758
densenet169,4,2,960,66.07077692493654,18.30905704738553,252.33844236972885,15.980005264282228
densenet169,4,2,1050,68.76905607417285,19.21029281436894,274.5517963831285,14.71257209777832
densenet169,4,2,1140,74.50066579418196,21.922506127515305,294.55676732883643,13.725042343139648
densenet169,4,2,1230,82.82692697419309,25.54502424085977,315.23921491222643,12.794256210327148
densenet169,4,2,1320,94.27974487689812,30.379276771634984,335.76275852086195,13.459205627441406
densenet169,4,2,1410,110.04956414590048,36.616027356909655,355.2874240055077,11.567115783691406
densenet169,4,3,210,49.36892276470276,5.578446729615034,83.99431335029978,47.73092269897461
densenet169,4,3,240,50.32444881784801,6.381009636719341,95.31097080538191,42.05608367919922
densenet169,4,3,330,53.06858278705858,8.698422004675166,128.21413502717007,31.311750411987305
densenet169,4,3,420,55.62138899331029,10.901313404565698,159.55830212330653,123.34012985229492
densenet169,4,3,510,57.55249062921565,12.308226322129038,189.5140237103537,21.214962005615234
densenet169,4,3,600,59.8480189052539,14.301408877730983,218.0501526387953,18.466711044311523
densenet169,4,3,690,62.09882823565796,16.337905827281133,245.29924345961783,16.454696655273438
densenet169,4,3,780,64.24920993474771,17.56343974427152,270.97115945412463,14.809846878051758
densenet169,4,3,870,66.62913557721366,19.51118862545927,297.3561329345726,13.535737991333008
densenet169,4,3,960,69.1221657337938,21.3604458562428,322.4790893686037,12.502193450927734
densenet169,4,3,1050,72.32791494686742,22.76915168706352,352.4609334532745,11.695623397827148
densenet169,4,3,1140,78.8038195831898,26.22565991652316,379.3844900685047,12.15219497680664
densenet169,4,3,1230,85.33982801841746,28.05792528508416,373.180892247232,16.520261764526367
densenet169,4,3,1320,95.71664904051173,31.81618093524859,376.6352494421605,16.07823371887207
densenet169,4,3,1410,109.92115849292256,36.48762170393172,380.1971989972749,10.90383529663086
densenet169,4,4,210,50.57042352087679,6.779947485789061,102.71048852836476,39.06702995300293
densenet169,4,4,240,51.846212520205725,7.902773339077058,116.41903301016164,34.47103500366211
densenet169,4,4,330,55.02363509258343,10.65347431020001,155.8228637481468,25.808334350585938
densenet169,4,4,420,57.40637603476319,12.6863004460186,193.12446091902163,20.856618881225582
densenet169,4,4,510,60.218780970051895,14.97451666296528,228.10673785963456,17.67444610595703
densenet169,4,4,600,62.88174879464725,17.335138767124327,260.7604336596742,15.457868576049805
densenet169,4,4,690,65.40031526568984,19.639392857313013,292.15881360216423,13.781070709228516
densenet169,4,4,780,67.7400398643957,21.054269673919507,321.00715345387243,13.546228408813477
densenet169,4,4,870,70.40791459993767,23.28996764818328,350.3839400538535,12.061834335327148
densenet169,4,4,960,73.17286407043369,25.41114419288268,379.13216280543975,13.746500015258787
densenet169,4,4,1050,74.30751382519257,24.74875056538866,381.3413738677258,12.082815170288086
densenet169,4,4,1140,78.59702477928947,26.01886511262282,376.28531758775057,14.827489852905272
densenet169,4,4,1230,85.94767389821838,28.665771164885072,378.02402724437286,11.628150939941406
densenet169,4,4,1320,94.55810934441293,30.65764123914979,364.7817248035084,12.016773223876951
densenet169,4,4,1410,110.48336975347006,37.04983296447922,383.2745735081252,11.70659065246582
densenet169,4,7,210,52.91642106179837,9.12594502671065,125.24362780111014,32.0432186126709
densenet169,4,7,240,54.22738295830223,10.283943777173562,141.40030263691514,28.38015556335449
densenet169,4,7,330,57.97056522455901,13.600404442175597,187.08478368334988,21.46458625793457
densenet169,4,7,420,60.75613372042387,16.036058131679276,229.0460589284358,17.59195327758789
densenet169,4,7,510,63.87738458143798,18.633120274351363,267.87467066335364,15.05589485168457
densenet169,4,7,600,66.92843307627702,21.3818230487541,303.71665424671863,13.416528701782228
densenet169,4,7,690,69.6959134439091,23.93499103553228,336.78680600905363,12.015581130981444
densenet169,4,7,780,71.95973726129482,25.273967070818628,363.262718470146,11.265993118286133
densenet169,4,7,870,73.84398005475167,26.72603310299728,380.2052106105394,11.433601379394531
densenet169,4,7,960,74.42474508126604,26.66302520371503,378.02693859368304,11.04736328125
densenet169,4,7,1050,74.38031592584319,24.82155266603928,362.89319557965007,15.117645263671877
densenet169,4,7,1140,79.4630102329166,26.884850566249952,366.976846952952,11.33418083190918
densenet169,4,7,1230,87.64642116120159,30.36451842786828,377.0848082978178,11.423826217651367
densenet169,4,7,1320,98.66580043522784,34.765332329964714,379.33439245333744,11.44099235534668
densenet169,4,7,1410,113.31789689929104,39.88436011030019,379.7626709210222,11.751651763916016
densenet169,8,1,210,47.59255098158452,3.8020749464967976,52.91925885798268,151.36051177978516
densenet169,8,1,240,48.30693818599362,4.363499004864956,60.1745917710622,133.11433792114258
densenet169,8,1,330,50.372255056054605,6.00209427367119,81.33173034452659,98.47593307495116
densenet169,8,1,420,52.33361481720444,7.613539228459842,101.46159828020082,78.97019386291504
densenet169,8,1,510,54.19374753892702,8.949483231840404,120.47305660334249,66.52522087097168
densenet169,8,1,600,55.91203589325932,10.365425865736396,137.90716888744635,58.15410614013672
densenet169,8,1,690,57.53949758685446,11.778575178477633,153.64384956924457,52.40583419799805
densenet169,8,1,780,59.08934031445831,12.403570123982124,167.98136996148867,47.70994186401367
densenet169,8,1,870,60.23824503933567,13.120298087581276,181.67109732913315,44.16155815124512
densenet169,8,1,960,61.93292466412897,14.17120478657796,193.9817265467113,41.38898849487305
densenet169,8,1,1050,64.07597940618635,14.517216146382438,207.2249086580386,38.70773315429688
densenet169,8,1,1140,68.67150832835785,16.093348661691195,218.3876784758891,36.71121597290039
densenet169,8,1,1230,75.54050723262083,18.258604499287514,228.9012607523199,35.1407527923584
densenet169,8,1,1320,84.88261816445322,20.982150059190083,238.3333612204541,33.72502326965332
densenet169,8,1,1410,97.77046055544508,24.336923766454248,246.59011685150665,32.58705139160156
densenet169,8,2,210,50.38235084370466,6.5918748086169385,91.78968480545586,87.28790283203125
densenet169,8,2,240,51.4540360667301,7.510596885601437,104.39987506027867,76.7059326171875
densenet169,8,2,330,54.55734836145735,10.187187579073935,141.00876257361185,56.81276321411133
densenet169,8,2,420,57.52102188111262,12.800946292368025,175.8385049782107,45.6089973449707
densenet169,8,2,510,59.75371868030959,14.509454373222972,208.89446019385025,38.38801383972168
densenet169,8,2,600,62.38835397030925,16.841743942786337,239.66273914177725,33.4477424621582
densenet169,8,2,690,64.80629395839989,19.045371550023063,267.6664829568425,30.004024505615234
densenet169,8,2,780,67.12623322318017,20.44046303270397,293.7227311183674,27.396202087402344
densenet169,8,2,870,69.4977489944823,22.379802042727903,318.91300639745947,25.232553482055664
densenet169,8,2,960,71.96807758656266,24.206357709011648,341.4730132125839,23.55241775512696
densenet169,8,2,1050,75.0031441662092,25.44438090640529,367.9903510605727,21.884441375732425
densenet169,8,2,1140,81.20999044395779,28.631830777291142,390.7854510404604,20.609378814697266
densenet169,8,2,1230,89.6940379994346,32.41213526610129,413.04698397329895,19.52099800109864
densenet169,8,2,1320,102.3206944773414,38.420226372078254,435.34452071657614,18.506526947021484
densenet169,8,2,1410,119.0838923427028,45.650355553711975,455.5579936191489,17.68970489501953
densenet169,8,3,210,52.11608586464632,8.325609829558598,123.82932800502724,64.71538543701172
densenet169,8,3,240,53.41104950318744,9.467610322058768,140.7189376568586,56.9462776184082
densenet169,8,3,330,56.65405376292493,12.283892980541516,190.0047741949613,42.17648506164551
densenet169,8,3,420,60.161373562094944,15.441297973350352,237.1519544401693,33.818721771240234
densenet169,8,3,510,63.53520951483582,18.290945207749203,282.4990749019504,28.417110443115234
densenet169,8,3,600,66.82669869931772,21.2800886717948,325.9000456604814,24.62387084960937
densenet169,8,3,690,69.84319750260146,24.082275094224627,367.3963250720096,21.87705039978028
densenet169,8,3,780,72.80299025872819,26.117220068252,406.8401376980575,19.764423370361328
densenet169,8,3,870,75.9375316145393,28.819584662784905,446.4391457539904,18.03207397460937
densenet169,8,3,960,79.19712709716356,31.43540721961255,482.0450538771253,16.726016998291016
densenet169,8,3,1050,83.2357772999252,33.67701404012129,525.3597387923841,15.334844589233398
densenet169,8,3,1140,90.8678126360958,38.28965296942916,563.4133391998939,14.294147491455078
densenet169,8,3,1230,101.4087095425814,44.12680680924808,602.1927367160451,13.360023498535156
densenet169,8,3,1320,118.0129647723133,54.11249666705016,645.2242305319382,12.510299682617188
densenet169,8,3,1410,139.61750984765433,66.1839730586635,684.9434409887195,12.007951736450195
densenet169,8,4,210,53.91746691144501,10.12699087635728,152.57427693549968,52.515268325805664
densenet169,8,4,240,55.430009927403134,11.486570746274468,173.14726227411106,46.35763168334961
densenet169,8,4,330,59.80204341701759,15.431882634634178,232.6690947221588,34.50775146484375
densenet169,8,4,420,63.264503037644765,18.544427448900173,289.4001976179264,27.782440185546875
densenet169,8,4,510,67.10297385888539,21.85870955179877,342.884311940933,23.40388298034668
densenet169,8,4,600,70.67965142291513,25.13304139539221,393.1797735522002,20.48492431640625
densenet169,8,4,690,74.14001759392663,28.3790951855498,440.8575354618902,18.278121948242188
densenet169,8,4,780,77.33560102813519,30.649830837659,485.3559663118724,16.6165828704834
densenet169,8,4,870,80.7847841112808,33.66683715952641,528.7829100383245,15.22064208984375
densenet169,8,4,960,84.38569151029587,36.62397163274486,570.4364636605952,14.178752899169922
densenet169,8,4,1050,88.75912480442456,39.20036154462065,620.2348961272052,12.95018196105957
densenet169,8,4,1140,97.28690970723024,44.70875004056359,664.7978316315051,12.182950973510742
densenet169,8,4,1230,109.68430744786497,52.40240471453164,710.8128323849664,12.06374168395996
densenet169,8,4,1320,127.1829858848614,63.282517779598265,754.84093161586,11.863946914672852
densenet169,8,4,1410,146.20745692058077,72.77392013158993,759.6113484560398,11.27004623413086
densenet169,8,7,210,57.92981761850666,14.139341583418936,203.59541852314047,39.40415382385254
densenet169,8,7,240,59.35169744129294,15.408258260164274,230.4045837982239,34.81459617614746
densenet169,8,7,330,64.87621076887177,20.50604998648836,306.8244007431593,26.18694305419922
densenet169,8,7,420,69.90066109643172,25.180585507687127,377.76931882670016,21.308422088623047
densenet169,8,7,510,74.73997310416843,29.49570879708181,444.2518542286396,18.140316009521484
densenet169,8,7,600,79.28304915042719,33.73643912290427,506.0989378166214,15.889644622802734
densenet169,8,7,690,83.4347041576116,37.67378174923478,563.6655427042041,14.259815216064451
densenet169,8,7,780,87.2718056646763,40.5860354742001,614.9504820221265,13.051748275756836
densenet169,8,7,870,91.36364741018858,44.245700458434186,665.1634366094972,12.148141860961914
densenet169,8,7,960,95.48803011694586,47.726310239394856,715.8178337295897,11.669635772705078
densenet169,8,7,1050,99.25980131386171,49.70103805405781,753.8564956365473,11.948823928833008
densenet169,8,7,1140,104.38323497949725,51.8050753128306,735.9256091387397,11.677980422973633
densenet169,8,7,1230,115.62449899973906,58.34259626640575,755.9389295538826,11.647462844848633
densenet169,8,7,1320,130.1209583724703,66.22049026720717,748.6864165944991,11.823654174804688
densenet169,8,7,1410,152.6153586615695,79.18182187257867,768.1699691511981,11.325359344482422
densenet169,16,1,210,48.04138461908367,4.25090858399594,57.78121161128058,277.1751880645752
densenet169,16,1,240,48.85178083216054,4.908341651031876,65.75576610888898,243.55387687683103
densenet169,16,1,330,51.03757765688516,6.66741687450174,89.00450517980678,179.9294948577881
densenet169,16,1,420,53.152353567043136,8.432277978298544,111.26495149732015,144.01865005493164
densenet169,16,1,510,55.16677737993771,9.922513072851096,132.12440758903364,121.29807472229004
densenet169,16,1,600,56.53314625419513,10.986536226672213,150.91633215985084,106.1558723449707
densenet169,16,1,690,58.20573923065394,12.444816822277112,167.54302334441226,95.59774398803712
densenet169,16,1,780,59.73835423776381,13.05258404728762,182.52198104468627,87.77117729187012
densenet169,16,1,870,61.4777712683023,14.359824316547908,196.5791623456093,81.48074150085449
densenet169,16,1,960,63.25086597048363,15.48914609293262,209.28245460217755,76.54929161071777
densenet169,16,1,1050,65.34519687038492,15.786433610581014,222.0250217803542,72.16882705688477
densenet169,16,1,1140,69.90985749377745,17.3316978271108,232.4054275057941,68.94040107727051
densenet169,16,1,1230,76.5705468712314,19.28864413789809,241.6627303591204,66.51425361633301
densenet169,16,1,1320,85.79732810312925,21.89685999786611,249.7059032058393,64.32247161865234
densenet169,16,1,1410,98.862138727236,25.42860193824515,256.5486313091027,62.48235702514648
densenet169,16,2,210,51.78883068162345,7.998354646535726,104.15595286207892,153.92017364501953
densenet169,16,2,240,52.96662477624375,9.02318559511508,118.48875189184416,135.2849006652832
densenet169,16,2,330,56.59174795945235,12.221587177068931,160.41864608398907,99.95174407958984
densenet169,16,2,420,59.51429098595993,14.79421539721534,200.5117623657884,79.96249198913574
densenet169,16,2,510,62.82891472996943,17.584650422882817,238.4076420452895,67.26264953613281
densenet169,16,2,600,65.74545470914605,20.19884468162313,272.8408360313558,58.751821517944336
densenet169,16,2,690,68.49392534043187,22.733002932055044,304.2847492487924,52.68549919128418
densenet169,16,2,780,71.10381852419118,24.418048333714992,332.7703591807209,48.18797111511231
densenet169,16,2,870,73.72808004628527,26.61013309453088,359.6945628421049,44.6157455444336
densenet169,16,2,960,76.18272670100623,28.421006823455222,383.55224912323513,41.808366775512695
densenet169,16,2,1050,79.29423327275134,29.73547001294743,409.7509837590226,39.162635803222656
densenet169,16,2,1140,85.77803690637383,33.19987723970718,431.3855740440887,37.22643852233887
densenet169,16,2,1230,94.14357109292298,36.86166835958967,451.0634854786355,35.61139106750488
densenet169,16,2,1320,106.47956916801088,42.57910106274773,470.326982572032,34.104108810424805
densenet169,16,2,1410,124.84110028238952,51.4075634933987,488.07173293138914,32.92584419250488
densenet169,16,3,210,54.4203580812916,10.629882046203878,142.1272256313897,112.70475387573242
densenet169,16,3,240,56.0028625748794,12.059423393750734,161.69829323654014,99.06601905822754
densenet169,16,3,330,60.17792422334463,15.807763440961216,219.01154553330448,73.16732406616211
densenet169,16,3,420,64.51723873101633,19.797163142271742,274.156750149372,58.43853950500488
densenet169,16,3,510,68.56185481315335,23.31759050606673,327.08779652434487,48.99358749389648
densenet169,16,3,600,72.52239900840698,26.97578898088406,377.8049314085493,42.49167442321777
densenet169,16,3,690,76.53384669073728,30.77292428236045,426.2001223881899,37.68301010131836
densenet169,16,3,780,80.1882435240071,33.502473333530915,471.5304392156252,34.02972221374512
densenet169,16,3,870,84.01780845872305,36.89986150696866,516.2039989693868,31.08429908752441
densenet169,16,3,960,87.66165618012856,39.89993630257755,556.2553567449057,28.87225151062012
densenet169,16,3,1050,91.85402069104796,42.29525743124405,601.801397567736,26.688337326049805
densenet169,16,3,1140,100.22386786781249,47.64570820114584,640.6935632958139,25.10881423950196
densenet169,16,3,1230,111.6856597890074,54.40375705567409,680.778063981556,23.58794212341309
densenet169,16,3,1320,128.38080718023315,64.48033907497,721.5447044494503,22.2318172454834
densenet169,16,3,1410,153.81078317419903,80.3772463852082,760.2093470960583,21.15011215209961
densenet169,16,4,210,57.77414041012408,13.98366437503636,187.9898843331564,85.24513244628906
densenet169,16,4,240,59.24910023327411,15.305661052145446,213.6684773073625,75.0277042388916
densenet169,16,4,330,64.94906055042519,20.57889976804177,288.0325182929846,55.65237998962402
densenet169,16,4,420,70.37495975634563,25.65488416760104,358.62716756812347,44.71516609191895
densenet169,16,4,510,75.39571579951114,30.15145149242452,424.776842578725,37.79053688049317
densenet169,16,4,600,80.02729921958684,34.48068919206392,485.2553013403096,33.10704231262207
densenet169,16,4,690,84.40718057312861,38.646258164751785,541.6462138658206,29.62541580200196
densenet169,16,4,780,88.53039982778952,41.84462963731333,593.5286091166589,27.05550193786621
densenet169,16,4,870,92.7909603343681,45.6730133826137,643.1835887331672,25.05803108215332
densenet169,16,4,960,96.85722696341884,49.09550708586784,688.0652801619582,24.65081214904785
densenet169,16,4,1050,101.80142817275448,52.24266491295057,740.7540968371451,21.688461303710938
densenet169,16,4,1140,111.23385679342287,58.65569712675622,786.1828053866617,20.46442031860352
densenet169,16,4,1230,124.7904951082333,67.50859237489999,830.5621423212496,19.40202713012696
densenet169,16,4,1320,144.07190154812542,80.17143344286228,874.0512363089973,18.46480369567871
densenet169,16,4,1410,171.4876097219393,98.05407293294846,914.3090720402369,17.60125160217285
densenet169,16,7,210,64.9790824800574,21.188606444969675,266.3991795787371,60.15443801879883
densenet169,16,7,240,67.1489634179033,23.20552423677464,302.074363813267,53.08818817138672
densenet169,16,7,330,75.35389598233881,30.9837351999554,404.9940600755842,39.60776329040527
densenet169,16,7,420,83.06808474414915,38.34800915540456,501.7586594784252,31.977415084838867
densenet169,16,7,510,90.00100059963272,44.7567362925461,592.7166064049989,27.08673477172852
densenet169,16,7,600,96.75767916038753,51.211069132864594,677.6610953839386,23.691177368164062
densenet169,16,7,690,102.75851201408383,56.997589605707006,755.2472083308619,21.30746841430664
densenet169,16,7,780,108.55143642799511,61.86566623751892,824.1738793008644,19.50669288635254
densenet169,16,7,870,112.98388977772858,65.86594282597419,877.3193126400712,18.347740173339844
densenet169,16,7,960,120.10238502544952,72.3406651478985,955.5131114917302,16.86716079711914
densenet169,16,7,1050,127.51000183902008,77.95123857921617,1038.2296610141573,15.52271842956543
densenet169,16,7,1140,138.99745606039994,86.41929639373329,1104.949718894329,15.568971633911133
densenet169,16,7,1230,159.9065397215973,102.624636988264,1179.43101982189,13.616323471069336
densenet169,16,7,1320,188.94093338683788,125.04046528157474,1256.2754922322003,16.520261764526367
densenet169,16,7,1410,231.61503574416307,158.18149895517223,1329.936595443069,14.20140266418457
densenet169,32,1,210,48.6062658934668,4.815789858379072,66.29630408159805,482.84387588500977
densenet169,32,1,240,49.43318069011429,5.489741508985624,75.44037253052831,424.3385791778565
densenet169,32,1,330,51.91017687211215,7.540016089728731,102.1080883634082,313.5569095611572
densenet169,32,1,420,54.137746980831935,9.417671392087342,127.39217680709584,251.3399124145508
densenet169,32,1,510,56.28853167712423,11.044267370037616,151.08400011259607,211.9350433349609
densenet169,32,1,600,58.24151963830696,12.694909610784045,172.0511438983907,186.11741065979004
densenet169,32,1,690,60.00781192000586,14.24688951162903,190.35771080988428,168.2291030883789
densenet169,32,1,780,61.05667895262816,14.370908762151972,206.66341364139765,154.97946739196777
densenet169,32,1,870,62.84134809035073,15.723401138596335,221.8653545616877,144.35386657714844
densenet169,32,1,960,64.7259814214546,16.964261543903596,235.7154518467456,135.8776092529297
densenet169,32,1,1050,66.81528159334817,17.256518333544264,248.83926208658409,128.71766090393066
densenet169,32,1,1140,71.41059746562317,18.83243779895652,259.1138178002634,123.63290786743164
densenet169,32,1,1230,78.00942536854693,20.727522635213617,267.68686107349106,119.95267868041992
densenet169,32,1,1320,87.22928810789338,23.328820002630245,275.0829766147721,116.6691780090332
densenet169,32,1,1410,100.66071604999428,27.22717926100344,281.5571512487168,113.79122734069824
densenet169,32,2,210,52.97063453830821,9.180158503220486,122.8191803601785,260.7085704803467
densenet169,32,2,240,54.4022891869533,10.458850005824637,139.79402821669385,229.0794849395752
densenet169,32,2,330,57.94611174824424,13.57595096586082,189.38733269143407,169.10028457641602
densenet169,32,2,420,61.747879166651074,17.027803577906482,236.60580218250487,135.4086399078369
densenet169,32,2,510,65.27790353855339,20.03363923146677,280.66292493048235,114.17555809020996
densenet169,32,2,600,68.54136396342453,22.994753935901613,320.18806677764417,100.08096694946288
densenet169,32,2,690,71.33717879402566,25.57625638564884,354.871751339071,90.33560752868652
densenet169,32,2,780,74.03915973898056,27.353389548504367,385.8387397463225,83.03189277648926
densenet169,32,2,870,76.87258468476796,29.754637733013567,414.9026508702119,77.2237777709961
densenet169,32,2,960,79.49881545201892,31.737095574467908,441.3155721398499,72.6161003112793
densenet169,32,2,1050,82.38135646263346,32.82259320282955,467.6630710997785,68.51887702941895
densenet169,32,2,1140,88.94737199951865,36.369212332852,488.6137128421136,65.77944755554199
densenet169,32,2,1230,97.55101951434496,40.26911678101165,506.8021642419748,63.33327293395996
densenet169,32,2,1320,109.55200207438249,45.65153396911935,523.2183477385458,61.26594543457031
densenet169,32,2,1410,127.94076933743068,54.50723254843983,537.7042061886399,59.658050537109375
densenet169,32,3,210,57.21067776830004,13.420201733212313,171.97755954150668,186.21587753295896
densenet169,32,3,240,58.60242582986589,14.658986648737226,195.7279679772797,163.6197566986084
densenet169,32,3,330,64.13450097278712,19.764340190403708,265.3322248099612,120.73063850402832
densenet169,32,3,420,69.32021980221826,24.60014421347367,332.25379203297064,96.47083282470705
densenet169,32,3,510,74.260175347796,29.015911040709376,396.4362064347953,80.84487915039062
densenet169,32,3,600,79.12290135108788,33.57629132356496,457.69129776915736,69.99993324279785
densenet169,32,3,690,83.6692604027281,37.90833799435127,515.7520108858824,62.13641166687012
densenet169,32,3,780,87.85158743723099,41.1658172467548,568.9047150669995,56.39481544494629
densenet169,32,3,870,92.10444191697404,44.98649496521966,619.7748535764626,51.72562599182129
densenet169,32,3,960,96.14161982873377,48.37989995118274,667.0018337215515,48.037052154541016
densenet169,32,3,1050,100.90651096897206,51.34774770916815,717.9870329929937,44.6925163269043
densenet169,32,3,1140,110.69082755498928,58.11266788832262,761.5483876909677,42.25492477416992
densenet169,32,3,1230,123.00818590611011,65.72628317277682,803.2849596372325,40.00043869018555
densenet169,32,3,1320,140.77496689392396,76.87449878866082,844.5572829213847,38.02156448364258
densenet169,32,3,1410,169.20647655579734,95.7729397668065,882.7634904656089,36.37456893920898
densenet169,32,4,210,60.73985239078656,16.949376355698835,222.8741678557465,143.77641677856445
densenet169,32,4,240,62.54008195980402,18.59664277867536,253.3767238507708,126.4474391937256
densenet169,32,4,330,69.32651023517039,24.956349452786974,341.96658789672347,93.72997283935548
densenet169,32,4,420,75.80341257064336,31.083336981898768,426.06291304584335,75.23941993713379
densenet169,32,4,510,81.58269574575841,36.3384314386718,502.6289333166586,63.78602981567383
densenet169,32,4,600,86.98332851439795,41.43671848687504,572.6652059266833,55.99665641784668
densenet169,32,4,690,92.04315584467534,46.28223343629851,636.1956095499703,50.40192604064941
densenet169,32,4,780,96.6640863495742,49.978316159098014,693.6673759132528,46.265363693237305
densenet169,32,4,870,101.22875046468953,54.11080351293512,748.7511855037282,42.85264015197754
densenet169,32,4,960,105.8485226560632,58.0868027785122,798.6488688849316,40.18712043762207
densenet169,32,4,1050,110.63282954486006,61.07406628505615,851.7279550941369,37.68110275268555
densenet169,32,4,1140,120.66746696844451,68.08930730177788,895.769989218346,35.86435317993164
densenet169,32,4,1230,134.59915104953592,77.31724831620261,937.4548200085856,34.277915954589844
densenet169,32,4,1320,154.1896367389783,90.28916863371516,976.519605509726,32.935380935668945
densenet169,32,4,1410,184.5520864963296,111.11854970733876,1011.194936758934,31.769275665283203
densenet169,32,7,210,70.5671543346407,26.77667829955298,332.75722208358366,96.25458717346191
densenet169,32,7,240,74.18097587312602,30.23753669199735,377.8385523976638,84.79762077331543
densenet169,32,7,330,84.49429176685116,40.12413098446775,509.5851838293141,62.85810470581055
densenet169,32,7,420,93.14200320841633,48.42192761967172,634.1148332117294,50.562143325805664
densenet169,32,7,510,104.27404829555596,59.02978398846934,752.1352079472507,42.64593124389648
densenet169,32,7,600,112.74380328717132,67.19719325964839,861.0004506995404,37.27006912231445
densenet169,32,7,690,120.24913880188838,74.48821639351155,958.3241994710046,33.46490859985352
densenet169,32,7,780,127.24942238685033,80.56365219637414,1041.0947326985583,30.871152877807617
densenet169,32,7,870,132.92773179340227,85.80978484164788,1107.3164799728245,29.003143310546875
densenet169,32,7,960,140.93931932997558,93.17759945242456,1205.638373693354,26.75485610961914
densenet169,32,7,1050,148.10890273779629,98.55013947799236,1291.439625521854,24.86205101013184
densenet169,32,7,1140,162.6916088108574,110.11344914419074,1368.828654513247,23.434877395629883
densenet169,32,7,1230,188.424374715339,131.1424719820057,1451.692693735317,22.12715148925781
densenet169,32,7,1320,221.9216334447389,158.0211653394758,1530.1762802034914,20.986557006835938
densenet169,32,7,1410,276.7585567764683,203.32501998747748,1607.8001655089504,20.017147064208984
