Start (ns),Duration (ns),CorrId,GrdX,GrdY,GrdZ,BlkX,BlkY,BlkZ,Reg/Trd,StcSMem (MB),DymSMem (MB),Bytes (MB),Throughput (MB/s),SrcMemKd,DstMemKd,Device,Ctx,Strm,Name
9821492,47584,8272,,,,,,,,,,1.204,25306.767,Pinned,Device,NVIDIA A100 80GB PCIe (0),1,7,[CUDA memcpy Host-to-Device]
10149685,8672,8289,1568,1,2,256,1,1,32,0.004,0.000,,,,,NVIDIA A100 80GB PCIe (0),1,7,"void cudnn::ops::nchwToNhwcKernel<float, float, float, (bool)0, (bool)1, (cudnnKernelDataType_t)2>(cudnn::ops::nchw2nhwc_params_t<T3>, const T1 *, T2 *)"
10159381,3168,8291,2,1,64,256,1,1,32,0.004,0.000,,,,,NVIDIA A100 80GB PCIe (0),1,7,"void cudnn::ops::nchwToNhwcKernel<float, float, float, (bool)0, (bool)1, (cudnnKernelDataType_t)2>(cudnn::ops::nchw2nhwc_params_t<T3>, const T1 *, T2 *)"
10163541,23168,8293,2,196,1,128,1,1,112,0.000,0.004,,,,,NVIDIA A100 80GB PCIe (0),1,7,sm80_xmma_fprop_implicit_gemm_indexed_wo_smem_tf32f32_tf32f32_f32_nhwckrsc_nhwc_tilesize128x32x16_stage1_warpsize4x1x1_g1_tensor16x8x8_aligna4_execute_kernel_cudnn_infer
10187797,6304,8295,392,2,2,256,1,1,32,0.004,0.000,,,,,NVIDIA A100 80GB PCIe (0),1,7,"void cudnn::ops::nhwcToNchwKernel<float, float, float, (bool)1, (bool)0, (cudnnKernelDataType_t)0>(cudnn::ops::nhwc2nchw_params_t<T3>, const T1 *, T2 *)"
10195157,11520,8336,64,2,1,512,1,1,19,0.000,0.000,,,,,NVIDIA A100 80GB PCIe (0),1,7,"void cudnn::bn_fw_inf_1C11_kernel_NCHW<float, float, (bool)1, (int)1>(T2, T2, cudnnTensorStruct, const T1 *, cudnnTensorStruct, T1 *, cudnnTensorStruct, const T2 *, const T2 *, const T2 *, const T2 *, T2)"
10210965,5376,8343,3136,1,1,128,1,1,17,0.000,0.000,,,,,NVIDIA A100 80GB PCIe (0),1,7,"void at::native::vectorized_elementwise_kernel<(int)4, at::native::<unnamed>::launch_clamp_scalar(at::TensorIteratorBase &, c10::Scalar, c10::Scalar, at::native::detail::ClampLimits)::[lambda() (instance 1)]::operator ()() const::[lambda() (instance 7)]::operator ()() const::[lambda(float) (instance 1)], at::detail::Array<char *, (int)2>>(int, T2, T3)"
10250869,13184,8360,1568,1,1,256,1,1,26,0.000,0.000,,,,,NVIDIA A100 80GB PCIe (0),1,7,"void at::native::<unnamed>::max_pool_forward_nchw<float, float>(int, const T1 *, long, long, long, int, int, int, int, int, int, int, int, int, int, T1 *, long *)"
10319253,3552,8370,,,,,,,,,,1.606,452035.183,Device,Device,NVIDIA A100 80GB PCIe (0),1,7,[CUDA memcpy Device-to-Device]
10365909,5345,8411,64,2,1,512,1,1,19,0.000,0.000,,,,,NVIDIA A100 80GB PCIe (0),1,7,"void cudnn::bn_fw_inf_1C11_kernel_NCHW<float, float, (bool)1, (int)1>(T2, T2, cudnnTensorStruct, const T1 *, cudnnTensorStruct, T1 *, cudnnTensorStruct, const T2 *, const T2 *, const T2 *, const T2 *, T2)"
10379221,2977,8418,784,1,1,128,1,1,17,0.000,0.000,,,,,NVIDIA A100 80GB PCIe (0),1,7,"void at::native::vectorized_elementwise_kernel<(int)4, at::native::<unnamed>::launch_clamp_scalar(at::TensorIteratorBase &, c10::Scalar, c10::Scalar, at::native::detail::ClampLimits)::[lambda() (instance 1)]::operator ()() const::[lambda() (instance 7)]::operator ()() const::[lambda(float) (instance 1)], at::detail::Array<char *, (int)2>>(int, T2, T3)"
10443062,8064,8440,16,7,2,128,1,1,90,0.000,0.049,,,,,NVIDIA A100 80GB PCIe (0),1,7,void cutlass::Kernel<cutlass_80_tensorop_s1688gemm_64x64_16x6_nn_align4>(T1::Params)
10486966,6144,8481,128,2,1,512,1,1,19,0.000,0.000,,,,,NVIDIA A100 80GB PCIe (0),1,7,"void cudnn::bn_fw_inf_1C11_kernel_NCHW<float, float, (bool)1, (int)1>(T2, T2, cudnnTensorStruct, const T1 *, cudnnTensorStruct, T1 *, cudnnTensorStruct, const T2 *, const T2 *, const T2 *, const T2 *, T2)"
10499830,3648,8488,1568,1,1,128,1,1,17,0.000,0.000,,,,,NVIDIA A100 80GB PCIe (0),1,7,"void at::native::vectorized_elementwise_kernel<(int)4, at::native::<unnamed>::launch_clamp_scalar(at::TensorIteratorBase &, c10::Scalar, c10::Scalar, at::native::detail::ClampLimits)::[lambda() (instance 1)]::operator ()() const::[lambda() (instance 7)]::operator ()() const::[lambda(float) (instance 1)], at::detail::Array<char *, (int)2>>(int, T2, T3)"
10534326,4480,8508,98,4,2,256,1,1,32,0.004,0.000,,,,,NVIDIA A100 80GB PCIe (0),1,7,"void cudnn::ops::nchwToNhwcKernel<float, float, float, (bool)0, (bool)1, (cudnnKernelDataType_t)2>(cudnn::ops::nchw2nhwc_params_t<T3>, const T1 *, T2 *)"
10540150,3584,8510,1,4,32,256,1,1,32,0.004,0.000,,,,,NVIDIA A100 80GB PCIe (0),1,7,"void cudnn::ops::nchwToNhwcKernel<float, float, float, (bool)0, (bool)1, (cudnnKernelDataType_t)2>(cudnn::ops::nchw2nhwc_params_t<T3>, const T1 *, T2 *)"
10551318,22720,8514,1,49,1,128,1,1,168,0.000,0.123,,,,,NVIDIA A100 80GB PCIe (0),1,7,sm80_xmma_fprop_implicit_gemm_tf32f32_tf32f32_f32_nhwckrsc_nhwc_tilesize128x64x32_stage5_warpsize2x2x1_g1_tensor16x8x8_execute_kernel_cudnn_infer
10575414,2944,8516,98,1,2,256,1,1,32,0.004,0.000,,,,,NVIDIA A100 80GB PCIe (0),1,7,"void cudnn::ops::nhwcToNchwKernel<float, float, float, (bool)1, (bool)0, (cudnnKernelDataType_t)0>(cudnn::ops::nhwc2nchw_params_t<T3>, const T1 *, T2 *)"
10585814,6208,8529,784,2,1,128,1,1,32,0.000,0.000,,,,,NVIDIA A100 80GB PCIe (0),1,7,"void at::native::<unnamed>::CatArrayBatchedCopy_aligned16_contig<float, unsigned int, (int)4, (int)128, (int)1>(T1 *, at::native::<unnamed>::CatArrInputTensorMetadata<T1, T2, T4, T5>, at::native::<unnamed>::TensorSizeStride<T2, (unsigned int)4>, int, T2)"
10627063,5568,8568,96,2,1,512,1,1,19,0.000,0.000,,,,,NVIDIA A100 80GB PCIe (0),1,7,"void cudnn::bn_fw_inf_1C11_kernel_NCHW<float, float, (bool)1, (int)1>(T2, T2, cudnnTensorStruct, const T1 *, cudnnTensorStruct, T1 *, cudnnTensorStruct, const T2 *, const T2 *, const T2 *, const T2 *, T2)"
10639607,3487,8575,1176,1,1,128,1,1,17,0.000,0.000,,,,,NVIDIA A100 80GB PCIe (0),1,7,"void at::native::vectorized_elementwise_kernel<(int)4, at::native::<unnamed>::launch_clamp_scalar(at::TensorIteratorBase &, c10::Scalar, c10::Scalar, at::native::detail::ClampLimits)::[lambda() (instance 1)]::operator ()() const::[lambda() (instance 7)]::operator ()() const::[lambda(float) (instance 1)], at::detail::Array<char *, (int)2>>(int, T2, T3)"
10675959,9280,8597,16,7,2,128,1,1,90,0.000,0.049,,,,,NVIDIA A100 80GB PCIe (0),1,7,void cutlass::Kernel<cutlass_80_tensorop_s1688gemm_64x64_16x6_nn_align4>(T1::Params)
10717111,5952,8638,128,2,1,512,1,1,19,0.000,0.000,,,,,NVIDIA A100 80GB PCIe (0),1,7,"void cudnn::bn_fw_inf_1C11_kernel_NCHW<float, float, (bool)1, (int)1>(T2, T2, cudnnTensorStruct, const T1 *, cudnnTensorStruct, T1 *, cudnnTensorStruct, const T2 *, const T2 *, const T2 *, const T2 *, T2)"
10729431,3712,8645,1568,1,1,128,1,1,17,0.000,0.000,,,,,NVIDIA A100 80GB PCIe (0),1,7,"void at::native::vectorized_elementwise_kernel<(int)4, at::native::<unnamed>::launch_clamp_scalar(at::TensorIteratorBase &, c10::Scalar, c10::Scalar, at::native::detail::ClampLimits)::[lambda() (instance 1)]::operator ()() const::[lambda() (instance 7)]::operator ()() const::[lambda(float) (instance 1)], at::detail::Array<char *, (int)2>>(int, T2, T3)"
10757975,4512,8665,98,4,2,256,1,1,32,0.004,0.000,,,,,NVIDIA A100 80GB PCIe (0),1,7,"void cudnn::ops::nchwToNhwcKernel<float, float, float, (bool)0, (bool)1, (cudnnKernelDataType_t)2>(cudnn::ops::nchw2nhwc_params_t<T3>, const T1 *, T2 *)"
10763575,3712,8667,1,4,32,256,1,1,32,0.004,0.000,,,,,NVIDIA A100 80GB PCIe (0),1,7,"void cudnn::ops::nchwToNhwcKernel<float, float, float, (bool)0, (bool)1, (cudnnKernelDataType_t)2>(cudnn::ops::nchw2nhwc_params_t<T3>, const T1 *, T2 *)"
10769431,22176,8671,1,49,1,128,1,1,168,0.000,0.123,,,,,NVIDIA A100 80GB PCIe (0),1,7,sm80_xmma_fprop_implicit_gemm_tf32f32_tf32f32_f32_nhwckrsc_nhwc_tilesize128x64x32_stage5_warpsize2x2x1_g1_tensor16x8x8_execute_kernel_cudnn_infer
10792663,3104,8673,98,1,2,256,1,1,32,0.004,0.000,,,,,NVIDIA A100 80GB PCIe (0),1,7,"void cudnn::ops::nhwcToNchwKernel<float, float, float, (bool)1, (bool)0, (cudnnKernelDataType_t)0>(cudnn::ops::nhwc2nchw_params_t<T3>, const T1 *, T2 *)"
10797943,6880,8686,784,3,1,128,1,1,32,0.000,0.000,,,,,NVIDIA A100 80GB PCIe (0),1,7,"void at::native::<unnamed>::CatArrayBatchedCopy_aligned16_contig<float, unsigned int, (int)4, (int)128, (int)1>(T1 *, at::native::<unnamed>::CatArrInputTensorMetadata<T1, T2, T4, T5>, at::native::<unnamed>::TensorSizeStride<T2, (unsigned int)4>, int, T2)"
10840887,6208,8725,128,2,1,512,1,1,19,0.000,0.000,,,,,NVIDIA A100 80GB PCIe (0),1,7,"void cudnn::bn_fw_inf_1C11_kernel_NCHW<float, float, (bool)1, (int)1>(T2, T2, cudnnTensorStruct, const T1 *, cudnnTensorStruct, T1 *, cudnnTensorStruct, const T2 *, const T2 *, const T2 *, const T2 *, T2)"
10853143,3840,8732,1568,1,1,128,1,1,17,0.000,0.000,,,,,NVIDIA A100 80GB PCIe (0),1,7,"void at::native::vectorized_elementwise_kernel<(int)4, at::native::<unnamed>::launch_clamp_scalar(at::TensorIteratorBase &, c10::Scalar, c10::Scalar, at::native::detail::ClampLimits)::[lambda() (instance 1)]::operator ()() const::[lambda() (instance 7)]::operator ()() const::[lambda(float) (instance 1)], at::detail::Array<char *, (int)2>>(int, T2, T3)"
10887927,10369,8754,16,7,2,128,1,1,90,0.000,0.049,,,,,NVIDIA A100 80GB PCIe (0),1,7,void cutlass::Kernel<cutlass_80_tensorop_s1688gemm_64x64_16x6_nn_align4>(T1::Params)
10927064,5952,8795,128,2,1,512,1,1,19,0.000,0.000,,,,,NVIDIA A100 80GB PCIe (0),1,7,"void cudnn::bn_fw_inf_1C11_kernel_NCHW<float, float, (bool)1, (int)1>(T2, T2, cudnnTensorStruct, const T1 *, cudnnTensorStruct, T1 *, cudnnTensorStruct, const T2 *, const T2 *, const T2 *, const T2 *, T2)"
10938456,3744,8802,1568,1,1,128,1,1,17,0.000,0.000,,,,,NVIDIA A100 80GB PCIe (0),1,7,"void at::native::vectorized_elementwise_kernel<(int)4, at::native::<unnamed>::launch_clamp_scalar(at::TensorIteratorBase &, c10::Scalar, c10::Scalar, at::native::detail::ClampLimits)::[lambda() (instance 1)]::operator ()() const::[lambda() (instance 7)]::operator ()() const::[lambda(float) (instance 1)], at::detail::Array<char *, (int)2>>(int, T2, T3)"
10966648,4480,8822,98,4,2,256,1,1,32,0.004,0.000,,,,,NVIDIA A100 80GB PCIe (0),1,7,"void cudnn::ops::nchwToNhwcKernel<float, float, float, (bool)0, (bool)1, (cudnnKernelDataType_t)2>(cudnn::ops::nchw2nhwc_params_t<T3>, const T1 *, T2 *)"
10972120,3552,8824,1,4,32,256,1,1,32,0.004,0.000,,,,,NVIDIA A100 80GB PCIe (0),1,7,"void cudnn::ops::nchwToNhwcKernel<float, float, float, (bool)0, (bool)1, (cudnnKernelDataType_t)2>(cudnn::ops::nchw2nhwc_params_t<T3>, const T1 *, T2 *)"
10977656,22048,8828,1,49,1,128,1,1,168,0.000,0.123,,,,,NVIDIA A100 80GB PCIe (0),1,7,sm80_xmma_fprop_implicit_gemm_tf32f32_tf32f32_f32_nhwckrsc_nhwc_tilesize128x64x32_stage5_warpsize2x2x1_g1_tensor16x8x8_execute_kernel_cudnn_infer
11000984,3104,8830,98,1,2,256,1,1,32,0.004,0.000,,,,,NVIDIA A100 80GB PCIe (0),1,7,"void cudnn::ops::nhwcToNchwKernel<float, float, float, (bool)1, (bool)0, (cudnnKernelDataType_t)0>(cudnn::ops::nhwc2nchw_params_t<T3>, const T1 *, T2 *)"
11005272,7616,8843,784,4,1,128,1,1,32,0.000,0.000,,,,,NVIDIA A100 80GB PCIe (0),1,7,"void at::native::<unnamed>::CatArrayBatchedCopy_aligned16_contig<float, unsigned int, (int)4, (int)128, (int)1>(T1 *, at::native::<unnamed>::CatArrInputTensorMetadata<T1, T2, T4, T5>, at::native::<unnamed>::TensorSizeStride<T2, (unsigned int)4>, int, T2)"
11042392,6112,8882,160,2,1,512,1,1,19,0.000,0.000,,,,,NVIDIA A100 80GB PCIe (0),1,7,"void cudnn::bn_fw_inf_1C11_kernel_NCHW<float, float, (bool)1, (int)1>(T2, T2, cudnnTensorStruct, const T1 *, cudnnTensorStruct, T1 *, cudnnTensorStruct, const T2 *, const T2 *, const T2 *, const T2 *, T2)"
11054424,4480,8889,1960,1,1,128,1,1,17,0.000,0.000,,,,,NVIDIA A100 80GB PCIe (0),1,7,"void at::native::vectorized_elementwise_kernel<(int)4, at::native::<unnamed>::launch_clamp_scalar(at::TensorIteratorBase &, c10::Scalar, c10::Scalar, at::native::detail::ClampLimits)::[lambda() (instance 1)]::operator ()() const::[lambda() (instance 7)]::operator ()() const::[lambda(float) (instance 1)], at::detail::Array<char *, (int)2>>(int, T2, T3)"
11086776,11488,8911,16,7,2,128,1,1,90,0.000,0.049,,,,,NVIDIA A100 80GB PCIe (0),1,7,void cutlass::Kernel<cutlass_80_tensorop_s1688gemm_64x64_16x6_nn_align4>(T1::Params)
11126104,5728,8952,128,2,1,512,1,1,19,0.000,0.000,,,,,NVIDIA A100 80GB PCIe (0),1,7,"void cudnn::bn_fw_inf_1C11_kernel_NCHW<float, float, (bool)1, (int)1>(T2, T2, cudnnTensorStruct, const T1 *, cudnnTensorStruct, T1 *, cudnnTensorStruct, const T2 *, const T2 *, const T2 *, const T2 *, T2)"
11137720,3712,8959,1568,1,1,128,1,1,17,0.000,0.000,,,,,NVIDIA A100 80GB PCIe (0),1,7,"void at::native::vectorized_elementwise_kernel<(int)4, at::native::<unnamed>::launch_clamp_scalar(at::TensorIteratorBase &, c10::Scalar, c10::Scalar, at::native::detail::ClampLimits)::[lambda() (instance 1)]::operator ()() const::[lambda() (instance 7)]::operator ()() const::[lambda(float) (instance 1)], at::detail::Array<char *, (int)2>>(int, T2, T3)"
11165208,4512,8979,98,4,2,256,1,1,32,0.004,0.000,,,,,NVIDIA A100 80GB PCIe (0),1,7,"void cudnn::ops::nchwToNhwcKernel<float, float, float, (bool)0, (bool)1, (cudnnKernelDataType_t)2>(cudnn::ops::nchw2nhwc_params_t<T3>, const T1 *, T2 *)"
11170808,3328,8981,1,4,32,256,1,1,32,0.004,0.000,,,,,NVIDIA A100 80GB PCIe (0),1,7,"void cudnn::ops::nchwToNhwcKernel<float, float, float, (bool)0, (bool)1, (cudnnKernelDataType_t)2>(cudnn::ops::nchw2nhwc_params_t<T3>, const T1 *, T2 *)"
11176504,22080,8985,1,49,1,128,1,1,168,0.000,0.123,,,,,NVIDIA A100 80GB PCIe (0),1,7,sm80_xmma_fprop_implicit_gemm_tf32f32_tf32f32_f32_nhwckrsc_nhwc_tilesize128x64x32_stage5_warpsize2x2x1_g1_tensor16x8x8_execute_kernel_cudnn_infer
11199705,3072,8987,98,1,2,256,1,1,32,0.004,0.000,,,,,NVIDIA A100 80GB PCIe (0),1,7,"void cudnn::ops::nhwcToNchwKernel<float, float, float, (bool)1, (bool)0, (cudnnKernelDataType_t)0>(cudnn::ops::nhwc2nchw_params_t<T3>, const T1 *, T2 *)"
11203961,8512,9000,784,5,1,128,1,1,32,0.000,0.000,,,,,NVIDIA A100 80GB PCIe (0),1,7,"void at::native::<unnamed>::CatArrayBatchedCopy_aligned16_contig<float, unsigned int, (int)4, (int)128, (int)1>(T1 *, at::native::<unnamed>::CatArrInputTensorMetadata<T1, T2, T4, T5>, at::native::<unnamed>::TensorSizeStride<T2, (unsigned int)4>, int, T2)"
11240025,6624,9039,192,2,1,512,1,1,19,0.000,0.000,,,,,NVIDIA A100 80GB PCIe (0),1,7,"void cudnn::bn_fw_inf_1C11_kernel_NCHW<float, float, (bool)1, (int)1>(T2, T2, cudnnTensorStruct, const T1 *, cudnnTensorStruct, T1 *, cudnnTensorStruct, const T2 *, const T2 *, const T2 *, const T2 *, T2)"
11253049,4928,9046,2352,1,1,128,1,1,17,0.000,0.000,,,,,NVIDIA A100 80GB PCIe (0),1,7,"void at::native::vectorized_elementwise_kernel<(int)4, at::native::<unnamed>::launch_clamp_scalar(at::TensorIteratorBase &, c10::Scalar, c10::Scalar, at::native::detail::ClampLimits)::[lambda() (instance 1)]::operator ()() const::[lambda() (instance 7)]::operator ()() const::[lambda(float) (instance 1)], at::detail::Array<char *, (int)2>>(int, T2, T3)"
11286297,12480,9068,16,7,2,128,1,1,90,0.000,0.049,,,,,NVIDIA A100 80GB PCIe (0),1,7,void cutlass::Kernel<cutlass_80_tensorop_s1688gemm_64x64_16x6_nn_align4>(T1::Params)
11324665,6048,9109,128,2,1,512,1,1,19,0.000,0.000,,,,,NVIDIA A100 80GB PCIe (0),1,7,"void cudnn::bn_fw_inf_1C11_kernel_NCHW<float, float, (bool)1, (int)1>(T2, T2, cudnnTensorStruct, const T1 *, cudnnTensorStruct, T1 *, cudnnTensorStruct, const T2 *, const T2 *, const T2 *, const T2 *, T2)"
11336217,3712,9116,1568,1,1,128,1,1,17,0.000,0.000,,,,,NVIDIA A100 80GB PCIe (0),1,7,"void at::native::vectorized_elementwise_kernel<(int)4, at::native::<unnamed>::launch_clamp_scalar(at::TensorIteratorBase &, c10::Scalar, c10::Scalar, at::native::detail::ClampLimits)::[lambda() (instance 1)]::operator ()() const::[lambda() (instance 7)]::operator ()() const::[lambda(float) (instance 1)], at::detail::Array<char *, (int)2>>(int, T2, T3)"
11363001,4576,9136,98,4,2,256,1,1,32,0.004,0.000,,,,,NVIDIA A100 80GB PCIe (0),1,7,"void cudnn::ops::nchwToNhwcKernel<float, float, float, (bool)0, (bool)1, (cudnnKernelDataType_t)2>(cudnn::ops::nchw2nhwc_params_t<T3>, const T1 *, T2 *)"
11368793,3648,9138,1,4,32,256,1,1,32,0.004,0.000,,,,,NVIDIA A100 80GB PCIe (0),1,7,"void cudnn::ops::nchwToNhwcKernel<float, float, float, (bool)0, (bool)1, (cudnnKernelDataType_t)2>(cudnn::ops::nchw2nhwc_params_t<T3>, const T1 *, T2 *)"
11373465,22080,9142,1,49,1,128,1,1,168,0.000,0.123,,,,,NVIDIA A100 80GB PCIe (0),1,7,sm80_xmma_fprop_implicit_gemm_tf32f32_tf32f32_f32_nhwckrsc_nhwc_tilesize128x64x32_stage5_warpsize2x2x1_g1_tensor16x8x8_execute_kernel_cudnn_infer
11396665,3104,9144,98,1,2,256,1,1,32,0.004,0.000,,,,,NVIDIA A100 80GB PCIe (0),1,7,"void cudnn::ops::nhwcToNchwKernel<float, float, float, (bool)1, (bool)0, (cudnnKernelDataType_t)0>(cudnn::ops::nhwc2nchw_params_t<T3>, const T1 *, T2 *)"
11401945,9536,9157,784,6,1,128,1,1,32,0.000,0.000,,,,,NVIDIA A100 80GB PCIe (0),1,7,"void at::native::<unnamed>::CatArrayBatchedCopy_aligned16_contig<float, unsigned int, (int)4, (int)128, (int)1>(T1 *, at::native::<unnamed>::CatArrInputTensorMetadata<T1, T2, T4, T5>, at::native::<unnamed>::TensorSizeStride<T2, (unsigned int)4>, int, T2)"
11438073,8384,9196,224,2,1,512,1,1,19,0.000,0.000,,,,,NVIDIA A100 80GB PCIe (0),1,7,"void cudnn::bn_fw_inf_1C11_kernel_NCHW<float, float, (bool)1, (int)1>(T2, T2, cudnnTensorStruct, const T1 *, cudnnTensorStruct, T1 *, cudnnTensorStruct, const T2 *, const T2 *, const T2 *, const T2 *, T2)"
11449817,5344,9203,2744,1,1,128,1,1,17,0.000,0.000,,,,,NVIDIA A100 80GB PCIe (0),1,7,"void at::native::vectorized_elementwise_kernel<(int)4, at::native::<unnamed>::launch_clamp_scalar(at::TensorIteratorBase &, c10::Scalar, c10::Scalar, at::native::detail::ClampLimits)::[lambda() (instance 1)]::operator ()() const::[lambda() (instance 7)]::operator ()() const::[lambda(float) (instance 1)], at::detail::Array<char *, (int)2>>(int, T2, T3)"
11482970,13376,9225,16,7,2,128,1,1,90,0.000,0.049,,,,,NVIDIA A100 80GB PCIe (0),1,7,void cutlass::Kernel<cutlass_80_tensorop_s1688gemm_64x64_16x6_nn_align4>(T1::Params)
11521914,5920,9266,128,2,1,512,1,1,19,0.000,0.000,,,,,NVIDIA A100 80GB PCIe (0),1,7,"void cudnn::bn_fw_inf_1C11_kernel_NCHW<float, float, (bool)1, (int)1>(T2, T2, cudnnTensorStruct, const T1 *, cudnnTensorStruct, T1 *, cudnnTensorStruct, const T2 *, const T2 *, const T2 *, const T2 *, T2)"
11533178,3680,9273,1568,1,1,128,1,1,17,0.000,0.000,,,,,NVIDIA A100 80GB PCIe (0),1,7,"void at::native::vectorized_elementwise_kernel<(int)4, at::native::<unnamed>::launch_clamp_scalar(at::TensorIteratorBase &, c10::Scalar, c10::Scalar, at::native::detail::ClampLimits)::[lambda() (instance 1)]::operator ()() const::[lambda() (instance 7)]::operator ()() const::[lambda(float) (instance 1)], at::detail::Array<char *, (int)2>>(int, T2, T3)"
11560794,4544,9293,98,4,2,256,1,1,32,0.004,0.000,,,,,NVIDIA A100 80GB PCIe (0),1,7,"void cudnn::ops::nchwToNhwcKernel<float, float, float, (bool)0, (bool)1, (cudnnKernelDataType_t)2>(cudnn::ops::nchw2nhwc_params_t<T3>, const T1 *, T2 *)"
11566554,3776,9295,1,4,32,256,1,1,32,0.004,0.000,,,,,NVIDIA A100 80GB PCIe (0),1,7,"void cudnn::ops::nchwToNhwcKernel<float, float, float, (bool)0, (bool)1, (cudnnKernelDataType_t)2>(cudnn::ops::nchw2nhwc_params_t<T3>, const T1 *, T2 *)"
11571354,22176,9299,1,49,1,128,1,1,168,0.000,0.123,,,,,NVIDIA A100 80GB PCIe (0),1,7,sm80_xmma_fprop_implicit_gemm_tf32f32_tf32f32_f32_nhwckrsc_nhwc_tilesize128x64x32_stage5_warpsize2x2x1_g1_tensor16x8x8_execute_kernel_cudnn_infer
11594586,3104,9301,98,1,2,256,1,1,32,0.004,0.000,,,,,NVIDIA A100 80GB PCIe (0),1,7,"void cudnn::ops::nhwcToNchwKernel<float, float, float, (bool)1, (bool)0, (cudnnKernelDataType_t)0>(cudnn::ops::nhwc2nchw_params_t<T3>, const T1 *, T2 *)"
11598746,10688,9314,784,7,1,128,1,1,32,0.000,0.000,,,,,NVIDIA A100 80GB PCIe (0),1,7,"void at::native::<unnamed>::CatArrayBatchedCopy_aligned16_contig<float, unsigned int, (int)4, (int)128, (int)1>(T1 *, at::native::<unnamed>::CatArrInputTensorMetadata<T1, T2, T4, T5>, at::native::<unnamed>::TensorSizeStride<T2, (unsigned int)4>, int, T2)"
11642586,8992,9353,256,2,1,512,1,1,19,0.000,0.000,,,,,NVIDIA A100 80GB PCIe (0),1,7,"void cudnn::bn_fw_inf_1C11_kernel_NCHW<float, float, (bool)1, (int)1>(T2, T2, cudnnTensorStruct, const T1 *, cudnnTensorStruct, T1 *, cudnnTensorStruct, const T2 *, const T2 *, const T2 *, const T2 *, T2)"
11656314,5568,9360,3136,1,1,128,1,1,17,0.000,0.000,,,,,NVIDIA A100 80GB PCIe (0),1,7,"void at::native::vectorized_elementwise_kernel<(int)4, at::native::<unnamed>::launch_clamp_scalar(at::TensorIteratorBase &, c10::Scalar, c10::Scalar, at::native::detail::ClampLimits)::[lambda() (instance 1)]::operator ()() const::[lambda() (instance 7)]::operator ()() const::[lambda(float) (instance 1)], at::detail::Array<char *, (int)2>>(int, T2, T3)"
11690394,14304,9382,16,7,2,128,1,1,90,0.000,0.049,,,,,NVIDIA A100 80GB PCIe (0),1,7,void cutlass::Kernel<cutlass_80_tensorop_s1688gemm_64x64_16x6_nn_align4>(T1::Params)
11716282,7328,9395,196,1,1,1024,1,1,40,0.000,0.000,,,,,NVIDIA A100 80GB PCIe (0),1,7,"void at::native::<unnamed>::avg_pool2d_out_cuda_frame<float, float>(int, const T1 *, long, long, long, long, int, int, int, int, int, int, int, T1 *, int, bool, bool)"
11749338,2721,9405,,,,,,,,,,0.803,295043.711,Device,Device,NVIDIA A100 80GB PCIe (0),1,7,[CUDA memcpy Device-to-Device]
11790075,4192,9446,128,2,1,256,1,1,19,0.000,0.000,,,,,NVIDIA A100 80GB PCIe (0),1,7,"void cudnn::bn_fw_inf_1C11_kernel_NCHW<float, float, (bool)1, (int)1>(T2, T2, cudnnTensorStruct, const T1 *, cudnnTensorStruct, T1 *, cudnnTensorStruct, const T2 *, const T2 *, const T2 *, const T2 *, T2)"
11803323,2560,9453,392,1,1,128,1,1,17,0.000,0.000,,,,,NVIDIA A100 80GB PCIe (0),1,7,"void at::native::vectorized_elementwise_kernel<(int)4, at::native::<unnamed>::launch_clamp_scalar(at::TensorIteratorBase &, c10::Scalar, c10::Scalar, at::native::detail::ClampLimits)::[lambda() (instance 1)]::operator ()() const::[lambda() (instance 7)]::operator ()() const::[lambda(float) (instance 1)], at::detail::Array<char *, (int)2>>(int, T2, T3)"
11839451,5824,9475,16,2,2,128,1,1,90,0.000,0.049,,,,,NVIDIA A100 80GB PCIe (0),1,7,void cutlass::Kernel<cutlass_80_tensorop_s1688gemm_64x64_16x6_nn_align4>(T1::Params)
11880475,4256,9516,128,2,1,256,1,1,19,0.000,0.000,,,,,NVIDIA A100 80GB PCIe (0),1,7,"void cudnn::bn_fw_inf_1C11_kernel_NCHW<float, float, (bool)1, (int)1>(T2, T2, cudnnTensorStruct, const T1 *, cudnnTensorStruct, T1 *, cudnnTensorStruct, const T2 *, const T2 *, const T2 *, const T2 *, T2)"
11892315,2656,9523,392,1,1,128,1,1,17,0.000,0.000,,,,,NVIDIA A100 80GB PCIe (0),1,7,"void at::native::vectorized_elementwise_kernel<(int)4, at::native::<unnamed>::launch_clamp_scalar(at::TensorIteratorBase &, c10::Scalar, c10::Scalar, at::native::detail::ClampLimits)::[lambda() (instance 1)]::operator ()() const::[lambda() (instance 7)]::operator ()() const::[lambda(float) (instance 1)], at::detail::Array<char *, (int)2>>(int, T2, T3)"
11923547,3360,9543,25,4,2,256,1,1,32,0.004,0.000,,,,,NVIDIA A100 80GB PCIe (0),1,7,"void cudnn::ops::nchwToNhwcKernel<float, float, float, (bool)0, (bool)1, (cudnnKernelDataType_t)2>(cudnn::ops::nchw2nhwc_params_t<T3>, const T1 *, T2 *)"
11928059,3552,9545,1,4,32,256,1,1,32,0.004,0.000,,,,,NVIDIA A100 80GB PCIe (0),1,7,"void cudnn::ops::nchwToNhwcKernel<float, float, float, (bool)0, (bool)1, (cudnnKernelDataType_t)2>(cudnn::ops::nchw2nhwc_params_t<T3>, const T1 *, T2 *)"
11938139,13696,9549,1,25,1,128,1,1,120,0.000,0.123,,,,,NVIDIA A100 80GB PCIe (0),1,7,sm80_xmma_fprop_implicit_gemm_tf32f32_tf32f32_f32_nhwckrsc_nchw_tilesize64x32x64_stage5_warpsize2x2x1_g1_tensor16x8x8_alignc4_execute_kernel_cudnn_infer
11963739,4512,9562,392,2,1,128,1,1,32,0.000,0.000,,,,,NVIDIA A100 80GB PCIe (0),1,7,"void at::native::<unnamed>::CatArrayBatchedCopy_aligned16_contig<float, unsigned int, (int)4, (int)128, (int)1>(T1 *, at::native::<unnamed>::CatArrInputTensorMetadata<T1, T2, T4, T5>, at::native::<unnamed>::TensorSizeStride<T2, (unsigned int)4>, int, T2)"
11999995,4352,9601,160,2,1,256,1,1,19,0.000,0.000,,,,,NVIDIA A100 80GB PCIe (0),1,7,"void cudnn::bn_fw_inf_1C11_kernel_NCHW<float, float, (bool)1, (int)1>(T2, T2, cudnnTensorStruct, const T1 *, cudnnTensorStruct, T1 *, cudnnTensorStruct, const T2 *, const T2 *, const T2 *, const T2 *, T2)"
12012347,2784,9608,490,1,1,128,1,1,17,0.000,0.000,,,,,NVIDIA A100 80GB PCIe (0),1,7,"void at::native::vectorized_elementwise_kernel<(int)4, at::native::<unnamed>::launch_clamp_scalar(at::TensorIteratorBase &, c10::Scalar, c10::Scalar, at::native::detail::ClampLimits)::[lambda() (instance 1)]::operator ()() const::[lambda() (instance 7)]::operator ()() const::[lambda(float) (instance 1)], at::detail::Array<char *, (int)2>>(int, T2, T3)"
12046779,6593,9630,16,2,2,128,1,1,90,0.000,0.049,,,,,NVIDIA A100 80GB PCIe (0),1,7,void cutlass::Kernel<cutlass_80_tensorop_s1688gemm_64x64_16x6_nn_align4>(T1::Params)
12086620,4160,9671,128,2,1,256,1,1,19,0.000,0.000,,,,,NVIDIA A100 80GB PCIe (0),1,7,"void cudnn::bn_fw_inf_1C11_kernel_NCHW<float, float, (bool)1, (int)1>(T2, T2, cudnnTensorStruct, const T1 *, cudnnTensorStruct, T1 *, cudnnTensorStruct, const T2 *, const T2 *, const T2 *, const T2 *, T2)"
12098140,2688,9678,392,1,1,128,1,1,17,0.000,0.000,,,,,NVIDIA A100 80GB PCIe (0),1,7,"void at::native::vectorized_elementwise_kernel<(int)4, at::native::<unnamed>::launch_clamp_scalar(at::TensorIteratorBase &, c10::Scalar, c10::Scalar, at::native::detail::ClampLimits)::[lambda() (instance 1)]::operator ()() const::[lambda() (instance 7)]::operator ()() const::[lambda(float) (instance 1)], at::detail::Array<char *, (int)2>>(int, T2, T3)"
12124444,3360,9698,25,4,2,256,1,1,32,0.004,0.000,,,,,NVIDIA A100 80GB PCIe (0),1,7,"void cudnn::ops::nchwToNhwcKernel<float, float, float, (bool)0, (bool)1, (cudnnKernelDataType_t)2>(cudnn::ops::nchw2nhwc_params_t<T3>, const T1 *, T2 *)"
12128956,3456,9700,1,4,32,256,1,1,32,0.004,0.000,,,,,NVIDIA A100 80GB PCIe (0),1,7,"void cudnn::ops::nchwToNhwcKernel<float, float, float, (bool)0, (bool)1, (cudnnKernelDataType_t)2>(cudnn::ops::nchw2nhwc_params_t<T3>, const T1 *, T2 *)"
12134812,13248,9704,1,25,1,128,1,1,120,0.000,0.123,,,,,NVIDIA A100 80GB PCIe (0),1,7,sm80_xmma_fprop_implicit_gemm_tf32f32_tf32f32_f32_nhwckrsc_nchw_tilesize64x32x64_stage5_warpsize2x2x1_g1_tensor16x8x8_alignc4_execute_kernel_cudnn_infer
12158044,4896,9717,392,3,1,128,1,1,32,0.000,0.000,,,,,NVIDIA A100 80GB PCIe (0),1,7,"void at::native::<unnamed>::CatArrayBatchedCopy_aligned16_contig<float, unsigned int, (int)4, (int)128, (int)1>(T1 *, at::native::<unnamed>::CatArrInputTensorMetadata<T1, T2, T4, T5>, at::native::<unnamed>::TensorSizeStride<T2, (unsigned int)4>, int, T2)"
12193756,4448,9756,192,2,1,256,1,1,19,0.000,0.000,,,,,NVIDIA A100 80GB PCIe (0),1,7,"void cudnn::bn_fw_inf_1C11_kernel_NCHW<float, float, (bool)1, (int)1>(T2, T2, cudnnTensorStruct, const T1 *, cudnnTensorStruct, T1 *, cudnnTensorStruct, const T2 *, const T2 *, const T2 *, const T2 *, T2)"
12205372,2912,9763,588,1,1,128,1,1,17,0.000,0.000,,,,,NVIDIA A100 80GB PCIe (0),1,7,"void at::native::vectorized_elementwise_kernel<(int)4, at::native::<unnamed>::launch_clamp_scalar(at::TensorIteratorBase &, c10::Scalar, c10::Scalar, at::native::detail::ClampLimits)::[lambda() (instance 1)]::operator ()() const::[lambda() (instance 7)]::operator ()() const::[lambda(float) (instance 1)], at::detail::Array<char *, (int)2>>(int, T2, T3)"
12238908,6976,9785,16,2,2,128,1,1,90,0.000,0.049,,,,,NVIDIA A100 80GB PCIe (0),1,7,void cutlass::Kernel<cutlass_80_tensorop_s1688gemm_64x64_16x6_nn_align4>(T1::Params)
12277724,4256,9826,128,2,1,256,1,1,19,0.000,0.000,,,,,NVIDIA A100 80GB PCIe (0),1,7,"void cudnn::bn_fw_inf_1C11_kernel_NCHW<float, float, (bool)1, (int)1>(T2, T2, cudnnTensorStruct, const T1 *, cudnnTensorStruct, T1 *, cudnnTensorStruct, const T2 *, const T2 *, const T2 *, const T2 *, T2)"
12288892,2592,9833,392,1,1,128,1,1,17,0.000,0.000,,,,,NVIDIA A100 80GB PCIe (0),1,7,"void at::native::vectorized_elementwise_kernel<(int)4, at::native::<unnamed>::launch_clamp_scalar(at::TensorIteratorBase &, c10::Scalar, c10::Scalar, at::native::detail::ClampLimits)::[lambda() (instance 1)]::operator ()() const::[lambda() (instance 7)]::operator ()() const::[lambda(float) (instance 1)], at::detail::Array<char *, (int)2>>(int, T2, T3)"
12315740,3392,9853,25,4,2,256,1,1,32,0.004,0.000,,,,,NVIDIA A100 80GB PCIe (0),1,7,"void cudnn::ops::nchwToNhwcKernel<float, float, float, (bool)0, (bool)1, (cudnnKernelDataType_t)2>(cudnn::ops::nchw2nhwc_params_t<T3>, const T1 *, T2 *)"
12320221,3615,9855,1,4,32,256,1,1,32,0.004,0.000,,,,,NVIDIA A100 80GB PCIe (0),1,7,"void cudnn::ops::nchwToNhwcKernel<float, float, float, (bool)0, (bool)1, (cudnnKernelDataType_t)2>(cudnn::ops::nchw2nhwc_params_t<T3>, const T1 *, T2 *)"
12326908,13248,9859,1,25,1,128,1,1,120,0.000,0.123,,,,,NVIDIA A100 80GB PCIe (0),1,7,sm80_xmma_fprop_implicit_gemm_tf32f32_tf32f32_f32_nhwckrsc_nchw_tilesize64x32x64_stage5_warpsize2x2x1_g1_tensor16x8x8_alignc4_execute_kernel_cudnn_infer
12349788,4992,9872,392,4,1,128,1,1,32,0.000,0.000,,,,,NVIDIA A100 80GB PCIe (0),1,7,"void at::native::<unnamed>::CatArrayBatchedCopy_aligned16_contig<float, unsigned int, (int)4, (int)128, (int)1>(T1 *, at::native::<unnamed>::CatArrInputTensorMetadata<T1, T2, T4, T5>, at::native::<unnamed>::TensorSizeStride<T2, (unsigned int)4>, int, T2)"
12384829,4608,9911,224,2,1,256,1,1,19,0.000,0.000,,,,,NVIDIA A100 80GB PCIe (0),1,7,"void cudnn::bn_fw_inf_1C11_kernel_NCHW<float, float, (bool)1, (int)1>(T2, T2, cudnnTensorStruct, const T1 *, cudnnTensorStruct, T1 *, cudnnTensorStruct, const T2 *, const T2 *, const T2 *, const T2 *, T2)"
12397085,2912,9918,686,1,1,128,1,1,17,0.000,0.000,,,,,NVIDIA A100 80GB PCIe (0),1,7,"void at::native::vectorized_elementwise_kernel<(int)4, at::native::<unnamed>::launch_clamp_scalar(at::TensorIteratorBase &, c10::Scalar, c10::Scalar, at::native::detail::ClampLimits)::[lambda() (instance 1)]::operator ()() const::[lambda() (instance 7)]::operator ()() const::[lambda(float) (instance 1)], at::detail::Array<char *, (int)2>>(int, T2, T3)"
12430621,7520,9940,16,2,2,128,1,1,90,0.000,0.049,,,,,NVIDIA A100 80GB PCIe (0),1,7,void cutlass::Kernel<cutlass_80_tensorop_s1688gemm_64x64_16x6_nn_align4>(T1::Params)
12468829,4224,9981,128,2,1,256,1,1,19,0.000,0.000,,,,,NVIDIA A100 80GB PCIe (0),1,7,"void cudnn::bn_fw_inf_1C11_kernel_NCHW<float, float, (bool)1, (int)1>(T2, T2, cudnnTensorStruct, const T1 *, cudnnTensorStruct, T1 *, cudnnTensorStruct, const T2 *, const T2 *, const T2 *, const T2 *, T2)"
12480605,2528,9988,392,1,1,128,1,1,17,0.000,0.000,,,,,NVIDIA A100 80GB PCIe (0),1,7,"void at::native::vectorized_elementwise_kernel<(int)4, at::native::<unnamed>::launch_clamp_scalar(at::TensorIteratorBase &, c10::Scalar, c10::Scalar, at::native::detail::ClampLimits)::[lambda() (instance 1)]::operator ()() const::[lambda() (instance 7)]::operator ()() const::[lambda(float) (instance 1)], at::detail::Array<char *, (int)2>>(int, T2, T3)"
12507325,3360,10008,25,4,2,256,1,1,32,0.004,0.000,,,,,NVIDIA A100 80GB PCIe (0),1,7,"void cudnn::ops::nchwToNhwcKernel<float, float, float, (bool)0, (bool)1, (cudnnKernelDataType_t)2>(cudnn::ops::nchw2nhwc_params_t<T3>, const T1 *, T2 *)"
12511741,3520,10010,1,4,32,256,1,1,32,0.004,0.000,,,,,NVIDIA A100 80GB PCIe (0),1,7,"void cudnn::ops::nchwToNhwcKernel<float, float, float, (bool)0, (bool)1, (cudnnKernelDataType_t)2>(cudnn::ops::nchw2nhwc_params_t<T3>, const T1 *, T2 *)"
12518141,13152,10014,1,25,1,128,1,1,120,0.000,0.123,,,,,NVIDIA A100 80GB PCIe (0),1,7,sm80_xmma_fprop_implicit_gemm_tf32f32_tf32f32_f32_nhwckrsc_nchw_tilesize64x32x64_stage5_warpsize2x2x1_g1_tensor16x8x8_alignc4_execute_kernel_cudnn_infer
12541789,5248,10027,392,5,1,128,1,1,32,0.000,0.000,,,,,NVIDIA A100 80GB PCIe (0),1,7,"void at::native::<unnamed>::CatArrayBatchedCopy_aligned16_contig<float, unsigned int, (int)4, (int)128, (int)1>(T1 *, at::native::<unnamed>::CatArrInputTensorMetadata<T1, T2, T4, T5>, at::native::<unnamed>::TensorSizeStride<T2, (unsigned int)4>, int, T2)"
12578141,4576,10066,256,2,1,256,1,1,19,0.000,0.000,,,,,NVIDIA A100 80GB PCIe (0),1,7,"void cudnn::bn_fw_inf_1C11_kernel_NCHW<float, float, (bool)1, (int)1>(T2, T2, cudnnTensorStruct, const T1 *, cudnnTensorStruct, T1 *, cudnnTensorStruct, const T2 *, const T2 *, const T2 *, const T2 *, T2)"
12590525,3040,10073,784,1,1,128,1,1,17,0.000,0.000,,,,,NVIDIA A100 80GB PCIe (0),1,7,"void at::native::vectorized_elementwise_kernel<(int)4, at::native::<unnamed>::launch_clamp_scalar(at::TensorIteratorBase &, c10::Scalar, c10::Scalar, at::native::detail::ClampLimits)::[lambda() (instance 1)]::operator ()() const::[lambda() (instance 7)]::operator ()() const::[lambda(float) (instance 1)], at::detail::Array<char *, (int)2>>(int, T2, T3)"
12624189,7936,10095,16,2,2,128,1,1,90,0.000,0.049,,,,,NVIDIA A100 80GB PCIe (0),1,7,void cutlass::Kernel<cutlass_80_tensorop_s1688gemm_64x64_16x6_nn_align4>(T1::Params)
12662462,4319,10136,128,2,1,256,1,1,19,0.000,0.000,,,,,NVIDIA A100 80GB PCIe (0),1,7,"void cudnn::bn_fw_inf_1C11_kernel_NCHW<float, float, (bool)1, (int)1>(T2, T2, cudnnTensorStruct, const T1 *, cudnnTensorStruct, T1 *, cudnnTensorStruct, const T2 *, const T2 *, const T2 *, const T2 *, T2)"
12674014,2528,10143,392,1,1,128,1,1,17,0.000,0.000,,,,,NVIDIA A100 80GB PCIe (0),1,7,"void at::native::vectorized_elementwise_kernel<(int)4, at::native::<unnamed>::launch_clamp_scalar(at::TensorIteratorBase &, c10::Scalar, c10::Scalar, at::native::detail::ClampLimits)::[lambda() (instance 1)]::operator ()() const::[lambda() (instance 7)]::operator ()() const::[lambda(float) (instance 1)], at::detail::Array<char *, (int)2>>(int, T2, T3)"
12700894,3328,10163,25,4,2,256,1,1,32,0.004,0.000,,,,,NVIDIA A100 80GB PCIe (0),1,7,"void cudnn::ops::nchwToNhwcKernel<float, float, float, (bool)0, (bool)1, (cudnnKernelDataType_t)2>(cudnn::ops::nchw2nhwc_params_t<T3>, const T1 *, T2 *)"
12705406,3456,10165,1,4,32,256,1,1,32,0.004,0.000,,,,,NVIDIA A100 80GB PCIe (0),1,7,"void cudnn::ops::nchwToNhwcKernel<float, float, float, (bool)0, (bool)1, (cudnnKernelDataType_t)2>(cudnn::ops::nchw2nhwc_params_t<T3>, const T1 *, T2 *)"
12711710,13248,10169,1,25,1,128,1,1,120,0.000,0.123,,,,,NVIDIA A100 80GB PCIe (0),1,7,sm80_xmma_fprop_implicit_gemm_tf32f32_tf32f32_f32_nhwckrsc_nchw_tilesize64x32x64_stage5_warpsize2x2x1_g1_tensor16x8x8_alignc4_execute_kernel_cudnn_infer
12735038,5568,10182,392,6,1,128,1,1,32,0.000,0.000,,,,,NVIDIA A100 80GB PCIe (0),1,7,"void at::native::<unnamed>::CatArrayBatchedCopy_aligned16_contig<float, unsigned int, (int)4, (int)128, (int)1>(T1 *, at::native::<unnamed>::CatArrInputTensorMetadata<T1, T2, T4, T5>, at::native::<unnamed>::TensorSizeStride<T2, (unsigned int)4>, int, T2)"
12769566,4672,10221,288,2,1,256,1,1,19,0.000,0.000,,,,,NVIDIA A100 80GB PCIe (0),1,7,"void cudnn::bn_fw_inf_1C11_kernel_NCHW<float, float, (bool)1, (int)1>(T2, T2, cudnnTensorStruct, const T1 *, cudnnTensorStruct, T1 *, cudnnTensorStruct, const T2 *, const T2 *, const T2 *, const T2 *, T2)"
12781246,3072,10228,882,1,1,128,1,1,17,0.000,0.000,,,,,NVIDIA A100 80GB PCIe (0),1,7,"void at::native::vectorized_elementwise_kernel<(int)4, at::native::<unnamed>::launch_clamp_scalar(at::TensorIteratorBase &, c10::Scalar, c10::Scalar, at::native::detail::ClampLimits)::[lambda() (instance 1)]::operator ()() const::[lambda() (instance 7)]::operator ()() const::[lambda(float) (instance 1)], at::detail::Array<char *, (int)2>>(int, T2, T3)"
12814302,8544,10250,16,2,2,128,1,1,90,0.000,0.049,,,,,NVIDIA A100 80GB PCIe (0),1,7,void cutlass::Kernel<cutlass_80_tensorop_s1688gemm_64x64_16x6_nn_align4>(T1::Params)
12852510,4384,10291,128,2,1,256,1,1,19,0.000,0.000,,,,,NVIDIA A100 80GB PCIe (0),1,7,"void cudnn::bn_fw_inf_1C11_kernel_NCHW<float, float, (bool)1, (int)1>(T2, T2, cudnnTensorStruct, const T1 *, cudnnTensorStruct, T1 *, cudnnTensorStruct, const T2 *, const T2 *, const T2 *, const T2 *, T2)"
12863838,2528,10298,392,1,1,128,1,1,17,0.000,0.000,,,,,NVIDIA A100 80GB PCIe (0),1,7,"void at::native::vectorized_elementwise_kernel<(int)4, at::native::<unnamed>::launch_clamp_scalar(at::TensorIteratorBase &, c10::Scalar, c10::Scalar, at::native::detail::ClampLimits)::[lambda() (instance 1)]::operator ()() const::[lambda() (instance 7)]::operator ()() const::[lambda(float) (instance 1)], at::detail::Array<char *, (int)2>>(int, T2, T3)"
12889982,3328,10318,25,4,2,256,1,1,32,0.004,0.000,,,,,NVIDIA A100 80GB PCIe (0),1,7,"void cudnn::ops::nchwToNhwcKernel<float, float, float, (bool)0, (bool)1, (cudnnKernelDataType_t)2>(cudnn::ops::nchw2nhwc_params_t<T3>, const T1 *, T2 *)"
12894334,3616,10320,1,4,32,256,1,1,32,0.004,0.000,,,,,NVIDIA A100 80GB PCIe (0),1,7,"void cudnn::ops::nchwToNhwcKernel<float, float, float, (bool)0, (bool)1, (cudnnKernelDataType_t)2>(cudnn::ops::nchw2nhwc_params_t<T3>, const T1 *, T2 *)"
12900862,13184,10324,1,25,1,128,1,1,120,0.000,0.123,,,,,NVIDIA A100 80GB PCIe (0),1,7,sm80_xmma_fprop_implicit_gemm_tf32f32_tf32f32_f32_nhwckrsc_nchw_tilesize64x32x64_stage5_warpsize2x2x1_g1_tensor16x8x8_alignc4_execute_kernel_cudnn_infer
12925215,5535,10337,392,7,1,128,1,1,32,0.000,0.000,,,,,NVIDIA A100 80GB PCIe (0),1,7,"void at::native::<unnamed>::CatArrayBatchedCopy_aligned16_contig<float, unsigned int, (int)4, (int)128, (int)1>(T1 *, at::native::<unnamed>::CatArrInputTensorMetadata<T1, T2, T4, T5>, at::native::<unnamed>::TensorSizeStride<T2, (unsigned int)4>, int, T2)"
12959487,4832,10376,320,2,1,256,1,1,19,0.000,0.000,,,,,NVIDIA A100 80GB PCIe (0),1,7,"void cudnn::bn_fw_inf_1C11_kernel_NCHW<float, float, (bool)1, (int)1>(T2, T2, cudnnTensorStruct, const T1 *, cudnnTensorStruct, T1 *, cudnnTensorStruct, const T2 *, const T2 *, const T2 *, const T2 *, T2)"
12971167,3136,10383,980,1,1,128,1,1,17,0.000,0.000,,,,,NVIDIA A100 80GB PCIe (0),1,7,"void at::native::vectorized_elementwise_kernel<(int)4, at::native::<unnamed>::launch_clamp_scalar(at::TensorIteratorBase &, c10::Scalar, c10::Scalar, at::native::detail::ClampLimits)::[lambda() (instance 1)]::operator ()() const::[lambda() (instance 7)]::operator ()() const::[lambda(float) (instance 1)], at::detail::Array<char *, (int)2>>(int, T2, T3)"
13005151,9056,10405,16,2,2,128,1,1,90,0.000,0.049,,,,,NVIDIA A100 80GB PCIe (0),1,7,void cutlass::Kernel<cutlass_80_tensorop_s1688gemm_64x64_16x6_nn_align4>(T1::Params)
13043871,4224,10446,128,2,1,256,1,1,19,0.000,0.000,,,,,NVIDIA A100 80GB PCIe (0),1,7,"void cudnn::bn_fw_inf_1C11_kernel_NCHW<float, float, (bool)1, (int)1>(T2, T2, cudnnTensorStruct, const T1 *, cudnnTensorStruct, T1 *, cudnnTensorStruct, const T2 *, const T2 *, const T2 *, const T2 *, T2)"
13055327,2560,10453,392,1,1,128,1,1,17,0.000,0.000,,,,,NVIDIA A100 80GB PCIe (0),1,7,"void at::native::vectorized_elementwise_kernel<(int)4, at::native::<unnamed>::launch_clamp_scalar(at::TensorIteratorBase &, c10::Scalar, c10::Scalar, at::native::detail::ClampLimits)::[lambda() (instance 1)]::operator ()() const::[lambda() (instance 7)]::operator ()() const::[lambda(float) (instance 1)], at::detail::Array<char *, (int)2>>(int, T2, T3)"
13081823,3328,10473,25,4,2,256,1,1,32,0.004,0.000,,,,,NVIDIA A100 80GB PCIe (0),1,7,"void cudnn::ops::nchwToNhwcKernel<float, float, float, (bool)0, (bool)1, (cudnnKernelDataType_t)2>(cudnn::ops::nchw2nhwc_params_t<T3>, const T1 *, T2 *)"
13086303,3520,10475,1,4,32,256,1,1,32,0.004,0.000,,,,,NVIDIA A100 80GB PCIe (0),1,7,"void cudnn::ops::nchwToNhwcKernel<float, float, float, (bool)0, (bool)1, (cudnnKernelDataType_t)2>(cudnn::ops::nchw2nhwc_params_t<T3>, const T1 *, T2 *)"
13092223,13184,10479,1,25,1,128,1,1,120,0.000,0.123,,,,,NVIDIA A100 80GB PCIe (0),1,7,sm80_xmma_fprop_implicit_gemm_tf32f32_tf32f32_f32_nhwckrsc_nchw_tilesize64x32x64_stage5_warpsize2x2x1_g1_tensor16x8x8_alignc4_execute_kernel_cudnn_infer
13117471,6336,10492,392,8,1,128,1,1,32,0.000,0.000,,,,,NVIDIA A100 80GB PCIe (0),1,7,"void at::native::<unnamed>::CatArrayBatchedCopy_aligned16_contig<float, unsigned int, (int)4, (int)128, (int)1>(T1 *, at::native::<unnamed>::CatArrInputTensorMetadata<T1, T2, T4, T5>, at::native::<unnamed>::TensorSizeStride<T2, (unsigned int)4>, int, T2)"
13152767,4832,10531,352,2,1,256,1,1,19,0.000,0.000,,,,,NVIDIA A100 80GB PCIe (0),1,7,"void cudnn::bn_fw_inf_1C11_kernel_NCHW<float, float, (bool)1, (int)1>(T2, T2, cudnnTensorStruct, const T1 *, cudnnTensorStruct, T1 *, cudnnTensorStruct, const T2 *, const T2 *, const T2 *, const T2 *, T2)"
13164671,3232,10538,1078,1,1,128,1,1,17,0.000,0.000,,,,,NVIDIA A100 80GB PCIe (0),1,7,"void at::native::vectorized_elementwise_kernel<(int)4, at::native::<unnamed>::launch_clamp_scalar(at::TensorIteratorBase &, c10::Scalar, c10::Scalar, at::native::detail::ClampLimits)::[lambda() (instance 1)]::operator ()() const::[lambda() (instance 7)]::operator ()() const::[lambda(float) (instance 1)], at::detail::Array<char *, (int)2>>(int, T2, T3)"
13198016,9440,10560,16,2,2,128,1,1,90,0.000,0.049,,,,,NVIDIA A100 80GB PCIe (0),1,7,void cutlass::Kernel<cutlass_80_tensorop_s1688gemm_64x64_16x6_nn_align4>(T1::Params)
13236319,4289,10601,128,2,1,256,1,1,19,0.000,0.000,,,,,NVIDIA A100 80GB PCIe (0),1,7,"void cudnn::bn_fw_inf_1C11_kernel_NCHW<float, float, (bool)1, (int)1>(T2, T2, cudnnTensorStruct, const T1 *, cudnnTensorStruct, T1 *, cudnnTensorStruct, const T2 *, const T2 *, const T2 *, const T2 *, T2)"
13247616,2528,10608,392,1,1,128,1,1,17,0.000,0.000,,,,,NVIDIA A100 80GB PCIe (0),1,7,"void at::native::vectorized_elementwise_kernel<(int)4, at::native::<unnamed>::launch_clamp_scalar(at::TensorIteratorBase &, c10::Scalar, c10::Scalar, at::native::detail::ClampLimits)::[lambda() (instance 1)]::operator ()() const::[lambda() (instance 7)]::operator ()() const::[lambda(float) (instance 1)], at::detail::Array<char *, (int)2>>(int, T2, T3)"
13274016,3360,10628,25,4,2,256,1,1,32,0.004,0.000,,,,,NVIDIA A100 80GB PCIe (0),1,7,"void cudnn::ops::nchwToNhwcKernel<float, float, float, (bool)0, (bool)1, (cudnnKernelDataType_t)2>(cudnn::ops::nchw2nhwc_params_t<T3>, const T1 *, T2 *)"
13278496,3520,10630,1,4,32,256,1,1,32,0.004,0.000,,,,,NVIDIA A100 80GB PCIe (0),1,7,"void cudnn::ops::nchwToNhwcKernel<float, float, float, (bool)0, (bool)1, (cudnnKernelDataType_t)2>(cudnn::ops::nchw2nhwc_params_t<T3>, const T1 *, T2 *)"
13284768,13216,10634,1,25,1,128,1,1,120,0.000,0.123,,,,,NVIDIA A100 80GB PCIe (0),1,7,sm80_xmma_fprop_implicit_gemm_tf32f32_tf32f32_f32_nhwckrsc_nchw_tilesize64x32x64_stage5_warpsize2x2x1_g1_tensor16x8x8_alignc4_execute_kernel_cudnn_infer
13309792,6112,10647,392,9,1,128,1,1,32,0.000,0.000,,,,,NVIDIA A100 80GB PCIe (0),1,7,"void at::native::<unnamed>::CatArrayBatchedCopy_aligned16_contig<float, unsigned int, (int)4, (int)128, (int)1>(T1 *, at::native::<unnamed>::CatArrInputTensorMetadata<T1, T2, T4, T5>, at::native::<unnamed>::TensorSizeStride<T2, (unsigned int)4>, int, T2)"
13344928,5024,10686,384,2,1,256,1,1,19,0.000,0.000,,,,,NVIDIA A100 80GB PCIe (0),1,7,"void cudnn::bn_fw_inf_1C11_kernel_NCHW<float, float, (bool)1, (int)1>(T2, T2, cudnnTensorStruct, const T1 *, cudnnTensorStruct, T1 *, cudnnTensorStruct, const T2 *, const T2 *, const T2 *, const T2 *, T2)"
13357248,3392,10693,1176,1,1,128,1,1,17,0.000,0.000,,,,,NVIDIA A100 80GB PCIe (0),1,7,"void at::native::vectorized_elementwise_kernel<(int)4, at::native::<unnamed>::launch_clamp_scalar(at::TensorIteratorBase &, c10::Scalar, c10::Scalar, at::native::detail::ClampLimits)::[lambda() (instance 1)]::operator ()() const::[lambda() (instance 7)]::operator ()() const::[lambda(float) (instance 1)], at::detail::Array<char *, (int)2>>(int, T2, T3)"
13389824,9984,10715,16,2,2,128,1,1,90,0.000,0.049,,,,,NVIDIA A100 80GB PCIe (0),1,7,void cutlass::Kernel<cutlass_80_tensorop_s1688gemm_64x64_16x6_nn_align4>(T1::Params)
13428352,4224,10756,128,2,1,256,1,1,19,0.000,0.000,,,,,NVIDIA A100 80GB PCIe (0),1,7,"void cudnn::bn_fw_inf_1C11_kernel_NCHW<float, float, (bool)1, (int)1>(T2, T2, cudnnTensorStruct, const T1 *, cudnnTensorStruct, T1 *, cudnnTensorStruct, const T2 *, const T2 *, const T2 *, const T2 *, T2)"
13439680,2528,10763,392,1,1,128,1,1,17,0.000,0.000,,,,,NVIDIA A100 80GB PCIe (0),1,7,"void at::native::vectorized_elementwise_kernel<(int)4, at::native::<unnamed>::launch_clamp_scalar(at::TensorIteratorBase &, c10::Scalar, c10::Scalar, at::native::detail::ClampLimits)::[lambda() (instance 1)]::operator ()() const::[lambda() (instance 7)]::operator ()() const::[lambda(float) (instance 1)], at::detail::Array<char *, (int)2>>(int, T2, T3)"
13474304,3361,10783,25,4,2,256,1,1,32,0.004,0.000,,,,,NVIDIA A100 80GB PCIe (0),1,7,"void cudnn::ops::nchwToNhwcKernel<float, float, float, (bool)0, (bool)1, (cudnnKernelDataType_t)2>(cudnn::ops::nchw2nhwc_params_t<T3>, const T1 *, T2 *)"
13478688,3552,10785,1,4,32,256,1,1,32,0.004,0.000,,,,,NVIDIA A100 80GB PCIe (0),1,7,"void cudnn::ops::nchwToNhwcKernel<float, float, float, (bool)0, (bool)1, (cudnnKernelDataType_t)2>(cudnn::ops::nchw2nhwc_params_t<T3>, const T1 *, T2 *)"
13485120,13184,10789,1,25,1,128,1,1,120,0.000,0.123,,,,,NVIDIA A100 80GB PCIe (0),1,7,sm80_xmma_fprop_implicit_gemm_tf32f32_tf32f32_f32_nhwckrsc_nchw_tilesize64x32x64_stage5_warpsize2x2x1_g1_tensor16x8x8_alignc4_execute_kernel_cudnn_infer
13512256,6465,10802,392,10,1,128,1,1,32,0.000,0.000,,,,,NVIDIA A100 80GB PCIe (0),1,7,"void at::native::<unnamed>::CatArrayBatchedCopy_aligned16_contig<float, unsigned int, (int)4, (int)128, (int)1>(T1 *, at::native::<unnamed>::CatArrInputTensorMetadata<T1, T2, T4, T5>, at::native::<unnamed>::TensorSizeStride<T2, (unsigned int)4>, int, T2)"
13551809,5152,10841,416,2,1,256,1,1,19,0.000,0.000,,,,,NVIDIA A100 80GB PCIe (0),1,7,"void cudnn::bn_fw_inf_1C11_kernel_NCHW<float, float, (bool)1, (int)1>(T2, T2, cudnnTensorStruct, const T1 *, cudnnTensorStruct, T1 *, cudnnTensorStruct, const T2 *, const T2 *, const T2 *, const T2 *, T2)"
13564417,3488,10848,1274,1,1,128,1,1,17,0.000,0.000,,,,,NVIDIA A100 80GB PCIe (0),1,7,"void at::native::vectorized_elementwise_kernel<(int)4, at::native::<unnamed>::launch_clamp_scalar(at::TensorIteratorBase &, c10::Scalar, c10::Scalar, at::native::detail::ClampLimits)::[lambda() (instance 1)]::operator ()() const::[lambda() (instance 7)]::operator ()() const::[lambda(float) (instance 1)], at::detail::Array<char *, (int)2>>(int, T2, T3)"
13598145,10400,10870,16,2,2,128,1,1,90,0.000,0.049,,,,,NVIDIA A100 80GB PCIe (0),1,7,void cutlass::Kernel<cutlass_80_tensorop_s1688gemm_64x64_16x6_nn_align4>(T1::Params)
13636961,4192,10911,128,2,1,256,1,1,19,0.000,0.000,,,,,NVIDIA A100 80GB PCIe (0),1,7,"void cudnn::bn_fw_inf_1C11_kernel_NCHW<float, float, (bool)1, (int)1>(T2, T2, cudnnTensorStruct, const T1 *, cudnnTensorStruct, T1 *, cudnnTensorStruct, const T2 *, const T2 *, const T2 *, const T2 *, T2)"
13648481,2528,10918,392,1,1,128,1,1,17,0.000,0.000,,,,,NVIDIA A100 80GB PCIe (0),1,7,"void at::native::vectorized_elementwise_kernel<(int)4, at::native::<unnamed>::launch_clamp_scalar(at::TensorIteratorBase &, c10::Scalar, c10::Scalar, at::native::detail::ClampLimits)::[lambda() (instance 1)]::operator ()() const::[lambda() (instance 7)]::operator ()() const::[lambda(float) (instance 1)], at::detail::Array<char *, (int)2>>(int, T2, T3)"
13675201,3328,10938,25,4,2,256,1,1,32,0.004,0.000,,,,,NVIDIA A100 80GB PCIe (0),1,7,"void cudnn::ops::nchwToNhwcKernel<float, float, float, (bool)0, (bool)1, (cudnnKernelDataType_t)2>(cudnn::ops::nchw2nhwc_params_t<T3>, const T1 *, T2 *)"
13679713,3584,10940,1,4,32,256,1,1,32,0.004,0.000,,,,,NVIDIA A100 80GB PCIe (0),1,7,"void cudnn::ops::nchwToNhwcKernel<float, float, float, (bool)0, (bool)1, (cudnnKernelDataType_t)2>(cudnn::ops::nchw2nhwc_params_t<T3>, const T1 *, T2 *)"
13685249,13120,10944,1,25,1,128,1,1,120,0.000,0.123,,,,,NVIDIA A100 80GB PCIe (0),1,7,sm80_xmma_fprop_implicit_gemm_tf32f32_tf32f32_f32_nhwckrsc_nchw_tilesize64x32x64_stage5_warpsize2x2x1_g1_tensor16x8x8_alignc4_execute_kernel_cudnn_infer
13711937,6560,10957,392,11,1,128,1,1,32,0.000,0.000,,,,,NVIDIA A100 80GB PCIe (0),1,7,"void at::native::<unnamed>::CatArrayBatchedCopy_aligned16_contig<float, unsigned int, (int)4, (int)128, (int)1>(T1 *, at::native::<unnamed>::CatArrInputTensorMetadata<T1, T2, T4, T5>, at::native::<unnamed>::TensorSizeStride<T2, (unsigned int)4>, int, T2)"
13746625,6208,10996,448,2,1,256,1,1,19,0.000,0.000,,,,,NVIDIA A100 80GB PCIe (0),1,7,"void cudnn::bn_fw_inf_1C11_kernel_NCHW<float, float, (bool)1, (int)1>(T2, T2, cudnnTensorStruct, const T1 *, cudnnTensorStruct, T1 *, cudnnTensorStruct, const T2 *, const T2 *, const T2 *, const T2 *, T2)"
13759202,3583,11003,1372,1,1,128,1,1,17,0.000,0.000,,,,,NVIDIA A100 80GB PCIe (0),1,7,"void at::native::vectorized_elementwise_kernel<(int)4, at::native::<unnamed>::launch_clamp_scalar(at::TensorIteratorBase &, c10::Scalar, c10::Scalar, at::native::detail::ClampLimits)::[lambda() (instance 1)]::operator ()() const::[lambda() (instance 7)]::operator ()() const::[lambda(float) (instance 1)], at::detail::Array<char *, (int)2>>(int, T2, T3)"
13792770,10944,11025,16,2,2,128,1,1,90,0.000,0.049,,,,,NVIDIA A100 80GB PCIe (0),1,7,void cutlass::Kernel<cutlass_80_tensorop_s1688gemm_64x64_16x6_nn_align4>(T1::Params)
13830658,4224,11066,128,2,1,256,1,1,19,0.000,0.000,,,,,NVIDIA A100 80GB PCIe (0),1,7,"void cudnn::bn_fw_inf_1C11_kernel_NCHW<float, float, (bool)1, (int)1>(T2, T2, cudnnTensorStruct, const T1 *, cudnnTensorStruct, T1 *, cudnnTensorStruct, const T2 *, const T2 *, const T2 *, const T2 *, T2)"
13841698,2560,11073,392,1,1,128,1,1,17,0.000,0.000,,,,,NVIDIA A100 80GB PCIe (0),1,7,"void at::native::vectorized_elementwise_kernel<(int)4, at::native::<unnamed>::launch_clamp_scalar(at::TensorIteratorBase &, c10::Scalar, c10::Scalar, at::native::detail::ClampLimits)::[lambda() (instance 1)]::operator ()() const::[lambda() (instance 7)]::operator ()() const::[lambda(float) (instance 1)], at::detail::Array<char *, (int)2>>(int, T2, T3)"
13867938,3360,11093,25,4,2,256,1,1,32,0.004,0.000,,,,,NVIDIA A100 80GB PCIe (0),1,7,"void cudnn::ops::nchwToNhwcKernel<float, float, float, (bool)0, (bool)1, (cudnnKernelDataType_t)2>(cudnn::ops::nchw2nhwc_params_t<T3>, const T1 *, T2 *)"
13873922,3584,11095,1,4,32,256,1,1,32,0.004,0.000,,,,,NVIDIA A100 80GB PCIe (0),1,7,"void cudnn::ops::nchwToNhwcKernel<float, float, float, (bool)0, (bool)1, (cudnnKernelDataType_t)2>(cudnn::ops::nchw2nhwc_params_t<T3>, const T1 *, T2 *)"
13880898,13120,11099,1,25,1,128,1,1,120,0.000,0.123,,,,,NVIDIA A100 80GB PCIe (0),1,7,sm80_xmma_fprop_implicit_gemm_tf32f32_tf32f32_f32_nhwckrsc_nchw_tilesize64x32x64_stage5_warpsize2x2x1_g1_tensor16x8x8_alignc4_execute_kernel_cudnn_infer
13906914,7008,11112,392,12,1,128,1,1,32,0.000,0.000,,,,,NVIDIA A100 80GB PCIe (0),1,7,"void at::native::<unnamed>::CatArrayBatchedCopy_aligned16_contig<float, unsigned int, (int)4, (int)128, (int)1>(T1 *, at::native::<unnamed>::CatArrInputTensorMetadata<T1, T2, T4, T5>, at::native::<unnamed>::TensorSizeStride<T2, (unsigned int)4>, int, T2)"
13941954,6560,11151,480,2,1,256,1,1,19,0.000,0.000,,,,,NVIDIA A100 80GB PCIe (0),1,7,"void cudnn::bn_fw_inf_1C11_kernel_NCHW<float, float, (bool)1, (int)1>(T2, T2, cudnnTensorStruct, const T1 *, cudnnTensorStruct, T1 *, cudnnTensorStruct, const T2 *, const T2 *, const T2 *, const T2 *, T2)"
13953858,3648,11158,1470,1,1,128,1,1,17,0.000,0.000,,,,,NVIDIA A100 80GB PCIe (0),1,7,"void at::native::vectorized_elementwise_kernel<(int)4, at::native::<unnamed>::launch_clamp_scalar(at::TensorIteratorBase &, c10::Scalar, c10::Scalar, at::native::detail::ClampLimits)::[lambda() (instance 1)]::operator ()() const::[lambda() (instance 7)]::operator ()() const::[lambda(float) (instance 1)], at::detail::Array<char *, (int)2>>(int, T2, T3)"
13987490,11552,11180,16,2,2,128,1,1,90,0.000,0.049,,,,,NVIDIA A100 80GB PCIe (0),1,7,void cutlass::Kernel<cutlass_80_tensorop_s1688gemm_64x64_16x6_nn_align4>(T1::Params)
14025922,4320,11221,128,2,1,256,1,1,19,0.000,0.000,,,,,NVIDIA A100 80GB PCIe (0),1,7,"void cudnn::bn_fw_inf_1C11_kernel_NCHW<float, float, (bool)1, (int)1>(T2, T2, cudnnTensorStruct, const T1 *, cudnnTensorStruct, T1 *, cudnnTensorStruct, const T2 *, const T2 *, const T2 *, const T2 *, T2)"
14037410,2560,11228,392,1,1,128,1,1,17,0.000,0.000,,,,,NVIDIA A100 80GB PCIe (0),1,7,"void at::native::vectorized_elementwise_kernel<(int)4, at::native::<unnamed>::launch_clamp_scalar(at::TensorIteratorBase &, c10::Scalar, c10::Scalar, at::native::detail::ClampLimits)::[lambda() (instance 1)]::operator ()() const::[lambda() (instance 7)]::operator ()() const::[lambda(float) (instance 1)], at::detail::Array<char *, (int)2>>(int, T2, T3)"
14064867,3328,11248,25,4,2,256,1,1,32,0.004,0.000,,,,,NVIDIA A100 80GB PCIe (0),1,7,"void cudnn::ops::nchwToNhwcKernel<float, float, float, (bool)0, (bool)1, (cudnnKernelDataType_t)2>(cudnn::ops::nchw2nhwc_params_t<T3>, const T1 *, T2 *)"
14069347,3583,11250,1,4,32,256,1,1,32,0.004,0.000,,,,,NVIDIA A100 80GB PCIe (0),1,7,"void cudnn::ops::nchwToNhwcKernel<float, float, float, (bool)0, (bool)1, (cudnnKernelDataType_t)2>(cudnn::ops::nchw2nhwc_params_t<T3>, const T1 *, T2 *)"
14075330,13121,11254,1,25,1,128,1,1,120,0.000,0.123,,,,,NVIDIA A100 80GB PCIe (0),1,7,sm80_xmma_fprop_implicit_gemm_tf32f32_tf32f32_f32_nhwckrsc_nchw_tilesize64x32x64_stage5_warpsize2x2x1_g1_tensor16x8x8_alignc4_execute_kernel_cudnn_infer
14099363,7616,11267,392,13,1,128,1,1,32,0.000,0.000,,,,,NVIDIA A100 80GB PCIe (0),1,7,"void at::native::<unnamed>::CatArrayBatchedCopy_aligned16_contig<float, unsigned int, (int)4, (int)128, (int)1>(T1 *, at::native::<unnamed>::CatArrInputTensorMetadata<T1, T2, T4, T5>, at::native::<unnamed>::TensorSizeStride<T2, (unsigned int)4>, int, T2)"
14147075,6816,11306,512,2,1,256,1,1,19,0.000,0.000,,,,,NVIDIA A100 80GB PCIe (0),1,7,"void cudnn::bn_fw_inf_1C11_kernel_NCHW<float, float, (bool)1, (int)1>(T2, T2, cudnnTensorStruct, const T1 *, cudnnTensorStruct, T1 *, cudnnTensorStruct, const T2 *, const T2 *, const T2 *, const T2 *, T2)"
14159395,3840,11313,1568,1,1,128,1,1,17,0.000,0.000,,,,,NVIDIA A100 80GB PCIe (0),1,7,"void at::native::vectorized_elementwise_kernel<(int)4, at::native::<unnamed>::launch_clamp_scalar(at::TensorIteratorBase &, c10::Scalar, c10::Scalar, at::native::detail::ClampLimits)::[lambda() (instance 1)]::operator ()() const::[lambda() (instance 7)]::operator ()() const::[lambda(float) (instance 1)], at::detail::Array<char *, (int)2>>(int, T2, T3)"
14193635,16448,11335,32,2,2,128,1,1,90,0.000,0.049,,,,,NVIDIA A100 80GB PCIe (0),1,7,void cutlass::Kernel<cutlass_80_tensorop_s1688gemm_64x64_16x6_nn_align4>(T1::Params)
14212803,4480,11348,98,1,1,1024,1,1,40,0.000,0.000,,,,,NVIDIA A100 80GB PCIe (0),1,7,"void at::native::<unnamed>::avg_pool2d_out_cuda_frame<float, float>(int, const T1 *, long, long, long, long, int, int, int, int, int, int, int, T1 *, int, bool, bool)"
14244803,2336,11358,,,,,,,,,,0.401,171835.539,Device,Device,NVIDIA A100 80GB PCIe (0),1,7,[CUDA memcpy Device-to-Device]
14285347,4160,11399,256,2,1,64,1,1,19,0.000,0.000,,,,,NVIDIA A100 80GB PCIe (0),1,7,"void cudnn::bn_fw_inf_1C11_kernel_NCHW<float, float, (bool)1, (int)1>(T2, T2, cudnnTensorStruct, const T1 *, cudnnTensorStruct, T1 *, cudnnTensorStruct, const T2 *, const T2 *, const T2 *, const T2 *, T2)"
14298243,2400,11406,196,1,1,128,1,1,17,0.000,0.000,,,,,NVIDIA A100 80GB PCIe (0),1,7,"void at::native::vectorized_elementwise_kernel<(int)4, at::native::<unnamed>::launch_clamp_scalar(at::TensorIteratorBase &, c10::Scalar, c10::Scalar, at::native::detail::ClampLimits)::[lambda() (instance 1)]::operator ()() const::[lambda() (instance 7)]::operator ()() const::[lambda(float) (instance 1)], at::detail::Array<char *, (int)2>>(int, T2, T3)"
14333987,7808,11428,8,1,2,128,1,1,90,0.000,0.049,,,,,NVIDIA A100 80GB PCIe (0),1,7,void cutlass::Kernel<cutlass_80_tensorop_s1688gemm_64x64_16x6_nn_align4>(T1::Params)
14373443,3969,11469,128,2,1,64,1,1,19,0.000,0.000,,,,,NVIDIA A100 80GB PCIe (0),1,7,"void cudnn::bn_fw_inf_1C11_kernel_NCHW<float, float, (bool)1, (int)1>(T2, T2, cudnnTensorStruct, const T1 *, cudnnTensorStruct, T1 *, cudnnTensorStruct, const T2 *, const T2 *, const T2 *, const T2 *, T2)"
14385443,2273,11476,98,1,1,128,1,1,17,0.000,0.000,,,,,NVIDIA A100 80GB PCIe (0),1,7,"void at::native::vectorized_elementwise_kernel<(int)4, at::native::<unnamed>::launch_clamp_scalar(at::TensorIteratorBase &, c10::Scalar, c10::Scalar, at::native::detail::ClampLimits)::[lambda() (instance 1)]::operator ()() const::[lambda() (instance 7)]::operator ()() const::[lambda(float) (instance 1)], at::detail::Array<char *, (int)2>>(int, T2, T3)"
14415844,2784,11496,7,4,2,256,1,1,32,0.004,0.000,,,,,NVIDIA A100 80GB PCIe (0),1,7,"void cudnn::ops::nchwToNhwcKernel<float, float, float, (bool)0, (bool)1, (cudnnKernelDataType_t)2>(cudnn::ops::nchw2nhwc_params_t<T3>, const T1 *, T2 *)"
14419844,3744,11498,1,4,32,256,1,1,32,0.004,0.000,,,,,NVIDIA A100 80GB PCIe (0),1,7,"void cudnn::ops::nchwToNhwcKernel<float, float, float, (bool)0, (bool)1, (cudnnKernelDataType_t)2>(cudnn::ops::nchw2nhwc_params_t<T3>, const T1 *, T2 *)"
14432900,1024,11500,,,,,,,,,,0.000,54.687,Device,,NVIDIA A100 80GB PCIe (0),1,7,[CUDA memset]
14440484,12896,11503,1,7,2,128,1,1,117,0.000,0.124,,,,,NVIDIA A100 80GB PCIe (0),1,7,sm80_xmma_fprop_implicit_gemm_indexed_tf32f32_tf32f32_f32_nhwckrsc_nchw_tilesize64x32x64_stage5_warpsize2x2x1_g1_tensor16x8x8_alignc4_execute_kernel_cudnn_infer
14467460,3680,11516,196,2,1,128,1,1,32,0.000,0.000,,,,,NVIDIA A100 80GB PCIe (0),1,7,"void at::native::<unnamed>::CatArrayBatchedCopy_aligned16_contig<float, unsigned int, (int)4, (int)128, (int)1>(T1 *, at::native::<unnamed>::CatArrInputTensorMetadata<T1, T2, T4, T5>, at::native::<unnamed>::TensorSizeStride<T2, (unsigned int)4>, int, T2)"
14504964,4096,11555,288,2,1,64,1,1,19,0.000,0.000,,,,,NVIDIA A100 80GB PCIe (0),1,7,"void cudnn::bn_fw_inf_1C11_kernel_NCHW<float, float, (bool)1, (int)1>(T2, T2, cudnnTensorStruct, const T1 *, cudnnTensorStruct, T1 *, cudnnTensorStruct, const T2 *, const T2 *, const T2 *, const T2 *, T2)"
14517796,2400,11562,221,1,1,128,1,1,17,0.000,0.000,,,,,NVIDIA A100 80GB PCIe (0),1,7,"void at::native::vectorized_elementwise_kernel<(int)4, at::native::<unnamed>::launch_clamp_scalar(at::TensorIteratorBase &, c10::Scalar, c10::Scalar, at::native::detail::ClampLimits)::[lambda() (instance 1)]::operator ()() const::[lambda() (instance 7)]::operator ()() const::[lambda(float) (instance 1)], at::detail::Array<char *, (int)2>>(int, T2, T3)"
14552164,8448,11584,8,1,2,128,1,1,90,0.000,0.049,,,,,NVIDIA A100 80GB PCIe (0),1,7,void cutlass::Kernel<cutlass_80_tensorop_s1688gemm_64x64_16x6_nn_align4>(T1::Params)
14590372,3936,11625,128,2,1,64,1,1,19,0.000,0.000,,,,,NVIDIA A100 80GB PCIe (0),1,7,"void cudnn::bn_fw_inf_1C11_kernel_NCHW<float, float, (bool)1, (int)1>(T2, T2, cudnnTensorStruct, const T1 *, cudnnTensorStruct, T1 *, cudnnTensorStruct, const T2 *, const T2 *, const T2 *, const T2 *, T2)"
14601668,2240,11632,98,1,1,128,1,1,17,0.000,0.000,,,,,NVIDIA A100 80GB PCIe (0),1,7,"void at::native::vectorized_elementwise_kernel<(int)4, at::native::<unnamed>::launch_clamp_scalar(at::TensorIteratorBase &, c10::Scalar, c10::Scalar, at::native::detail::ClampLimits)::[lambda() (instance 1)]::operator ()() const::[lambda() (instance 7)]::operator ()() const::[lambda(float) (instance 1)], at::detail::Array<char *, (int)2>>(int, T2, T3)"
14628805,2879,11652,7,4,2,256,1,1,32,0.004,0.000,,,,,NVIDIA A100 80GB PCIe (0),1,7,"void cudnn::ops::nchwToNhwcKernel<float, float, float, (bool)0, (bool)1, (cudnnKernelDataType_t)2>(cudnn::ops::nchw2nhwc_params_t<T3>, const T1 *, T2 *)"
14633861,3712,11654,1,4,32,256,1,1,32,0.004,0.000,,,,,NVIDIA A100 80GB PCIe (0),1,7,"void cudnn::ops::nchwToNhwcKernel<float, float, float, (bool)0, (bool)1, (cudnnKernelDataType_t)2>(cudnn::ops::nchw2nhwc_params_t<T3>, const T1 *, T2 *)"
14640837,1120,11656,,,,,,,,,,0.000,50.000,Device,,NVIDIA A100 80GB PCIe (0),1,7,[CUDA memset]
14648836,12321,11659,1,7,2,128,1,1,117,0.000,0.124,,,,,NVIDIA A100 80GB PCIe (0),1,7,sm80_xmma_fprop_implicit_gemm_indexed_tf32f32_tf32f32_f32_nhwckrsc_nchw_tilesize64x32x64_stage5_warpsize2x2x1_g1_tensor16x8x8_alignc4_execute_kernel_cudnn_infer
14680869,3904,11672,196,3,1,128,1,1,32,0.000,0.000,,,,,NVIDIA A100 80GB PCIe (0),1,7,"void at::native::<unnamed>::CatArrayBatchedCopy_aligned16_contig<float, unsigned int, (int)4, (int)128, (int)1>(T1 *, at::native::<unnamed>::CatArrInputTensorMetadata<T1, T2, T4, T5>, at::native::<unnamed>::TensorSizeStride<T2, (unsigned int)4>, int, T2)"
14718277,4064,11711,320,2,1,64,1,1,19,0.000,0.000,,,,,NVIDIA A100 80GB PCIe (0),1,7,"void cudnn::bn_fw_inf_1C11_kernel_NCHW<float, float, (bool)1, (int)1>(T2, T2, cudnnTensorStruct, const T1 *, cudnnTensorStruct, T1 *, cudnnTensorStruct, const T2 *, const T2 *, const T2 *, const T2 *, T2)"
14730981,2464,11718,245,1,1,128,1,1,17,0.000,0.000,,,,,NVIDIA A100 80GB PCIe (0),1,7,"void at::native::vectorized_elementwise_kernel<(int)4, at::native::<unnamed>::launch_clamp_scalar(at::TensorIteratorBase &, c10::Scalar, c10::Scalar, at::native::detail::ClampLimits)::[lambda() (instance 1)]::operator ()() const::[lambda() (instance 7)]::operator ()() const::[lambda(float) (instance 1)], at::detail::Array<char *, (int)2>>(int, T2, T3)"
14765061,8960,11740,8,1,2,128,1,1,90,0.000,0.049,,,,,NVIDIA A100 80GB PCIe (0),1,7,void cutlass::Kernel<cutlass_80_tensorop_s1688gemm_64x64_16x6_nn_align4>(T1::Params)
14804901,3904,11781,128,2,1,64,1,1,19,0.000,0.000,,,,,NVIDIA A100 80GB PCIe (0),1,7,"void cudnn::bn_fw_inf_1C11_kernel_NCHW<float, float, (bool)1, (int)1>(T2, T2, cudnnTensorStruct, const T1 *, cudnnTensorStruct, T1 *, cudnnTensorStruct, const T2 *, const T2 *, const T2 *, const T2 *, T2)"
14817093,2272,11788,98,1,1,128,1,1,17,0.000,0.000,,,,,NVIDIA A100 80GB PCIe (0),1,7,"void at::native::vectorized_elementwise_kernel<(int)4, at::native::<unnamed>::launch_clamp_scalar(at::TensorIteratorBase &, c10::Scalar, c10::Scalar, at::native::detail::ClampLimits)::[lambda() (instance 1)]::operator ()() const::[lambda() (instance 7)]::operator ()() const::[lambda(float) (instance 1)], at::detail::Array<char *, (int)2>>(int, T2, T3)"
14844069,2880,11808,7,4,2,256,1,1,32,0.004,0.000,,,,,NVIDIA A100 80GB PCIe (0),1,7,"void cudnn::ops::nchwToNhwcKernel<float, float, float, (bool)0, (bool)1, (cudnnKernelDataType_t)2>(cudnn::ops::nchw2nhwc_params_t<T3>, const T1 *, T2 *)"
14848197,3552,11810,1,4,32,256,1,1,32,0.004,0.000,,,,,NVIDIA A100 80GB PCIe (0),1,7,"void cudnn::ops::nchwToNhwcKernel<float, float, float, (bool)0, (bool)1, (cudnnKernelDataType_t)2>(cudnn::ops::nchw2nhwc_params_t<T3>, const T1 *, T2 *)"
14854725,1120,11812,,,,,,,,,,0.000,50.000,Device,,NVIDIA A100 80GB PCIe (0),1,7,[CUDA memset]
14858693,12320,11815,1,7,2,128,1,1,117,0.000,0.124,,,,,NVIDIA A100 80GB PCIe (0),1,7,sm80_xmma_fprop_implicit_gemm_indexed_tf32f32_tf32f32_f32_nhwckrsc_nchw_tilesize64x32x64_stage5_warpsize2x2x1_g1_tensor16x8x8_alignc4_execute_kernel_cudnn_infer
14883333,4256,11828,196,4,1,128,1,1,32,0.000,0.000,,,,,NVIDIA A100 80GB PCIe (0),1,7,"void at::native::<unnamed>::CatArrayBatchedCopy_aligned16_contig<float, unsigned int, (int)4, (int)128, (int)1>(T1 *, at::native::<unnamed>::CatArrInputTensorMetadata<T1, T2, T4, T5>, at::native::<unnamed>::TensorSizeStride<T2, (unsigned int)4>, int, T2)"
14919846,4159,11867,352,2,1,64,1,1,19,0.000,0.000,,,,,NVIDIA A100 80GB PCIe (0),1,7,"void cudnn::bn_fw_inf_1C11_kernel_NCHW<float, float, (bool)1, (int)1>(T2, T2, cudnnTensorStruct, const T1 *, cudnnTensorStruct, T1 *, cudnnTensorStruct, const T2 *, const T2 *, const T2 *, const T2 *, T2)"
14931910,2496,11874,270,1,1,128,1,1,17,0.000,0.000,,,,,NVIDIA A100 80GB PCIe (0),1,7,"void at::native::vectorized_elementwise_kernel<(int)4, at::native::<unnamed>::launch_clamp_scalar(at::TensorIteratorBase &, c10::Scalar, c10::Scalar, at::native::detail::ClampLimits)::[lambda() (instance 1)]::operator ()() const::[lambda() (instance 7)]::operator ()() const::[lambda(float) (instance 1)], at::detail::Array<char *, (int)2>>(int, T2, T3)"
14965830,9408,11896,8,1,2,128,1,1,90,0.000,0.049,,,,,NVIDIA A100 80GB PCIe (0),1,7,void cutlass::Kernel<cutlass_80_tensorop_s1688gemm_64x64_16x6_nn_align4>(T1::Params)
15003622,3936,11937,128,2,1,64,1,1,19,0.000,0.000,,,,,NVIDIA A100 80GB PCIe (0),1,7,"void cudnn::bn_fw_inf_1C11_kernel_NCHW<float, float, (bool)1, (int)1>(T2, T2, cudnnTensorStruct, const T1 *, cudnnTensorStruct, T1 *, cudnnTensorStruct, const T2 *, const T2 *, const T2 *, const T2 *, T2)"
15014886,2240,11944,98,1,1,128,1,1,17,0.000,0.000,,,,,NVIDIA A100 80GB PCIe (0),1,7,"void at::native::vectorized_elementwise_kernel<(int)4, at::native::<unnamed>::launch_clamp_scalar(at::TensorIteratorBase &, c10::Scalar, c10::Scalar, at::native::detail::ClampLimits)::[lambda() (instance 1)]::operator ()() const::[lambda() (instance 7)]::operator ()() const::[lambda(float) (instance 1)], at::detail::Array<char *, (int)2>>(int, T2, T3)"
15041958,2848,11964,7,4,2,256,1,1,32,0.004,0.000,,,,,NVIDIA A100 80GB PCIe (0),1,7,"void cudnn::ops::nchwToNhwcKernel<float, float, float, (bool)0, (bool)1, (cudnnKernelDataType_t)2>(cudnn::ops::nchw2nhwc_params_t<T3>, const T1 *, T2 *)"
15045830,3616,11966,1,4,32,256,1,1,32,0.004,0.000,,,,,NVIDIA A100 80GB PCIe (0),1,7,"void cudnn::ops::nchwToNhwcKernel<float, float, float, (bool)0, (bool)1, (cudnnKernelDataType_t)2>(cudnn::ops::nchw2nhwc_params_t<T3>, const T1 *, T2 *)"
15051846,1120,11968,,,,,,,,,,0.000,50.000,Device,,NVIDIA A100 80GB PCIe (0),1,7,[CUDA memset]
15055878,12160,11971,1,7,2,128,1,1,117,0.000,0.124,,,,,NVIDIA A100 80GB PCIe (0),1,7,sm80_xmma_fprop_implicit_gemm_indexed_tf32f32_tf32f32_f32_nhwckrsc_nchw_tilesize64x32x64_stage5_warpsize2x2x1_g1_tensor16x8x8_alignc4_execute_kernel_cudnn_infer
15080422,4640,11984,196,5,1,128,1,1,32,0.000,0.000,,,,,NVIDIA A100 80GB PCIe (0),1,7,"void at::native::<unnamed>::CatArrayBatchedCopy_aligned16_contig<float, unsigned int, (int)4, (int)128, (int)1>(T1 *, at::native::<unnamed>::CatArrInputTensorMetadata<T1, T2, T4, T5>, at::native::<unnamed>::TensorSizeStride<T2, (unsigned int)4>, int, T2)"
15116070,4224,12023,384,2,1,64,1,1,19,0.000,0.000,,,,,NVIDIA A100 80GB PCIe (0),1,7,"void cudnn::bn_fw_inf_1C11_kernel_NCHW<float, float, (bool)1, (int)1>(T2, T2, cudnnTensorStruct, const T1 *, cudnnTensorStruct, T1 *, cudnnTensorStruct, const T2 *, const T2 *, const T2 *, const T2 *, T2)"
15128326,2528,12030,294,1,1,128,1,1,17,0.000,0.000,,,,,NVIDIA A100 80GB PCIe (0),1,7,"void at::native::vectorized_elementwise_kernel<(int)4, at::native::<unnamed>::launch_clamp_scalar(at::TensorIteratorBase &, c10::Scalar, c10::Scalar, at::native::detail::ClampLimits)::[lambda() (instance 1)]::operator ()() const::[lambda() (instance 7)]::operator ()() const::[lambda(float) (instance 1)], at::detail::Array<char *, (int)2>>(int, T2, T3)"
15161190,9888,12052,8,1,2,128,1,1,90,0.000,0.049,,,,,NVIDIA A100 80GB PCIe (0),1,7,void cutlass::Kernel<cutlass_80_tensorop_s1688gemm_64x64_16x6_nn_align4>(T1::Params)
15199078,4000,12093,128,2,1,64,1,1,19,0.000,0.000,,,,,NVIDIA A100 80GB PCIe (0),1,7,"void cudnn::bn_fw_inf_1C11_kernel_NCHW<float, float, (bool)1, (int)1>(T2, T2, cudnnTensorStruct, const T1 *, cudnnTensorStruct, T1 *, cudnnTensorStruct, const T2 *, const T2 *, const T2 *, const T2 *, T2)"
15210150,2272,12100,98,1,1,128,1,1,17,0.000,0.000,,,,,NVIDIA A100 80GB PCIe (0),1,7,"void at::native::vectorized_elementwise_kernel<(int)4, at::native::<unnamed>::launch_clamp_scalar(at::TensorIteratorBase &, c10::Scalar, c10::Scalar, at::native::detail::ClampLimits)::[lambda() (instance 1)]::operator ()() const::[lambda() (instance 7)]::operator ()() const::[lambda(float) (instance 1)], at::detail::Array<char *, (int)2>>(int, T2, T3)"
15236550,2849,12120,7,4,2,256,1,1,32,0.004,0.000,,,,,NVIDIA A100 80GB PCIe (0),1,7,"void cudnn::ops::nchwToNhwcKernel<float, float, float, (bool)0, (bool)1, (cudnnKernelDataType_t)2>(cudnn::ops::nchw2nhwc_params_t<T3>, const T1 *, T2 *)"
15240647,3776,12122,1,4,32,256,1,1,32,0.004,0.000,,,,,NVIDIA A100 80GB PCIe (0),1,7,"void cudnn::ops::nchwToNhwcKernel<float, float, float, (bool)0, (bool)1, (cudnnKernelDataType_t)2>(cudnn::ops::nchw2nhwc_params_t<T3>, const T1 *, T2 *)"
15246726,1121,12124,,,,,,,,,,0.000,49.955,Device,,NVIDIA A100 80GB PCIe (0),1,7,[CUDA memset]
15250663,12320,12127,1,7,2,128,1,1,117,0.000,0.124,,,,,NVIDIA A100 80GB PCIe (0),1,7,sm80_xmma_fprop_implicit_gemm_indexed_tf32f32_tf32f32_f32_nhwckrsc_nchw_tilesize64x32x64_stage5_warpsize2x2x1_g1_tensor16x8x8_alignc4_execute_kernel_cudnn_infer
15275463,4640,12140,196,6,1,128,1,1,32,0.000,0.000,,,,,NVIDIA A100 80GB PCIe (0),1,7,"void at::native::<unnamed>::CatArrayBatchedCopy_aligned16_contig<float, unsigned int, (int)4, (int)128, (int)1>(T1 *, at::native::<unnamed>::CatArrInputTensorMetadata<T1, T2, T4, T5>, at::native::<unnamed>::TensorSizeStride<T2, (unsigned int)4>, int, T2)"
15310823,4320,12179,416,2,1,64,1,1,19,0.000,0.000,,,,,NVIDIA A100 80GB PCIe (0),1,7,"void cudnn::bn_fw_inf_1C11_kernel_NCHW<float, float, (bool)1, (int)1>(T2, T2, cudnnTensorStruct, const T1 *, cudnnTensorStruct, T1 *, cudnnTensorStruct, const T2 *, const T2 *, const T2 *, const T2 *, T2)"
15322983,2592,12186,319,1,1,128,1,1,17,0.000,0.000,,,,,NVIDIA A100 80GB PCIe (0),1,7,"void at::native::vectorized_elementwise_kernel<(int)4, at::native::<unnamed>::launch_clamp_scalar(at::TensorIteratorBase &, c10::Scalar, c10::Scalar, at::native::detail::ClampLimits)::[lambda() (instance 1)]::operator ()() const::[lambda() (instance 7)]::operator ()() const::[lambda(float) (instance 1)], at::detail::Array<char *, (int)2>>(int, T2, T3)"
15356359,10400,12208,8,1,2,128,1,1,90,0.000,0.049,,,,,NVIDIA A100 80GB PCIe (0),1,7,void cutlass::Kernel<cutlass_80_tensorop_s1688gemm_64x64_16x6_nn_align4>(T1::Params)
15394375,3936,12249,128,2,1,64,1,1,19,0.000,0.000,,,,,NVIDIA A100 80GB PCIe (0),1,7,"void cudnn::bn_fw_inf_1C11_kernel_NCHW<float, float, (bool)1, (int)1>(T2, T2, cudnnTensorStruct, const T1 *, cudnnTensorStruct, T1 *, cudnnTensorStruct, const T2 *, const T2 *, const T2 *, const T2 *, T2)"
15405863,2272,12256,98,1,1,128,1,1,17,0.000,0.000,,,,,NVIDIA A100 80GB PCIe (0),1,7,"void at::native::vectorized_elementwise_kernel<(int)4, at::native::<unnamed>::launch_clamp_scalar(at::TensorIteratorBase &, c10::Scalar, c10::Scalar, at::native::detail::ClampLimits)::[lambda() (instance 1)]::operator ()() const::[lambda() (instance 7)]::operator ()() const::[lambda(float) (instance 1)], at::detail::Array<char *, (int)2>>(int, T2, T3)"
15433447,2848,12276,7,4,2,256,1,1,32,0.004,0.000,,,,,NVIDIA A100 80GB PCIe (0),1,7,"void cudnn::ops::nchwToNhwcKernel<float, float, float, (bool)0, (bool)1, (cudnnKernelDataType_t)2>(cudnn::ops::nchw2nhwc_params_t<T3>, const T1 *, T2 *)"
15437479,3488,12278,1,4,32,256,1,1,32,0.004,0.000,,,,,NVIDIA A100 80GB PCIe (0),1,7,"void cudnn::ops::nchwToNhwcKernel<float, float, float, (bool)0, (bool)1, (cudnnKernelDataType_t)2>(cudnn::ops::nchw2nhwc_params_t<T3>, const T1 *, T2 *)"
15443815,1120,12280,,,,,,,,,,0.000,50.000,Device,,NVIDIA A100 80GB PCIe (0),1,7,[CUDA memset]
15447527,12320,12283,1,7,2,128,1,1,117,0.000,0.124,,,,,NVIDIA A100 80GB PCIe (0),1,7,sm80_xmma_fprop_implicit_gemm_indexed_tf32f32_tf32f32_f32_nhwckrsc_nchw_tilesize64x32x64_stage5_warpsize2x2x1_g1_tensor16x8x8_alignc4_execute_kernel_cudnn_infer
15472999,4512,12296,196,7,1,128,1,1,32,0.000,0.000,,,,,NVIDIA A100 80GB PCIe (0),1,7,"void at::native::<unnamed>::CatArrayBatchedCopy_aligned16_contig<float, unsigned int, (int)4, (int)128, (int)1>(T1 *, at::native::<unnamed>::CatArrInputTensorMetadata<T1, T2, T4, T5>, at::native::<unnamed>::TensorSizeStride<T2, (unsigned int)4>, int, T2)"
15509383,4416,12335,448,2,1,64,1,1,19,0.000,0.000,,,,,NVIDIA A100 80GB PCIe (0),1,7,"void cudnn::bn_fw_inf_1C11_kernel_NCHW<float, float, (bool)1, (int)1>(T2, T2, cudnnTensorStruct, const T1 *, cudnnTensorStruct, T1 *, cudnnTensorStruct, const T2 *, const T2 *, const T2 *, const T2 *, T2)"
15521672,2592,12342,343,1,1,128,1,1,17,0.000,0.000,,,,,NVIDIA A100 80GB PCIe (0),1,7,"void at::native::vectorized_elementwise_kernel<(int)4, at::native::<unnamed>::launch_clamp_scalar(at::TensorIteratorBase &, c10::Scalar, c10::Scalar, at::native::detail::ClampLimits)::[lambda() (instance 1)]::operator ()() const::[lambda() (instance 7)]::operator ()() const::[lambda(float) (instance 1)], at::detail::Array<char *, (int)2>>(int, T2, T3)"
15561896,10848,12364,8,1,2,128,1,1,90,0.000,0.049,,,,,NVIDIA A100 80GB PCIe (0),1,7,void cutlass::Kernel<cutlass_80_tensorop_s1688gemm_64x64_16x6_nn_align4>(T1::Params)
15604104,3936,12405,128,2,1,64,1,1,19,0.000,0.000,,,,,NVIDIA A100 80GB PCIe (0),1,7,"void cudnn::bn_fw_inf_1C11_kernel_NCHW<float, float, (bool)1, (int)1>(T2, T2, cudnnTensorStruct, const T1 *, cudnnTensorStruct, T1 *, cudnnTensorStruct, const T2 *, const T2 *, const T2 *, const T2 *, T2)"
15616328,2240,12412,98,1,1,128,1,1,17,0.000,0.000,,,,,NVIDIA A100 80GB PCIe (0),1,7,"void at::native::vectorized_elementwise_kernel<(int)4, at::native::<unnamed>::launch_clamp_scalar(at::TensorIteratorBase &, c10::Scalar, c10::Scalar, at::native::detail::ClampLimits)::[lambda() (instance 1)]::operator ()() const::[lambda() (instance 7)]::operator ()() const::[lambda(float) (instance 1)], at::detail::Array<char *, (int)2>>(int, T2, T3)"
15643912,2848,12432,7,4,2,256,1,1,32,0.004,0.000,,,,,NVIDIA A100 80GB PCIe (0),1,7,"void cudnn::ops::nchwToNhwcKernel<float, float, float, (bool)0, (bool)1, (cudnnKernelDataType_t)2>(cudnn::ops::nchw2nhwc_params_t<T3>, const T1 *, T2 *)"
15647848,3616,12434,1,4,32,256,1,1,32,0.004,0.000,,,,,NVIDIA A100 80GB PCIe (0),1,7,"void cudnn::ops::nchwToNhwcKernel<float, float, float, (bool)0, (bool)1, (cudnnKernelDataType_t)2>(cudnn::ops::nchw2nhwc_params_t<T3>, const T1 *, T2 *)"
15654088,1472,12436,,,,,,,,,,0.000,38.043,Device,,NVIDIA A100 80GB PCIe (0),1,7,[CUDA memset]
15658312,12352,12439,1,7,2,128,1,1,117,0.000,0.124,,,,,NVIDIA A100 80GB PCIe (0),1,7,sm80_xmma_fprop_implicit_gemm_indexed_tf32f32_tf32f32_f32_nhwckrsc_nchw_tilesize64x32x64_stage5_warpsize2x2x1_g1_tensor16x8x8_alignc4_execute_kernel_cudnn_infer
15684264,4416,12452,196,8,1,128,1,1,32,0.000,0.000,,,,,NVIDIA A100 80GB PCIe (0),1,7,"void at::native::<unnamed>::CatArrayBatchedCopy_aligned16_contig<float, unsigned int, (int)4, (int)128, (int)1>(T1 *, at::native::<unnamed>::CatArrInputTensorMetadata<T1, T2, T4, T5>, at::native::<unnamed>::TensorSizeStride<T2, (unsigned int)4>, int, T2)"
15720424,4352,12491,480,2,1,64,1,1,19,0.000,0.000,,,,,NVIDIA A100 80GB PCIe (0),1,7,"void cudnn::bn_fw_inf_1C11_kernel_NCHW<float, float, (bool)1, (int)1>(T2, T2, cudnnTensorStruct, const T1 *, cudnnTensorStruct, T1 *, cudnnTensorStruct, const T2 *, const T2 *, const T2 *, const T2 *, T2)"
15732872,2624,12498,368,1,1,128,1,1,17,0.000,0.000,,,,,NVIDIA A100 80GB PCIe (0),1,7,"void at::native::vectorized_elementwise_kernel<(int)4, at::native::<unnamed>::launch_clamp_scalar(at::TensorIteratorBase &, c10::Scalar, c10::Scalar, at::native::detail::ClampLimits)::[lambda() (instance 1)]::operator ()() const::[lambda() (instance 7)]::operator ()() const::[lambda(float) (instance 1)], at::detail::Array<char *, (int)2>>(int, T2, T3)"
15766856,11456,12520,8,1,2,128,1,1,90,0.000,0.049,,,,,NVIDIA A100 80GB PCIe (0),1,7,void cutlass::Kernel<cutlass_80_tensorop_s1688gemm_64x64_16x6_nn_align4>(T1::Params)
15806569,3935,12561,128,2,1,64,1,1,19,0.000,0.000,,,,,NVIDIA A100 80GB PCIe (0),1,7,"void cudnn::bn_fw_inf_1C11_kernel_NCHW<float, float, (bool)1, (int)1>(T2, T2, cudnnTensorStruct, const T1 *, cudnnTensorStruct, T1 *, cudnnTensorStruct, const T2 *, const T2 *, const T2 *, const T2 *, T2)"
15817705,2271,12568,98,1,1,128,1,1,17,0.000,0.000,,,,,NVIDIA A100 80GB PCIe (0),1,7,"void at::native::vectorized_elementwise_kernel<(int)4, at::native::<unnamed>::launch_clamp_scalar(at::TensorIteratorBase &, c10::Scalar, c10::Scalar, at::native::detail::ClampLimits)::[lambda() (instance 1)]::operator ()() const::[lambda() (instance 7)]::operator ()() const::[lambda(float) (instance 1)], at::detail::Array<char *, (int)2>>(int, T2, T3)"
15845321,2880,12588,7,4,2,256,1,1,32,0.004,0.000,,,,,NVIDIA A100 80GB PCIe (0),1,7,"void cudnn::ops::nchwToNhwcKernel<float, float, float, (bool)0, (bool)1, (cudnnKernelDataType_t)2>(cudnn::ops::nchw2nhwc_params_t<T3>, const T1 *, T2 *)"
15849353,3552,12590,1,4,32,256,1,1,32,0.004,0.000,,,,,NVIDIA A100 80GB PCIe (0),1,7,"void cudnn::ops::nchwToNhwcKernel<float, float, float, (bool)0, (bool)1, (cudnnKernelDataType_t)2>(cudnn::ops::nchw2nhwc_params_t<T3>, const T1 *, T2 *)"
15854953,1120,12592,,,,,,,,,,0.000,50.000,Device,,NVIDIA A100 80GB PCIe (0),1,7,[CUDA memset]
15858761,12320,12595,1,7,2,128,1,1,117,0.000,0.124,,,,,NVIDIA A100 80GB PCIe (0),1,7,sm80_xmma_fprop_implicit_gemm_indexed_tf32f32_tf32f32_f32_nhwckrsc_nchw_tilesize64x32x64_stage5_warpsize2x2x1_g1_tensor16x8x8_alignc4_execute_kernel_cudnn_infer
15884681,4416,12608,196,9,1,128,1,1,32,0.000,0.000,,,,,NVIDIA A100 80GB PCIe (0),1,7,"void at::native::<unnamed>::CatArrayBatchedCopy_aligned16_contig<float, unsigned int, (int)4, (int)128, (int)1>(T1 *, at::native::<unnamed>::CatArrInputTensorMetadata<T1, T2, T4, T5>, at::native::<unnamed>::TensorSizeStride<T2, (unsigned int)4>, int, T2)"
15921769,4448,12647,512,2,1,64,1,1,19,0.000,0.000,,,,,NVIDIA A100 80GB PCIe (0),1,7,"void cudnn::bn_fw_inf_1C11_kernel_NCHW<float, float, (bool)1, (int)1>(T2, T2, cudnnTensorStruct, const T1 *, cudnnTensorStruct, T1 *, cudnnTensorStruct, const T2 *, const T2 *, const T2 *, const T2 *, T2)"
15933897,2592,12654,392,1,1,128,1,1,17,0.000,0.000,,,,,NVIDIA A100 80GB PCIe (0),1,7,"void at::native::vectorized_elementwise_kernel<(int)4, at::native::<unnamed>::launch_clamp_scalar(at::TensorIteratorBase &, c10::Scalar, c10::Scalar, at::native::detail::ClampLimits)::[lambda() (instance 1)]::operator ()() const::[lambda() (instance 7)]::operator ()() const::[lambda(float) (instance 1)], at::detail::Array<char *, (int)2>>(int, T2, T3)"
15968265,11872,12676,8,1,2,128,1,1,90,0.000,0.049,,,,,NVIDIA A100 80GB PCIe (0),1,7,void cutlass::Kernel<cutlass_80_tensorop_s1688gemm_64x64_16x6_nn_align4>(T1::Params)
16006121,3904,12717,128,2,1,64,1,1,19,0.000,0.000,,,,,NVIDIA A100 80GB PCIe (0),1,7,"void cudnn::bn_fw_inf_1C11_kernel_NCHW<float, float, (bool)1, (int)1>(T2, T2, cudnnTensorStruct, const T1 *, cudnnTensorStruct, T1 *, cudnnTensorStruct, const T2 *, const T2 *, const T2 *, const T2 *, T2)"
16018249,2272,12724,98,1,1,128,1,1,17,0.000,0.000,,,,,NVIDIA A100 80GB PCIe (0),1,7,"void at::native::vectorized_elementwise_kernel<(int)4, at::native::<unnamed>::launch_clamp_scalar(at::TensorIteratorBase &, c10::Scalar, c10::Scalar, at::native::detail::ClampLimits)::[lambda() (instance 1)]::operator ()() const::[lambda() (instance 7)]::operator ()() const::[lambda(float) (instance 1)], at::detail::Array<char *, (int)2>>(int, T2, T3)"
16044649,2880,12744,7,4,2,256,1,1,32,0.004,0.000,,,,,NVIDIA A100 80GB PCIe (0),1,7,"void cudnn::ops::nchwToNhwcKernel<float, float, float, (bool)0, (bool)1, (cudnnKernelDataType_t)2>(cudnn::ops::nchw2nhwc_params_t<T3>, const T1 *, T2 *)"
16049129,3488,12746,1,4,32,256,1,1,32,0.004,0.000,,,,,NVIDIA A100 80GB PCIe (0),1,7,"void cudnn::ops::nchwToNhwcKernel<float, float, float, (bool)0, (bool)1, (cudnnKernelDataType_t)2>(cudnn::ops::nchw2nhwc_params_t<T3>, const T1 *, T2 *)"
16054410,1023,12748,,,,,,,,,,0.000,54.741,Device,,NVIDIA A100 80GB PCIe (0),1,7,[CUDA memset]
16058826,12319,12751,1,7,2,128,1,1,117,0.000,0.124,,,,,NVIDIA A100 80GB PCIe (0),1,7,sm80_xmma_fprop_implicit_gemm_indexed_tf32f32_tf32f32_f32_nhwckrsc_nchw_tilesize64x32x64_stage5_warpsize2x2x1_g1_tensor16x8x8_alignc4_execute_kernel_cudnn_infer
16084553,4448,12764,196,10,1,128,1,1,32,0.000,0.000,,,,,NVIDIA A100 80GB PCIe (0),1,7,"void at::native::<unnamed>::CatArrayBatchedCopy_aligned16_contig<float, unsigned int, (int)4, (int)128, (int)1>(T1 *, at::native::<unnamed>::CatArrInputTensorMetadata<T1, T2, T4, T5>, at::native::<unnamed>::TensorSizeStride<T2, (unsigned int)4>, int, T2)"
16120906,4480,12803,544,2,1,64,1,1,19,0.000,0.000,,,,,NVIDIA A100 80GB PCIe (0),1,7,"void cudnn::bn_fw_inf_1C11_kernel_NCHW<float, float, (bool)1, (int)1>(T2, T2, cudnnTensorStruct, const T1 *, cudnnTensorStruct, T1 *, cudnnTensorStruct, const T2 *, const T2 *, const T2 *, const T2 *, T2)"
16133034,2688,12810,417,1,1,128,1,1,17,0.000,0.000,,,,,NVIDIA A100 80GB PCIe (0),1,7,"void at::native::vectorized_elementwise_kernel<(int)4, at::native::<unnamed>::launch_clamp_scalar(at::TensorIteratorBase &, c10::Scalar, c10::Scalar, at::native::detail::ClampLimits)::[lambda() (instance 1)]::operator ()() const::[lambda() (instance 7)]::operator ()() const::[lambda(float) (instance 1)], at::detail::Array<char *, (int)2>>(int, T2, T3)"
16169962,12416,12832,8,1,2,128,1,1,90,0.000,0.049,,,,,NVIDIA A100 80GB PCIe (0),1,7,void cutlass::Kernel<cutlass_80_tensorop_s1688gemm_64x64_16x6_nn_align4>(T1::Params)
16208842,3936,12873,128,2,1,64,1,1,19,0.000,0.000,,,,,NVIDIA A100 80GB PCIe (0),1,7,"void cudnn::bn_fw_inf_1C11_kernel_NCHW<float, float, (bool)1, (int)1>(T2, T2, cudnnTensorStruct, const T1 *, cudnnTensorStruct, T1 *, cudnnTensorStruct, const T2 *, const T2 *, const T2 *, const T2 *, T2)"
16221066,2272,12880,98,1,1,128,1,1,17,0.000,0.000,,,,,NVIDIA A100 80GB PCIe (0),1,7,"void at::native::vectorized_elementwise_kernel<(int)4, at::native::<unnamed>::launch_clamp_scalar(at::TensorIteratorBase &, c10::Scalar, c10::Scalar, at::native::detail::ClampLimits)::[lambda() (instance 1)]::operator ()() const::[lambda() (instance 7)]::operator ()() const::[lambda(float) (instance 1)], at::detail::Array<char *, (int)2>>(int, T2, T3)"
16247818,2880,12900,7,4,2,256,1,1,32,0.004,0.000,,,,,NVIDIA A100 80GB PCIe (0),1,7,"void cudnn::ops::nchwToNhwcKernel<float, float, float, (bool)0, (bool)1, (cudnnKernelDataType_t)2>(cudnn::ops::nchw2nhwc_params_t<T3>, const T1 *, T2 *)"
16252202,3680,12902,1,4,32,256,1,1,32,0.004,0.000,,,,,NVIDIA A100 80GB PCIe (0),1,7,"void cudnn::ops::nchwToNhwcKernel<float, float, float, (bool)0, (bool)1, (cudnnKernelDataType_t)2>(cudnn::ops::nchw2nhwc_params_t<T3>, const T1 *, T2 *)"
16258410,1024,12904,,,,,,,,,,0.000,54.687,Device,,NVIDIA A100 80GB PCIe (0),1,7,[CUDA memset]
16262474,12320,12907,1,7,2,128,1,1,117,0.000,0.124,,,,,NVIDIA A100 80GB PCIe (0),1,7,sm80_xmma_fprop_implicit_gemm_indexed_tf32f32_tf32f32_f32_nhwckrsc_nchw_tilesize64x32x64_stage5_warpsize2x2x1_g1_tensor16x8x8_alignc4_execute_kernel_cudnn_infer
16289866,4480,12920,196,11,1,128,1,1,32,0.000,0.000,,,,,NVIDIA A100 80GB PCIe (0),1,7,"void at::native::<unnamed>::CatArrayBatchedCopy_aligned16_contig<float, unsigned int, (int)4, (int)128, (int)1>(T1 *, at::native::<unnamed>::CatArrInputTensorMetadata<T1, T2, T4, T5>, at::native::<unnamed>::TensorSizeStride<T2, (unsigned int)4>, int, T2)"
16325994,4672,12959,576,2,1,64,1,1,19,0.000,0.000,,,,,NVIDIA A100 80GB PCIe (0),1,7,"void cudnn::bn_fw_inf_1C11_kernel_NCHW<float, float, (bool)1, (int)1>(T2, T2, cudnnTensorStruct, const T1 *, cudnnTensorStruct, T1 *, cudnnTensorStruct, const T2 *, const T2 *, const T2 *, const T2 *, T2)"
16338154,2624,12966,441,1,1,128,1,1,17,0.000,0.000,,,,,NVIDIA A100 80GB PCIe (0),1,7,"void at::native::vectorized_elementwise_kernel<(int)4, at::native::<unnamed>::launch_clamp_scalar(at::TensorIteratorBase &, c10::Scalar, c10::Scalar, at::native::detail::ClampLimits)::[lambda() (instance 1)]::operator ()() const::[lambda() (instance 7)]::operator ()() const::[lambda(float) (instance 1)], at::detail::Array<char *, (int)2>>(int, T2, T3)"
16371979,12864,12988,8,1,2,128,1,1,90,0.000,0.049,,,,,NVIDIA A100 80GB PCIe (0),1,7,void cutlass::Kernel<cutlass_80_tensorop_s1688gemm_64x64_16x6_nn_align4>(T1::Params)
16409387,3936,13029,128,2,1,64,1,1,19,0.000,0.000,,,,,NVIDIA A100 80GB PCIe (0),1,7,"void cudnn::bn_fw_inf_1C11_kernel_NCHW<float, float, (bool)1, (int)1>(T2, T2, cudnnTensorStruct, const T1 *, cudnnTensorStruct, T1 *, cudnnTensorStruct, const T2 *, const T2 *, const T2 *, const T2 *, T2)"
16421387,2240,13036,98,1,1,128,1,1,17,0.000,0.000,,,,,NVIDIA A100 80GB PCIe (0),1,7,"void at::native::vectorized_elementwise_kernel<(int)4, at::native::<unnamed>::launch_clamp_scalar(at::TensorIteratorBase &, c10::Scalar, c10::Scalar, at::native::detail::ClampLimits)::[lambda() (instance 1)]::operator ()() const::[lambda() (instance 7)]::operator ()() const::[lambda(float) (instance 1)], at::detail::Array<char *, (int)2>>(int, T2, T3)"
16448555,2880,13056,7,4,2,256,1,1,32,0.004,0.000,,,,,NVIDIA A100 80GB PCIe (0),1,7,"void cudnn::ops::nchwToNhwcKernel<float, float, float, (bool)0, (bool)1, (cudnnKernelDataType_t)2>(cudnn::ops::nchw2nhwc_params_t<T3>, const T1 *, T2 *)"
16452459,3520,13058,1,4,32,256,1,1,32,0.004,0.000,,,,,NVIDIA A100 80GB PCIe (0),1,7,"void cudnn::ops::nchwToNhwcKernel<float, float, float, (bool)0, (bool)1, (cudnnKernelDataType_t)2>(cudnn::ops::nchw2nhwc_params_t<T3>, const T1 *, T2 *)"
16458219,1120,13060,,,,,,,,,,0.000,50.000,Device,,NVIDIA A100 80GB PCIe (0),1,7,[CUDA memset]
16462219,12448,13063,1,7,2,128,1,1,117,0.000,0.124,,,,,NVIDIA A100 80GB PCIe (0),1,7,sm80_xmma_fprop_implicit_gemm_indexed_tf32f32_tf32f32_f32_nhwckrsc_nchw_tilesize64x32x64_stage5_warpsize2x2x1_g1_tensor16x8x8_alignc4_execute_kernel_cudnn_infer
16489387,4480,13076,196,12,1,128,1,1,32,0.000,0.000,,,,,NVIDIA A100 80GB PCIe (0),1,7,"void at::native::<unnamed>::CatArrayBatchedCopy_aligned16_contig<float, unsigned int, (int)4, (int)128, (int)1>(T1 *, at::native::<unnamed>::CatArrInputTensorMetadata<T1, T2, T4, T5>, at::native::<unnamed>::TensorSizeStride<T2, (unsigned int)4>, int, T2)"
16525131,4704,13115,608,2,1,64,1,1,19,0.000,0.000,,,,,NVIDIA A100 80GB PCIe (0),1,7,"void cudnn::bn_fw_inf_1C11_kernel_NCHW<float, float, (bool)1, (int)1>(T2, T2, cudnnTensorStruct, const T1 *, cudnnTensorStruct, T1 *, cudnnTensorStruct, const T2 *, const T2 *, const T2 *, const T2 *, T2)"
16537131,2784,13122,466,1,1,128,1,1,17,0.000,0.000,,,,,NVIDIA A100 80GB PCIe (0),1,7,"void at::native::vectorized_elementwise_kernel<(int)4, at::native::<unnamed>::launch_clamp_scalar(at::TensorIteratorBase &, c10::Scalar, c10::Scalar, at::native::detail::ClampLimits)::[lambda() (instance 1)]::operator ()() const::[lambda() (instance 7)]::operator ()() const::[lambda(float) (instance 1)], at::detail::Array<char *, (int)2>>(int, T2, T3)"
16570379,13312,13144,8,1,2,128,1,1,90,0.000,0.049,,,,,NVIDIA A100 80GB PCIe (0),1,7,void cutlass::Kernel<cutlass_80_tensorop_s1688gemm_64x64_16x6_nn_align4>(T1::Params)
16607787,3936,13185,128,2,1,64,1,1,19,0.000,0.000,,,,,NVIDIA A100 80GB PCIe (0),1,7,"void cudnn::bn_fw_inf_1C11_kernel_NCHW<float, float, (bool)1, (int)1>(T2, T2, cudnnTensorStruct, const T1 *, cudnnTensorStruct, T1 *, cudnnTensorStruct, const T2 *, const T2 *, const T2 *, const T2 *, T2)"
16619275,2272,13192,98,1,1,128,1,1,17,0.000,0.000,,,,,NVIDIA A100 80GB PCIe (0),1,7,"void at::native::vectorized_elementwise_kernel<(int)4, at::native::<unnamed>::launch_clamp_scalar(at::TensorIteratorBase &, c10::Scalar, c10::Scalar, at::native::detail::ClampLimits)::[lambda() (instance 1)]::operator ()() const::[lambda() (instance 7)]::operator ()() const::[lambda(float) (instance 1)], at::detail::Array<char *, (int)2>>(int, T2, T3)"
16645580,2880,13212,7,4,2,256,1,1,32,0.004,0.000,,,,,NVIDIA A100 80GB PCIe (0),1,7,"void cudnn::ops::nchwToNhwcKernel<float, float, float, (bool)0, (bool)1, (cudnnKernelDataType_t)2>(cudnn::ops::nchw2nhwc_params_t<T3>, const T1 *, T2 *)"
16649451,3585,13214,1,4,32,256,1,1,32,0.004,0.000,,,,,NVIDIA A100 80GB PCIe (0),1,7,"void cudnn::ops::nchwToNhwcKernel<float, float, float, (bool)0, (bool)1, (cudnnKernelDataType_t)2>(cudnn::ops::nchw2nhwc_params_t<T3>, const T1 *, T2 *)"
16656204,1120,13216,,,,,,,,,,0.000,50.000,Device,,NVIDIA A100 80GB PCIe (0),1,7,[CUDA memset]
16659948,12320,13219,1,7,2,128,1,1,117,0.000,0.124,,,,,NVIDIA A100 80GB PCIe (0),1,7,sm80_xmma_fprop_implicit_gemm_indexed_tf32f32_tf32f32_f32_nhwckrsc_nchw_tilesize64x32x64_stage5_warpsize2x2x1_g1_tensor16x8x8_alignc4_execute_kernel_cudnn_infer
16687532,4928,13232,196,13,1,128,1,1,32,0.000,0.000,,,,,NVIDIA A100 80GB PCIe (0),1,7,"void at::native::<unnamed>::CatArrayBatchedCopy_aligned16_contig<float, unsigned int, (int)4, (int)128, (int)1>(T1 *, at::native::<unnamed>::CatArrInputTensorMetadata<T1, T2, T4, T5>, at::native::<unnamed>::TensorSizeStride<T2, (unsigned int)4>, int, T2)"
16722508,4640,13271,640,2,1,64,1,1,19,0.000,0.000,,,,,NVIDIA A100 80GB PCIe (0),1,7,"void cudnn::bn_fw_inf_1C11_kernel_NCHW<float, float, (bool)1, (int)1>(T2, T2, cudnnTensorStruct, const T1 *, cudnnTensorStruct, T1 *, cudnnTensorStruct, const T2 *, const T2 *, const T2 *, const T2 *, T2)"
16735628,2720,13278,490,1,1,128,1,1,17,0.000,0.000,,,,,NVIDIA A100 80GB PCIe (0),1,7,"void at::native::vectorized_elementwise_kernel<(int)4, at::native::<unnamed>::launch_clamp_scalar(at::TensorIteratorBase &, c10::Scalar, c10::Scalar, at::native::detail::ClampLimits)::[lambda() (instance 1)]::operator ()() const::[lambda() (instance 7)]::operator ()() const::[lambda(float) (instance 1)], at::detail::Array<char *, (int)2>>(int, T2, T3)"
16782860,13952,13300,8,1,2,128,1,1,90,0.000,0.049,,,,,NVIDIA A100 80GB PCIe (0),1,7,void cutlass::Kernel<cutlass_80_tensorop_s1688gemm_64x64_16x6_nn_align4>(T1::Params)
16832684,3968,13341,128,2,1,64,1,1,19,0.000,0.000,,,,,NVIDIA A100 80GB PCIe (0),1,7,"void cudnn::bn_fw_inf_1C11_kernel_NCHW<float, float, (bool)1, (int)1>(T2, T2, cudnnTensorStruct, const T1 *, cudnnTensorStruct, T1 *, cudnnTensorStruct, const T2 *, const T2 *, const T2 *, const T2 *, T2)"
16843884,2240,13348,98,1,1,128,1,1,17,0.000,0.000,,,,,NVIDIA A100 80GB PCIe (0),1,7,"void at::native::vectorized_elementwise_kernel<(int)4, at::native::<unnamed>::launch_clamp_scalar(at::TensorIteratorBase &, c10::Scalar, c10::Scalar, at::native::detail::ClampLimits)::[lambda() (instance 1)]::operator ()() const::[lambda() (instance 7)]::operator ()() const::[lambda(float) (instance 1)], at::detail::Array<char *, (int)2>>(int, T2, T3)"
16874540,2880,13368,7,4,2,256,1,1,32,0.004,0.000,,,,,NVIDIA A100 80GB PCIe (0),1,7,"void cudnn::ops::nchwToNhwcKernel<float, float, float, (bool)0, (bool)1, (cudnnKernelDataType_t)2>(cudnn::ops::nchw2nhwc_params_t<T3>, const T1 *, T2 *)"
16878604,3520,13370,1,4,32,256,1,1,32,0.004,0.000,,,,,NVIDIA A100 80GB PCIe (0),1,7,"void cudnn::ops::nchwToNhwcKernel<float, float, float, (bool)0, (bool)1, (cudnnKernelDataType_t)2>(cudnn::ops::nchw2nhwc_params_t<T3>, const T1 *, T2 *)"
16885132,1024,13372,,,,,,,,,,0.000,54.687,Device,,NVIDIA A100 80GB PCIe (0),1,7,[CUDA memset]
16889324,12224,13375,1,7,2,128,1,1,117,0.000,0.124,,,,,NVIDIA A100 80GB PCIe (0),1,7,sm80_xmma_fprop_implicit_gemm_indexed_tf32f32_tf32f32_f32_nhwckrsc_nchw_tilesize64x32x64_stage5_warpsize2x2x1_g1_tensor16x8x8_alignc4_execute_kernel_cudnn_infer
16917900,4737,13388,196,14,1,128,1,1,32,0.000,0.000,,,,,NVIDIA A100 80GB PCIe (0),1,7,"void at::native::<unnamed>::CatArrayBatchedCopy_aligned16_contig<float, unsigned int, (int)4, (int)128, (int)1>(T1 *, at::native::<unnamed>::CatArrInputTensorMetadata<T1, T2, T4, T5>, at::native::<unnamed>::TensorSizeStride<T2, (unsigned int)4>, int, T2)"
16953453,4736,13427,672,2,1,64,1,1,19,0.000,0.000,,,,,NVIDIA A100 80GB PCIe (0),1,7,"void cudnn::bn_fw_inf_1C11_kernel_NCHW<float, float, (bool)1, (int)1>(T2, T2, cudnnTensorStruct, const T1 *, cudnnTensorStruct, T1 *, cudnnTensorStruct, const T2 *, const T2 *, const T2 *, const T2 *, T2)"
16966029,2784,13434,515,1,1,128,1,1,17,0.000,0.000,,,,,NVIDIA A100 80GB PCIe (0),1,7,"void at::native::vectorized_elementwise_kernel<(int)4, at::native::<unnamed>::launch_clamp_scalar(at::TensorIteratorBase &, c10::Scalar, c10::Scalar, at::native::detail::ClampLimits)::[lambda() (instance 1)]::operator ()() const::[lambda() (instance 7)]::operator ()() const::[lambda(float) (instance 1)], at::detail::Array<char *, (int)2>>(int, T2, T3)"
17001325,14304,13456,8,1,2,128,1,1,90,0.000,0.049,,,,,NVIDIA A100 80GB PCIe (0),1,7,void cutlass::Kernel<cutlass_80_tensorop_s1688gemm_64x64_16x6_nn_align4>(T1::Params)
17039501,4064,13497,128,2,1,64,1,1,19,0.000,0.000,,,,,NVIDIA A100 80GB PCIe (0),1,7,"void cudnn::bn_fw_inf_1C11_kernel_NCHW<float, float, (bool)1, (int)1>(T2, T2, cudnnTensorStruct, const T1 *, cudnnTensorStruct, T1 *, cudnnTensorStruct, const T2 *, const T2 *, const T2 *, const T2 *, T2)"
17050797,2240,13504,98,1,1,128,1,1,17,0.000,0.000,,,,,NVIDIA A100 80GB PCIe (0),1,7,"void at::native::vectorized_elementwise_kernel<(int)4, at::native::<unnamed>::launch_clamp_scalar(at::TensorIteratorBase &, c10::Scalar, c10::Scalar, at::native::detail::ClampLimits)::[lambda() (instance 1)]::operator ()() const::[lambda() (instance 7)]::operator ()() const::[lambda(float) (instance 1)], at::detail::Array<char *, (int)2>>(int, T2, T3)"
17078093,2880,13524,7,4,2,256,1,1,32,0.004,0.000,,,,,NVIDIA A100 80GB PCIe (0),1,7,"void cudnn::ops::nchwToNhwcKernel<float, float, float, (bool)0, (bool)1, (cudnnKernelDataType_t)2>(cudnn::ops::nchw2nhwc_params_t<T3>, const T1 *, T2 *)"
17082221,3616,13526,1,4,32,256,1,1,32,0.004,0.000,,,,,NVIDIA A100 80GB PCIe (0),1,7,"void cudnn::ops::nchwToNhwcKernel<float, float, float, (bool)0, (bool)1, (cudnnKernelDataType_t)2>(cudnn::ops::nchw2nhwc_params_t<T3>, const T1 *, T2 *)"
17087565,1024,13528,,,,,,,,,,0.000,54.687,Device,,NVIDIA A100 80GB PCIe (0),1,7,[CUDA memset]
17091565,12352,13531,1,7,2,128,1,1,117,0.000,0.124,,,,,NVIDIA A100 80GB PCIe (0),1,7,sm80_xmma_fprop_implicit_gemm_indexed_tf32f32_tf32f32_f32_nhwckrsc_nchw_tilesize64x32x64_stage5_warpsize2x2x1_g1_tensor16x8x8_alignc4_execute_kernel_cudnn_infer
17119437,4608,13544,196,15,1,128,1,1,32,0.000,0.000,,,,,NVIDIA A100 80GB PCIe (0),1,7,"void at::native::<unnamed>::CatArrayBatchedCopy_aligned16_contig<float, unsigned int, (int)4, (int)128, (int)1>(T1 *, at::native::<unnamed>::CatArrInputTensorMetadata<T1, T2, T4, T5>, at::native::<unnamed>::TensorSizeStride<T2, (unsigned int)4>, int, T2)"
17153293,4864,13583,704,2,1,64,1,1,19,0.000,0.000,,,,,NVIDIA A100 80GB PCIe (0),1,7,"void cudnn::bn_fw_inf_1C11_kernel_NCHW<float, float, (bool)1, (int)1>(T2, T2, cudnnTensorStruct, const T1 *, cudnnTensorStruct, T1 *, cudnnTensorStruct, const T2 *, const T2 *, const T2 *, const T2 *, T2)"
17165325,2752,13590,539,1,1,128,1,1,17,0.000,0.000,,,,,NVIDIA A100 80GB PCIe (0),1,7,"void at::native::vectorized_elementwise_kernel<(int)4, at::native::<unnamed>::launch_clamp_scalar(at::TensorIteratorBase &, c10::Scalar, c10::Scalar, at::native::detail::ClampLimits)::[lambda() (instance 1)]::operator ()() const::[lambda() (instance 7)]::operator ()() const::[lambda(float) (instance 1)], at::detail::Array<char *, (int)2>>(int, T2, T3)"
17198637,14848,13612,8,1,2,128,1,1,90,0.000,0.049,,,,,NVIDIA A100 80GB PCIe (0),1,7,void cutlass::Kernel<cutlass_80_tensorop_s1688gemm_64x64_16x6_nn_align4>(T1::Params)
17235854,3936,13653,128,2,1,64,1,1,19,0.000,0.000,,,,,NVIDIA A100 80GB PCIe (0),1,7,"void cudnn::bn_fw_inf_1C11_kernel_NCHW<float, float, (bool)1, (int)1>(T2, T2, cudnnTensorStruct, const T1 *, cudnnTensorStruct, T1 *, cudnnTensorStruct, const T2 *, const T2 *, const T2 *, const T2 *, T2)"
17247182,2239,13660,98,1,1,128,1,1,17,0.000,0.000,,,,,NVIDIA A100 80GB PCIe (0),1,7,"void at::native::vectorized_elementwise_kernel<(int)4, at::native::<unnamed>::launch_clamp_scalar(at::TensorIteratorBase &, c10::Scalar, c10::Scalar, at::native::detail::ClampLimits)::[lambda() (instance 1)]::operator ()() const::[lambda() (instance 7)]::operator ()() const::[lambda(float) (instance 1)], at::detail::Array<char *, (int)2>>(int, T2, T3)"
17273646,2880,13680,7,4,2,256,1,1,32,0.004,0.000,,,,,NVIDIA A100 80GB PCIe (0),1,7,"void cudnn::ops::nchwToNhwcKernel<float, float, float, (bool)0, (bool)1, (cudnnKernelDataType_t)2>(cudnn::ops::nchw2nhwc_params_t<T3>, const T1 *, T2 *)"
17277550,3680,13682,1,4,32,256,1,1,32,0.004,0.000,,,,,NVIDIA A100 80GB PCIe (0),1,7,"void cudnn::ops::nchwToNhwcKernel<float, float, float, (bool)0, (bool)1, (cudnnKernelDataType_t)2>(cudnn::ops::nchw2nhwc_params_t<T3>, const T1 *, T2 *)"
17283822,1120,13684,,,,,,,,,,0.000,50.000,Device,,NVIDIA A100 80GB PCIe (0),1,7,[CUDA memset]
17287854,12320,13687,1,7,2,128,1,1,117,0.000,0.124,,,,,NVIDIA A100 80GB PCIe (0),1,7,sm80_xmma_fprop_implicit_gemm_indexed_tf32f32_tf32f32_f32_nhwckrsc_nchw_tilesize64x32x64_stage5_warpsize2x2x1_g1_tensor16x8x8_alignc4_execute_kernel_cudnn_infer
17316110,4864,13700,196,16,1,128,1,1,32,0.000,0.000,,,,,NVIDIA A100 80GB PCIe (0),1,7,"void at::native::<unnamed>::CatArrayBatchedCopy_aligned16_contig<float, unsigned int, (int)4, (int)128, (int)1>(T1 *, at::native::<unnamed>::CatArrInputTensorMetadata<T1, T2, T4, T5>, at::native::<unnamed>::TensorSizeStride<T2, (unsigned int)4>, int, T2)"
17351278,5056,13739,736,2,1,64,1,1,19,0.000,0.000,,,,,NVIDIA A100 80GB PCIe (0),1,7,"void cudnn::bn_fw_inf_1C11_kernel_NCHW<float, float, (bool)1, (int)1>(T2, T2, cudnnTensorStruct, const T1 *, cudnnTensorStruct, T1 *, cudnnTensorStruct, const T2 *, const T2 *, const T2 *, const T2 *, T2)"
17363022,2752,13746,564,1,1,128,1,1,17,0.000,0.000,,,,,NVIDIA A100 80GB PCIe (0),1,7,"void at::native::vectorized_elementwise_kernel<(int)4, at::native::<unnamed>::launch_clamp_scalar(at::TensorIteratorBase &, c10::Scalar, c10::Scalar, at::native::detail::ClampLimits)::[lambda() (instance 1)]::operator ()() const::[lambda() (instance 7)]::operator ()() const::[lambda(float) (instance 1)], at::detail::Array<char *, (int)2>>(int, T2, T3)"
17397198,15360,13768,8,1,2,128,1,1,90,0.000,0.049,,,,,NVIDIA A100 80GB PCIe (0),1,7,void cutlass::Kernel<cutlass_80_tensorop_s1688gemm_64x64_16x6_nn_align4>(T1::Params)
17436206,3936,13809,128,2,1,64,1,1,19,0.000,0.000,,,,,NVIDIA A100 80GB PCIe (0),1,7,"void cudnn::bn_fw_inf_1C11_kernel_NCHW<float, float, (bool)1, (int)1>(T2, T2, cudnnTensorStruct, const T1 *, cudnnTensorStruct, T1 *, cudnnTensorStruct, const T2 *, const T2 *, const T2 *, const T2 *, T2)"
17458734,2272,13816,98,1,1,128,1,1,17,0.000,0.000,,,,,NVIDIA A100 80GB PCIe (0),1,7,"void at::native::vectorized_elementwise_kernel<(int)4, at::native::<unnamed>::launch_clamp_scalar(at::TensorIteratorBase &, c10::Scalar, c10::Scalar, at::native::detail::ClampLimits)::[lambda() (instance 1)]::operator ()() const::[lambda() (instance 7)]::operator ()() const::[lambda(float) (instance 1)], at::detail::Array<char *, (int)2>>(int, T2, T3)"
17505391,2879,13836,7,4,2,256,1,1,32,0.004,0.000,,,,,NVIDIA A100 80GB PCIe (0),1,7,"void cudnn::ops::nchwToNhwcKernel<float, float, float, (bool)0, (bool)1, (cudnnKernelDataType_t)2>(cudnn::ops::nchw2nhwc_params_t<T3>, const T1 *, T2 *)"
17512175,3615,13838,1,4,32,256,1,1,32,0.004,0.000,,,,,NVIDIA A100 80GB PCIe (0),1,7,"void cudnn::ops::nchwToNhwcKernel<float, float, float, (bool)0, (bool)1, (cudnnKernelDataType_t)2>(cudnn::ops::nchw2nhwc_params_t<T3>, const T1 *, T2 *)"
17525711,1152,13840,,,,,,,,,,0.000,48.611,Device,,NVIDIA A100 80GB PCIe (0),1,7,[CUDA memset]
17531054,12097,13843,1,7,2,128,1,1,117,0.000,0.124,,,,,NVIDIA A100 80GB PCIe (0),1,7,sm80_xmma_fprop_implicit_gemm_indexed_tf32f32_tf32f32_f32_nhwckrsc_nchw_tilesize64x32x64_stage5_warpsize2x2x1_g1_tensor16x8x8_alignc4_execute_kernel_cudnn_infer
17577103,4864,13856,196,17,1,128,1,1,32,0.000,0.000,,,,,NVIDIA A100 80GB PCIe (0),1,7,"void at::native::<unnamed>::CatArrayBatchedCopy_aligned16_contig<float, unsigned int, (int)4, (int)128, (int)1>(T1 *, at::native::<unnamed>::CatArrInputTensorMetadata<T1, T2, T4, T5>, at::native::<unnamed>::TensorSizeStride<T2, (unsigned int)4>, int, T2)"
17637167,4896,13895,768,2,1,64,1,1,19,0.000,0.000,,,,,NVIDIA A100 80GB PCIe (0),1,7,"void cudnn::bn_fw_inf_1C11_kernel_NCHW<float, float, (bool)1, (int)1>(T2, T2, cudnnTensorStruct, const T1 *, cudnnTensorStruct, T1 *, cudnnTensorStruct, const T2 *, const T2 *, const T2 *, const T2 *, T2)"
17654895,2784,13902,588,1,1,128,1,1,17,0.000,0.000,,,,,NVIDIA A100 80GB PCIe (0),1,7,"void at::native::vectorized_elementwise_kernel<(int)4, at::native::<unnamed>::launch_clamp_scalar(at::TensorIteratorBase &, c10::Scalar, c10::Scalar, at::native::detail::ClampLimits)::[lambda() (instance 1)]::operator ()() const::[lambda() (instance 7)]::operator ()() const::[lambda(float) (instance 1)], at::detail::Array<char *, (int)2>>(int, T2, T3)"
17701071,15776,13924,8,1,2,128,1,1,90,0.000,0.049,,,,,NVIDIA A100 80GB PCIe (0),1,7,void cutlass::Kernel<cutlass_80_tensorop_s1688gemm_64x64_16x6_nn_align4>(T1::Params)
17748336,3967,13965,128,2,1,64,1,1,19,0.000,0.000,,,,,NVIDIA A100 80GB PCIe (0),1,7,"void cudnn::bn_fw_inf_1C11_kernel_NCHW<float, float, (bool)1, (int)1>(T2, T2, cudnnTensorStruct, const T1 *, cudnnTensorStruct, T1 *, cudnnTensorStruct, const T2 *, const T2 *, const T2 *, const T2 *, T2)"
17762639,2272,13972,98,1,1,128,1,1,17,0.000,0.000,,,,,NVIDIA A100 80GB PCIe (0),1,7,"void at::native::vectorized_elementwise_kernel<(int)4, at::native::<unnamed>::launch_clamp_scalar(at::TensorIteratorBase &, c10::Scalar, c10::Scalar, at::native::detail::ClampLimits)::[lambda() (instance 1)]::operator ()() const::[lambda() (instance 7)]::operator ()() const::[lambda(float) (instance 1)], at::detail::Array<char *, (int)2>>(int, T2, T3)"
17792816,2880,13992,7,4,2,256,1,1,32,0.004,0.000,,,,,NVIDIA A100 80GB PCIe (0),1,7,"void cudnn::ops::nchwToNhwcKernel<float, float, float, (bool)0, (bool)1, (cudnnKernelDataType_t)2>(cudnn::ops::nchw2nhwc_params_t<T3>, const T1 *, T2 *)"
17796687,3521,13994,1,4,32,256,1,1,32,0.004,0.000,,,,,NVIDIA A100 80GB PCIe (0),1,7,"void cudnn::ops::nchwToNhwcKernel<float, float, float, (bool)0, (bool)1, (cudnnKernelDataType_t)2>(cudnn::ops::nchw2nhwc_params_t<T3>, const T1 *, T2 *)"
17804272,1120,13996,,,,,,,,,,0.000,50.000,Device,,NVIDIA A100 80GB PCIe (0),1,7,[CUDA memset]
17808751,12193,13999,1,7,2,128,1,1,117,0.000,0.124,,,,,NVIDIA A100 80GB PCIe (0),1,7,sm80_xmma_fprop_implicit_gemm_indexed_tf32f32_tf32f32_f32_nhwckrsc_nchw_tilesize64x32x64_stage5_warpsize2x2x1_g1_tensor16x8x8_alignc4_execute_kernel_cudnn_infer
17840912,5184,14012,196,18,1,128,1,1,32,0.000,0.000,,,,,NVIDIA A100 80GB PCIe (0),1,7,"void at::native::<unnamed>::CatArrayBatchedCopy_aligned16_contig<float, unsigned int, (int)4, (int)128, (int)1>(T1 *, at::native::<unnamed>::CatArrInputTensorMetadata<T1, T2, T4, T5>, at::native::<unnamed>::TensorSizeStride<T2, (unsigned int)4>, int, T2)"
17877680,5088,14051,800,2,1,64,1,1,19,0.000,0.000,,,,,NVIDIA A100 80GB PCIe (0),1,7,"void cudnn::bn_fw_inf_1C11_kernel_NCHW<float, float, (bool)1, (int)1>(T2, T2, cudnnTensorStruct, const T1 *, cudnnTensorStruct, T1 *, cudnnTensorStruct, const T2 *, const T2 *, const T2 *, const T2 *, T2)"
17896144,2848,14058,613,1,1,128,1,1,17,0.000,0.000,,,,,NVIDIA A100 80GB PCIe (0),1,7,"void at::native::vectorized_elementwise_kernel<(int)4, at::native::<unnamed>::launch_clamp_scalar(at::TensorIteratorBase &, c10::Scalar, c10::Scalar, at::native::detail::ClampLimits)::[lambda() (instance 1)]::operator ()() const::[lambda() (instance 7)]::operator ()() const::[lambda(float) (instance 1)], at::detail::Array<char *, (int)2>>(int, T2, T3)"
17931440,16352,14080,8,1,2,128,1,1,90,0.000,0.049,,,,,NVIDIA A100 80GB PCIe (0),1,7,void cutlass::Kernel<cutlass_80_tensorop_s1688gemm_64x64_16x6_nn_align4>(T1::Params)
17970096,3936,14121,128,2,1,64,1,1,19,0.000,0.000,,,,,NVIDIA A100 80GB PCIe (0),1,7,"void cudnn::bn_fw_inf_1C11_kernel_NCHW<float, float, (bool)1, (int)1>(T2, T2, cudnnTensorStruct, const T1 *, cudnnTensorStruct, T1 *, cudnnTensorStruct, const T2 *, const T2 *, const T2 *, const T2 *, T2)"
17981968,2272,14128,98,1,1,128,1,1,17,0.000,0.000,,,,,NVIDIA A100 80GB PCIe (0),1,7,"void at::native::vectorized_elementwise_kernel<(int)4, at::native::<unnamed>::launch_clamp_scalar(at::TensorIteratorBase &, c10::Scalar, c10::Scalar, at::native::detail::ClampLimits)::[lambda() (instance 1)]::operator ()() const::[lambda() (instance 7)]::operator ()() const::[lambda(float) (instance 1)], at::detail::Array<char *, (int)2>>(int, T2, T3)"
18008976,2880,14148,7,4,2,256,1,1,32,0.004,0.000,,,,,NVIDIA A100 80GB PCIe (0),1,7,"void cudnn::ops::nchwToNhwcKernel<float, float, float, (bool)0, (bool)1, (cudnnKernelDataType_t)2>(cudnn::ops::nchw2nhwc_params_t<T3>, const T1 *, T2 *)"
18012976,3616,14150,1,4,32,256,1,1,32,0.004,0.000,,,,,NVIDIA A100 80GB PCIe (0),1,7,"void cudnn::ops::nchwToNhwcKernel<float, float, float, (bool)0, (bool)1, (cudnnKernelDataType_t)2>(cudnn::ops::nchw2nhwc_params_t<T3>, const T1 *, T2 *)"
18019280,1056,14152,,,,,,,,,,0.000,53.030,Device,,NVIDIA A100 80GB PCIe (0),1,7,[CUDA memset]
18023056,12064,14155,1,7,2,128,1,1,117,0.000,0.124,,,,,NVIDIA A100 80GB PCIe (0),1,7,sm80_xmma_fprop_implicit_gemm_indexed_tf32f32_tf32f32_f32_nhwckrsc_nchw_tilesize64x32x64_stage5_warpsize2x2x1_g1_tensor16x8x8_alignc4_execute_kernel_cudnn_infer
18053361,5120,14168,196,19,1,128,1,1,32,0.000,0.000,,,,,NVIDIA A100 80GB PCIe (0),1,7,"void at::native::<unnamed>::CatArrayBatchedCopy_aligned16_contig<float, unsigned int, (int)4, (int)128, (int)1>(T1 *, at::native::<unnamed>::CatArrInputTensorMetadata<T1, T2, T4, T5>, at::native::<unnamed>::TensorSizeStride<T2, (unsigned int)4>, int, T2)"
18089041,5248,14207,832,2,1,64,1,1,19,0.000,0.000,,,,,NVIDIA A100 80GB PCIe (0),1,7,"void cudnn::bn_fw_inf_1C11_kernel_NCHW<float, float, (bool)1, (int)1>(T2, T2, cudnnTensorStruct, const T1 *, cudnnTensorStruct, T1 *, cudnnTensorStruct, const T2 *, const T2 *, const T2 *, const T2 *, T2)"
18100689,2880,14214,637,1,1,128,1,1,17,0.000,0.000,,,,,NVIDIA A100 80GB PCIe (0),1,7,"void at::native::vectorized_elementwise_kernel<(int)4, at::native::<unnamed>::launch_clamp_scalar(at::TensorIteratorBase &, c10::Scalar, c10::Scalar, at::native::detail::ClampLimits)::[lambda() (instance 1)]::operator ()() const::[lambda() (instance 7)]::operator ()() const::[lambda(float) (instance 1)], at::detail::Array<char *, (int)2>>(int, T2, T3)"
18136849,16704,14236,8,1,2,128,1,1,90,0.000,0.049,,,,,NVIDIA A100 80GB PCIe (0),1,7,void cutlass::Kernel<cutlass_80_tensorop_s1688gemm_64x64_16x6_nn_align4>(T1::Params)
18175537,3936,14277,128,2,1,64,1,1,19,0.000,0.000,,,,,NVIDIA A100 80GB PCIe (0),1,7,"void cudnn::bn_fw_inf_1C11_kernel_NCHW<float, float, (bool)1, (int)1>(T2, T2, cudnnTensorStruct, const T1 *, cudnnTensorStruct, T1 *, cudnnTensorStruct, const T2 *, const T2 *, const T2 *, const T2 *, T2)"
18187505,2272,14284,98,1,1,128,1,1,17,0.000,0.000,,,,,NVIDIA A100 80GB PCIe (0),1,7,"void at::native::vectorized_elementwise_kernel<(int)4, at::native::<unnamed>::launch_clamp_scalar(at::TensorIteratorBase &, c10::Scalar, c10::Scalar, at::native::detail::ClampLimits)::[lambda() (instance 1)]::operator ()() const::[lambda() (instance 7)]::operator ()() const::[lambda(float) (instance 1)], at::detail::Array<char *, (int)2>>(int, T2, T3)"
18215377,2880,14304,7,4,2,256,1,1,32,0.004,0.000,,,,,NVIDIA A100 80GB PCIe (0),1,7,"void cudnn::ops::nchwToNhwcKernel<float, float, float, (bool)0, (bool)1, (cudnnKernelDataType_t)2>(cudnn::ops::nchw2nhwc_params_t<T3>, const T1 *, T2 *)"
18219441,3744,14306,1,4,32,256,1,1,32,0.004,0.000,,,,,NVIDIA A100 80GB PCIe (0),1,7,"void cudnn::ops::nchwToNhwcKernel<float, float, float, (bool)0, (bool)1, (cudnnKernelDataType_t)2>(cudnn::ops::nchw2nhwc_params_t<T3>, const T1 *, T2 *)"
18225393,1120,14308,,,,,,,,,,0.000,50.000,Device,,NVIDIA A100 80GB PCIe (0),1,7,[CUDA memset]
18229617,12224,14311,1,7,2,128,1,1,117,0.000,0.124,,,,,NVIDIA A100 80GB PCIe (0),1,7,sm80_xmma_fprop_implicit_gemm_indexed_tf32f32_tf32f32_f32_nhwckrsc_nchw_tilesize64x32x64_stage5_warpsize2x2x1_g1_tensor16x8x8_alignc4_execute_kernel_cudnn_infer
18260049,5472,14324,196,20,1,128,1,1,32,0.000,0.000,,,,,NVIDIA A100 80GB PCIe (0),1,7,"void at::native::<unnamed>::CatArrayBatchedCopy_aligned16_contig<float, unsigned int, (int)4, (int)128, (int)1>(T1 *, at::native::<unnamed>::CatArrInputTensorMetadata<T1, T2, T4, T5>, at::native::<unnamed>::TensorSizeStride<T2, (unsigned int)4>, int, T2)"
18302033,5056,14363,864,2,1,64,1,1,19,0.000,0.000,,,,,NVIDIA A100 80GB PCIe (0),1,7,"void cudnn::bn_fw_inf_1C11_kernel_NCHW<float, float, (bool)1, (int)1>(T2, T2, cudnnTensorStruct, const T1 *, cudnnTensorStruct, T1 *, cudnnTensorStruct, const T2 *, const T2 *, const T2 *, const T2 *, T2)"
18314449,2944,14370,662,1,1,128,1,1,17,0.000,0.000,,,,,NVIDIA A100 80GB PCIe (0),1,7,"void at::native::vectorized_elementwise_kernel<(int)4, at::native::<unnamed>::launch_clamp_scalar(at::TensorIteratorBase &, c10::Scalar, c10::Scalar, at::native::detail::ClampLimits)::[lambda() (instance 1)]::operator ()() const::[lambda() (instance 7)]::operator ()() const::[lambda(float) (instance 1)], at::detail::Array<char *, (int)2>>(int, T2, T3)"
18348146,17280,14392,8,1,2,128,1,1,90,0.000,0.049,,,,,NVIDIA A100 80GB PCIe (0),1,7,void cutlass::Kernel<cutlass_80_tensorop_s1688gemm_64x64_16x6_nn_align4>(T1::Params)
18385618,4000,14433,128,2,1,64,1,1,19,0.000,0.000,,,,,NVIDIA A100 80GB PCIe (0),1,7,"void cudnn::bn_fw_inf_1C11_kernel_NCHW<float, float, (bool)1, (int)1>(T2, T2, cudnnTensorStruct, const T1 *, cudnnTensorStruct, T1 *, cudnnTensorStruct, const T2 *, const T2 *, const T2 *, const T2 *, T2)"
18397266,2240,14440,98,1,1,128,1,1,17,0.000,0.000,,,,,NVIDIA A100 80GB PCIe (0),1,7,"void at::native::vectorized_elementwise_kernel<(int)4, at::native::<unnamed>::launch_clamp_scalar(at::TensorIteratorBase &, c10::Scalar, c10::Scalar, at::native::detail::ClampLimits)::[lambda() (instance 1)]::operator ()() const::[lambda() (instance 7)]::operator ()() const::[lambda(float) (instance 1)], at::detail::Array<char *, (int)2>>(int, T2, T3)"
18424338,2880,14460,7,4,2,256,1,1,32,0.004,0.000,,,,,NVIDIA A100 80GB PCIe (0),1,7,"void cudnn::ops::nchwToNhwcKernel<float, float, float, (bool)0, (bool)1, (cudnnKernelDataType_t)2>(cudnn::ops::nchw2nhwc_params_t<T3>, const T1 *, T2 *)"
18428402,3520,14462,1,4,32,256,1,1,32,0.004,0.000,,,,,NVIDIA A100 80GB PCIe (0),1,7,"void cudnn::ops::nchwToNhwcKernel<float, float, float, (bool)0, (bool)1, (cudnnKernelDataType_t)2>(cudnn::ops::nchw2nhwc_params_t<T3>, const T1 *, T2 *)"
18434706,1152,14464,,,,,,,,,,0.000,48.611,Device,,NVIDIA A100 80GB PCIe (0),1,7,[CUDA memset]
18438770,11968,14467,1,7,2,128,1,1,117,0.000,0.124,,,,,NVIDIA A100 80GB PCIe (0),1,7,sm80_xmma_fprop_implicit_gemm_indexed_tf32f32_tf32f32_f32_nhwckrsc_nchw_tilesize64x32x64_stage5_warpsize2x2x1_g1_tensor16x8x8_alignc4_execute_kernel_cudnn_infer
18468946,5408,14480,196,21,1,128,1,1,32,0.000,0.000,,,,,NVIDIA A100 80GB PCIe (0),1,7,"void at::native::<unnamed>::CatArrayBatchedCopy_aligned16_contig<float, unsigned int, (int)4, (int)128, (int)1>(T1 *, at::native::<unnamed>::CatArrInputTensorMetadata<T1, T2, T4, T5>, at::native::<unnamed>::TensorSizeStride<T2, (unsigned int)4>, int, T2)"
18503570,5120,14519,896,2,1,64,1,1,19,0.000,0.000,,,,,NVIDIA A100 80GB PCIe (0),1,7,"void cudnn::bn_fw_inf_1C11_kernel_NCHW<float, float, (bool)1, (int)1>(T2, T2, cudnnTensorStruct, const T1 *, cudnnTensorStruct, T1 *, cudnnTensorStruct, const T2 *, const T2 *, const T2 *, const T2 *, T2)"
18515506,2912,14526,686,1,1,128,1,1,17,0.000,0.000,,,,,NVIDIA A100 80GB PCIe (0),1,7,"void at::native::vectorized_elementwise_kernel<(int)4, at::native::<unnamed>::launch_clamp_scalar(at::TensorIteratorBase &, c10::Scalar, c10::Scalar, at::native::detail::ClampLimits)::[lambda() (instance 1)]::operator ()() const::[lambda() (instance 7)]::operator ()() const::[lambda(float) (instance 1)], at::detail::Array<char *, (int)2>>(int, T2, T3)"
18548402,17696,14548,8,1,2,128,1,1,90,0.000,0.049,,,,,NVIDIA A100 80GB PCIe (0),1,7,void cutlass::Kernel<cutlass_80_tensorop_s1688gemm_64x64_16x6_nn_align4>(T1::Params)
18584882,3968,14589,128,2,1,64,1,1,19,0.000,0.000,,,,,NVIDIA A100 80GB PCIe (0),1,7,"void cudnn::bn_fw_inf_1C11_kernel_NCHW<float, float, (bool)1, (int)1>(T2, T2, cudnnTensorStruct, const T1 *, cudnnTensorStruct, T1 *, cudnnTensorStruct, const T2 *, const T2 *, const T2 *, const T2 *, T2)"
18596018,2272,14596,98,1,1,128,1,1,17,0.000,0.000,,,,,NVIDIA A100 80GB PCIe (0),1,7,"void at::native::vectorized_elementwise_kernel<(int)4, at::native::<unnamed>::launch_clamp_scalar(at::TensorIteratorBase &, c10::Scalar, c10::Scalar, at::native::detail::ClampLimits)::[lambda() (instance 1)]::operator ()() const::[lambda() (instance 7)]::operator ()() const::[lambda(float) (instance 1)], at::detail::Array<char *, (int)2>>(int, T2, T3)"
18626003,2911,14616,7,4,2,256,1,1,32,0.004,0.000,,,,,NVIDIA A100 80GB PCIe (0),1,7,"void cudnn::ops::nchwToNhwcKernel<float, float, float, (bool)0, (bool)1, (cudnnKernelDataType_t)2>(cudnn::ops::nchw2nhwc_params_t<T3>, const T1 *, T2 *)"
18630098,3617,14618,1,4,32,256,1,1,32,0.004,0.000,,,,,NVIDIA A100 80GB PCIe (0),1,7,"void cudnn::ops::nchwToNhwcKernel<float, float, float, (bool)0, (bool)1, (cudnnKernelDataType_t)2>(cudnn::ops::nchw2nhwc_params_t<T3>, const T1 *, T2 *)"
18636179,1023,14620,,,,,,,,,,0.000,54.741,Device,,NVIDIA A100 80GB PCIe (0),1,7,[CUDA memset]
18640274,12321,14623,1,7,2,128,1,1,117,0.000,0.124,,,,,NVIDIA A100 80GB PCIe (0),1,7,sm80_xmma_fprop_implicit_gemm_indexed_tf32f32_tf32f32_f32_nhwckrsc_nchw_tilesize64x32x64_stage5_warpsize2x2x1_g1_tensor16x8x8_alignc4_execute_kernel_cudnn_infer
18671827,5151,14636,196,22,1,128,1,1,32,0.000,0.000,,,,,NVIDIA A100 80GB PCIe (0),1,7,"void at::native::<unnamed>::CatArrayBatchedCopy_aligned16_contig<float, unsigned int, (int)4, (int)128, (int)1>(T1 *, at::native::<unnamed>::CatArrInputTensorMetadata<T1, T2, T4, T5>, at::native::<unnamed>::TensorSizeStride<T2, (unsigned int)4>, int, T2)"
18708339,5216,14675,928,2,1,64,1,1,19,0.000,0.000,,,,,NVIDIA A100 80GB PCIe (0),1,7,"void cudnn::bn_fw_inf_1C11_kernel_NCHW<float, float, (bool)1, (int)1>(T2, T2, cudnnTensorStruct, const T1 *, cudnnTensorStruct, T1 *, cudnnTensorStruct, const T2 *, const T2 *, const T2 *, const T2 *, T2)"
18721267,2848,14682,711,1,1,128,1,1,17,0.000,0.000,,,,,NVIDIA A100 80GB PCIe (0),1,7,"void at::native::vectorized_elementwise_kernel<(int)4, at::native::<unnamed>::launch_clamp_scalar(at::TensorIteratorBase &, c10::Scalar, c10::Scalar, at::native::detail::ClampLimits)::[lambda() (instance 1)]::operator ()() const::[lambda() (instance 7)]::operator ()() const::[lambda(float) (instance 1)], at::detail::Array<char *, (int)2>>(int, T2, T3)"
18755635,18240,14704,8,1,2,128,1,1,90,0.000,0.049,,,,,NVIDIA A100 80GB PCIe (0),1,7,void cutlass::Kernel<cutlass_80_tensorop_s1688gemm_64x64_16x6_nn_align4>(T1::Params)
18792243,3904,14745,128,2,1,64,1,1,19,0.000,0.000,,,,,NVIDIA A100 80GB PCIe (0),1,7,"void cudnn::bn_fw_inf_1C11_kernel_NCHW<float, float, (bool)1, (int)1>(T2, T2, cudnnTensorStruct, const T1 *, cudnnTensorStruct, T1 *, cudnnTensorStruct, const T2 *, const T2 *, const T2 *, const T2 *, T2)"
18803251,2272,14752,98,1,1,128,1,1,17,0.000,0.000,,,,,NVIDIA A100 80GB PCIe (0),1,7,"void at::native::vectorized_elementwise_kernel<(int)4, at::native::<unnamed>::launch_clamp_scalar(at::TensorIteratorBase &, c10::Scalar, c10::Scalar, at::native::detail::ClampLimits)::[lambda() (instance 1)]::operator ()() const::[lambda() (instance 7)]::operator ()() const::[lambda(float) (instance 1)], at::detail::Array<char *, (int)2>>(int, T2, T3)"
18830355,2848,14772,7,4,2,256,1,1,32,0.004,0.000,,,,,NVIDIA A100 80GB PCIe (0),1,7,"void cudnn::ops::nchwToNhwcKernel<float, float, float, (bool)0, (bool)1, (cudnnKernelDataType_t)2>(cudnn::ops::nchw2nhwc_params_t<T3>, const T1 *, T2 *)"
18834515,3584,14774,1,4,32,256,1,1,32,0.004,0.000,,,,,NVIDIA A100 80GB PCIe (0),1,7,"void cudnn::ops::nchwToNhwcKernel<float, float, float, (bool)0, (bool)1, (cudnnKernelDataType_t)2>(cudnn::ops::nchw2nhwc_params_t<T3>, const T1 *, T2 *)"
18840307,1024,14776,,,,,,,,,,0.000,54.687,Device,,NVIDIA A100 80GB PCIe (0),1,7,[CUDA memset]
18844115,12352,14779,1,7,2,128,1,1,117,0.000,0.124,,,,,NVIDIA A100 80GB PCIe (0),1,7,sm80_xmma_fprop_implicit_gemm_indexed_tf32f32_tf32f32_f32_nhwckrsc_nchw_tilesize64x32x64_stage5_warpsize2x2x1_g1_tensor16x8x8_alignc4_execute_kernel_cudnn_infer
18875507,5536,14792,196,23,1,128,1,1,32,0.000,0.000,,,,,NVIDIA A100 80GB PCIe (0),1,7,"void at::native::<unnamed>::CatArrayBatchedCopy_aligned16_contig<float, unsigned int, (int)4, (int)128, (int)1>(T1 *, at::native::<unnamed>::CatArrInputTensorMetadata<T1, T2, T4, T5>, at::native::<unnamed>::TensorSizeStride<T2, (unsigned int)4>, int, T2)"
18910323,5216,14831,960,2,1,64,1,1,19,0.000,0.000,,,,,NVIDIA A100 80GB PCIe (0),1,7,"void cudnn::bn_fw_inf_1C11_kernel_NCHW<float, float, (bool)1, (int)1>(T2, T2, cudnnTensorStruct, const T1 *, cudnnTensorStruct, T1 *, cudnnTensorStruct, const T2 *, const T2 *, const T2 *, const T2 *, T2)"
18922323,2945,14838,735,1,1,128,1,1,17,0.000,0.000,,,,,NVIDIA A100 80GB PCIe (0),1,7,"void at::native::vectorized_elementwise_kernel<(int)4, at::native::<unnamed>::launch_clamp_scalar(at::TensorIteratorBase &, c10::Scalar, c10::Scalar, at::native::detail::ClampLimits)::[lambda() (instance 1)]::operator ()() const::[lambda() (instance 7)]::operator ()() const::[lambda(float) (instance 1)], at::detail::Array<char *, (int)2>>(int, T2, T3)"
18954580,18816,14860,8,1,2,128,1,1,90,0.000,0.049,,,,,NVIDIA A100 80GB PCIe (0),1,7,void cutlass::Kernel<cutlass_80_tensorop_s1688gemm_64x64_16x6_nn_align4>(T1::Params)
18991540,3936,14901,128,2,1,64,1,1,19,0.000,0.000,,,,,NVIDIA A100 80GB PCIe (0),1,7,"void cudnn::bn_fw_inf_1C11_kernel_NCHW<float, float, (bool)1, (int)1>(T2, T2, cudnnTensorStruct, const T1 *, cudnnTensorStruct, T1 *, cudnnTensorStruct, const T2 *, const T2 *, const T2 *, const T2 *, T2)"
19002932,2272,14908,98,1,1,128,1,1,17,0.000,0.000,,,,,NVIDIA A100 80GB PCIe (0),1,7,"void at::native::vectorized_elementwise_kernel<(int)4, at::native::<unnamed>::launch_clamp_scalar(at::TensorIteratorBase &, c10::Scalar, c10::Scalar, at::native::detail::ClampLimits)::[lambda() (instance 1)]::operator ()() const::[lambda() (instance 7)]::operator ()() const::[lambda(float) (instance 1)], at::detail::Array<char *, (int)2>>(int, T2, T3)"
19029844,2880,14928,7,4,2,256,1,1,32,0.004,0.000,,,,,NVIDIA A100 80GB PCIe (0),1,7,"void cudnn::ops::nchwToNhwcKernel<float, float, float, (bool)0, (bool)1, (cudnnKernelDataType_t)2>(cudnn::ops::nchw2nhwc_params_t<T3>, const T1 *, T2 *)"
19033876,3712,14930,1,4,32,256,1,1,32,0.004,0.000,,,,,NVIDIA A100 80GB PCIe (0),1,7,"void cudnn::ops::nchwToNhwcKernel<float, float, float, (bool)0, (bool)1, (cudnnKernelDataType_t)2>(cudnn::ops::nchw2nhwc_params_t<T3>, const T1 *, T2 *)"
19040020,1120,14932,,,,,,,,,,0.000,50.000,Device,,NVIDIA A100 80GB PCIe (0),1,7,[CUDA memset]
19043956,12352,14935,1,7,2,128,1,1,117,0.000,0.124,,,,,NVIDIA A100 80GB PCIe (0),1,7,sm80_xmma_fprop_implicit_gemm_indexed_tf32f32_tf32f32_f32_nhwckrsc_nchw_tilesize64x32x64_stage5_warpsize2x2x1_g1_tensor16x8x8_alignc4_execute_kernel_cudnn_infer
19075572,5600,14948,196,24,1,128,1,1,32,0.000,0.000,,,,,NVIDIA A100 80GB PCIe (0),1,7,"void at::native::<unnamed>::CatArrayBatchedCopy_aligned16_contig<float, unsigned int, (int)4, (int)128, (int)1>(T1 *, at::native::<unnamed>::CatArrInputTensorMetadata<T1, T2, T4, T5>, at::native::<unnamed>::TensorSizeStride<T2, (unsigned int)4>, int, T2)"
19110804,5568,14987,992,2,1,64,1,1,19,0.000,0.000,,,,,NVIDIA A100 80GB PCIe (0),1,7,"void cudnn::bn_fw_inf_1C11_kernel_NCHW<float, float, (bool)1, (int)1>(T2, T2, cudnnTensorStruct, const T1 *, cudnnTensorStruct, T1 *, cudnnTensorStruct, const T2 *, const T2 *, const T2 *, const T2 *, T2)"
19123124,2976,14994,760,1,1,128,1,1,17,0.000,0.000,,,,,NVIDIA A100 80GB PCIe (0),1,7,"void at::native::vectorized_elementwise_kernel<(int)4, at::native::<unnamed>::launch_clamp_scalar(at::TensorIteratorBase &, c10::Scalar, c10::Scalar, at::native::detail::ClampLimits)::[lambda() (instance 1)]::operator ()() const::[lambda() (instance 7)]::operator ()() const::[lambda(float) (instance 1)], at::detail::Array<char *, (int)2>>(int, T2, T3)"
19156756,19360,15016,8,1,2,128,1,1,90,0.000,0.049,,,,,NVIDIA A100 80GB PCIe (0),1,7,void cutlass::Kernel<cutlass_80_tensorop_s1688gemm_64x64_16x6_nn_align4>(T1::Params)
19194229,3967,15057,128,2,1,64,1,1,19,0.000,0.000,,,,,NVIDIA A100 80GB PCIe (0),1,7,"void cudnn::bn_fw_inf_1C11_kernel_NCHW<float, float, (bool)1, (int)1>(T2, T2, cudnnTensorStruct, const T1 *, cudnnTensorStruct, T1 *, cudnnTensorStruct, const T2 *, const T2 *, const T2 *, const T2 *, T2)"
19205525,2271,15064,98,1,1,128,1,1,17,0.000,0.000,,,,,NVIDIA A100 80GB PCIe (0),1,7,"void at::native::vectorized_elementwise_kernel<(int)4, at::native::<unnamed>::launch_clamp_scalar(at::TensorIteratorBase &, c10::Scalar, c10::Scalar, at::native::detail::ClampLimits)::[lambda() (instance 1)]::operator ()() const::[lambda() (instance 7)]::operator ()() const::[lambda(float) (instance 1)], at::detail::Array<char *, (int)2>>(int, T2, T3)"
19232277,2847,15084,7,4,2,256,1,1,32,0.004,0.000,,,,,NVIDIA A100 80GB PCIe (0),1,7,"void cudnn::ops::nchwToNhwcKernel<float, float, float, (bool)0, (bool)1, (cudnnKernelDataType_t)2>(cudnn::ops::nchw2nhwc_params_t<T3>, const T1 *, T2 *)"
19236149,3872,15086,1,4,32,256,1,1,32,0.004,0.000,,,,,NVIDIA A100 80GB PCIe (0),1,7,"void cudnn::ops::nchwToNhwcKernel<float, float, float, (bool)0, (bool)1, (cudnnKernelDataType_t)2>(cudnn::ops::nchw2nhwc_params_t<T3>, const T1 *, T2 *)"
19242485,1152,15088,,,,,,,,,,0.000,48.611,Device,,NVIDIA A100 80GB PCIe (0),1,7,[CUDA memset]
19246229,12128,15091,1,7,2,128,1,1,117,0.000,0.124,,,,,NVIDIA A100 80GB PCIe (0),1,7,sm80_xmma_fprop_implicit_gemm_indexed_tf32f32_tf32f32_f32_nhwckrsc_nchw_tilesize64x32x64_stage5_warpsize2x2x1_g1_tensor16x8x8_alignc4_execute_kernel_cudnn_infer
19278453,5568,15104,196,25,1,128,1,1,32,0.000,0.000,,,,,NVIDIA A100 80GB PCIe (0),1,7,"void at::native::<unnamed>::CatArrayBatchedCopy_aligned16_contig<float, unsigned int, (int)4, (int)128, (int)1>(T1 *, at::native::<unnamed>::CatArrInputTensorMetadata<T1, T2, T4, T5>, at::native::<unnamed>::TensorSizeStride<T2, (unsigned int)4>, int, T2)"
19314261,5376,15143,1024,2,1,64,1,1,19,0.000,0.000,,,,,NVIDIA A100 80GB PCIe (0),1,7,"void cudnn::bn_fw_inf_1C11_kernel_NCHW<float, float, (bool)1, (int)1>(T2, T2, cudnnTensorStruct, const T1 *, cudnnTensorStruct, T1 *, cudnnTensorStruct, const T2 *, const T2 *, const T2 *, const T2 *, T2)"
19326101,2944,15150,784,1,1,128,1,1,17,0.000,0.000,,,,,NVIDIA A100 80GB PCIe (0),1,7,"void at::native::vectorized_elementwise_kernel<(int)4, at::native::<unnamed>::launch_clamp_scalar(at::TensorIteratorBase &, c10::Scalar, c10::Scalar, at::native::detail::ClampLimits)::[lambda() (instance 1)]::operator ()() const::[lambda() (instance 7)]::operator ()() const::[lambda(float) (instance 1)], at::detail::Array<char *, (int)2>>(int, T2, T3)"
19359669,19648,15172,8,1,2,128,1,1,90,0.000,0.049,,,,,NVIDIA A100 80GB PCIe (0),1,7,void cutlass::Kernel<cutlass_80_tensorop_s1688gemm_64x64_16x6_nn_align4>(T1::Params)
19397045,3936,15213,128,2,1,64,1,1,19,0.000,0.000,,,,,NVIDIA A100 80GB PCIe (0),1,7,"void cudnn::bn_fw_inf_1C11_kernel_NCHW<float, float, (bool)1, (int)1>(T2, T2, cudnnTensorStruct, const T1 *, cudnnTensorStruct, T1 *, cudnnTensorStruct, const T2 *, const T2 *, const T2 *, const T2 *, T2)"
19407925,2240,15220,98,1,1,128,1,1,17,0.000,0.000,,,,,NVIDIA A100 80GB PCIe (0),1,7,"void at::native::vectorized_elementwise_kernel<(int)4, at::native::<unnamed>::launch_clamp_scalar(at::TensorIteratorBase &, c10::Scalar, c10::Scalar, at::native::detail::ClampLimits)::[lambda() (instance 1)]::operator ()() const::[lambda() (instance 7)]::operator ()() const::[lambda(float) (instance 1)], at::detail::Array<char *, (int)2>>(int, T2, T3)"
19434069,2880,15240,7,4,2,256,1,1,32,0.004,0.000,,,,,NVIDIA A100 80GB PCIe (0),1,7,"void cudnn::ops::nchwToNhwcKernel<float, float, float, (bool)0, (bool)1, (cudnnKernelDataType_t)2>(cudnn::ops::nchw2nhwc_params_t<T3>, const T1 *, T2 *)"
19438101,3680,15242,1,4,32,256,1,1,32,0.004,0.000,,,,,NVIDIA A100 80GB PCIe (0),1,7,"void cudnn::ops::nchwToNhwcKernel<float, float, float, (bool)0, (bool)1, (cudnnKernelDataType_t)2>(cudnn::ops::nchw2nhwc_params_t<T3>, const T1 *, T2 *)"
19444118,1151,15244,,,,,,,,,,0.000,48.653,Device,,NVIDIA A100 80GB PCIe (0),1,7,[CUDA memset]
19448341,12128,15247,1,7,2,128,1,1,117,0.000,0.124,,,,,NVIDIA A100 80GB PCIe (0),1,7,sm80_xmma_fprop_implicit_gemm_indexed_tf32f32_tf32f32_f32_nhwckrsc_nchw_tilesize64x32x64_stage5_warpsize2x2x1_g1_tensor16x8x8_alignc4_execute_kernel_cudnn_infer
19488213,5793,15260,196,26,1,128,1,1,32,0.000,0.000,,,,,NVIDIA A100 80GB PCIe (0),1,7,"void at::native::<unnamed>::CatArrayBatchedCopy_aligned16_contig<float, unsigned int, (int)4, (int)128, (int)1>(T1 *, at::native::<unnamed>::CatArrInputTensorMetadata<T1, T2, T4, T5>, at::native::<unnamed>::TensorSizeStride<T2, (unsigned int)4>, int, T2)"
19523446,5536,15299,1056,2,1,64,1,1,19,0.000,0.000,,,,,NVIDIA A100 80GB PCIe (0),1,7,"void cudnn::bn_fw_inf_1C11_kernel_NCHW<float, float, (bool)1, (int)1>(T2, T2, cudnnTensorStruct, const T1 *, cudnnTensorStruct, T1 *, cudnnTensorStruct, const T2 *, const T2 *, const T2 *, const T2 *, T2)"
19536246,2976,15306,809,1,1,128,1,1,17,0.000,0.000,,,,,NVIDIA A100 80GB PCIe (0),1,7,"void at::native::vectorized_elementwise_kernel<(int)4, at::native::<unnamed>::launch_clamp_scalar(at::TensorIteratorBase &, c10::Scalar, c10::Scalar, at::native::detail::ClampLimits)::[lambda() (instance 1)]::operator ()() const::[lambda() (instance 7)]::operator ()() const::[lambda(float) (instance 1)], at::detail::Array<char *, (int)2>>(int, T2, T3)"
19574262,20288,15328,8,1,2,128,1,1,90,0.000,0.049,,,,,NVIDIA A100 80GB PCIe (0),1,7,void cutlass::Kernel<cutlass_80_tensorop_s1688gemm_64x64_16x6_nn_align4>(T1::Params)
19614806,3904,15369,128,2,1,64,1,1,19,0.000,0.000,,,,,NVIDIA A100 80GB PCIe (0),1,7,"void cudnn::bn_fw_inf_1C11_kernel_NCHW<float, float, (bool)1, (int)1>(T2, T2, cudnnTensorStruct, const T1 *, cudnnTensorStruct, T1 *, cudnnTensorStruct, const T2 *, const T2 *, const T2 *, const T2 *, T2)"
19626326,2272,15376,98,1,1,128,1,1,17,0.000,0.000,,,,,NVIDIA A100 80GB PCIe (0),1,7,"void at::native::vectorized_elementwise_kernel<(int)4, at::native::<unnamed>::launch_clamp_scalar(at::TensorIteratorBase &, c10::Scalar, c10::Scalar, at::native::detail::ClampLimits)::[lambda() (instance 1)]::operator ()() const::[lambda() (instance 7)]::operator ()() const::[lambda(float) (instance 1)], at::detail::Array<char *, (int)2>>(int, T2, T3)"
19654070,2848,15396,7,4,2,256,1,1,32,0.004,0.000,,,,,NVIDIA A100 80GB PCIe (0),1,7,"void cudnn::ops::nchwToNhwcKernel<float, float, float, (bool)0, (bool)1, (cudnnKernelDataType_t)2>(cudnn::ops::nchw2nhwc_params_t<T3>, const T1 *, T2 *)"
19658134,3680,15398,1,4,32,256,1,1,32,0.004,0.000,,,,,NVIDIA A100 80GB PCIe (0),1,7,"void cudnn::ops::nchwToNhwcKernel<float, float, float, (bool)0, (bool)1, (cudnnKernelDataType_t)2>(cudnn::ops::nchw2nhwc_params_t<T3>, const T1 *, T2 *)"
19664278,1056,15400,,,,,,,,,,0.000,53.030,Device,,NVIDIA A100 80GB PCIe (0),1,7,[CUDA memset]
19668246,12256,15403,1,7,2,128,1,1,117,0.000,0.124,,,,,NVIDIA A100 80GB PCIe (0),1,7,sm80_xmma_fprop_implicit_gemm_indexed_tf32f32_tf32f32_f32_nhwckrsc_nchw_tilesize64x32x64_stage5_warpsize2x2x1_g1_tensor16x8x8_alignc4_execute_kernel_cudnn_infer
19701174,5824,15416,196,27,1,128,1,1,32,0.000,0.000,,,,,NVIDIA A100 80GB PCIe (0),1,7,"void at::native::<unnamed>::CatArrayBatchedCopy_aligned16_contig<float, unsigned int, (int)4, (int)128, (int)1>(T1 *, at::native::<unnamed>::CatArrInputTensorMetadata<T1, T2, T4, T5>, at::native::<unnamed>::TensorSizeStride<T2, (unsigned int)4>, int, T2)"
19737142,5504,15455,1088,2,1,64,1,1,19,0.000,0.000,,,,,NVIDIA A100 80GB PCIe (0),1,7,"void cudnn::bn_fw_inf_1C11_kernel_NCHW<float, float, (bool)1, (int)1>(T2, T2, cudnnTensorStruct, const T1 *, cudnnTensorStruct, T1 *, cudnnTensorStruct, const T2 *, const T2 *, const T2 *, const T2 *, T2)"
19748982,3072,15462,833,1,1,128,1,1,17,0.000,0.000,,,,,NVIDIA A100 80GB PCIe (0),1,7,"void at::native::vectorized_elementwise_kernel<(int)4, at::native::<unnamed>::launch_clamp_scalar(at::TensorIteratorBase &, c10::Scalar, c10::Scalar, at::native::detail::ClampLimits)::[lambda() (instance 1)]::operator ()() const::[lambda() (instance 7)]::operator ()() const::[lambda(float) (instance 1)], at::detail::Array<char *, (int)2>>(int, T2, T3)"
19782135,20768,15484,8,1,2,128,1,1,90,0.000,0.049,,,,,NVIDIA A100 80GB PCIe (0),1,7,void cutlass::Kernel<cutlass_80_tensorop_s1688gemm_64x64_16x6_nn_align4>(T1::Params)
19819895,3904,15525,128,2,1,64,1,1,19,0.000,0.000,,,,,NVIDIA A100 80GB PCIe (0),1,7,"void cudnn::bn_fw_inf_1C11_kernel_NCHW<float, float, (bool)1, (int)1>(T2, T2, cudnnTensorStruct, const T1 *, cudnnTensorStruct, T1 *, cudnnTensorStruct, const T2 *, const T2 *, const T2 *, const T2 *, T2)"
19830903,2240,15532,98,1,1,128,1,1,17,0.000,0.000,,,,,NVIDIA A100 80GB PCIe (0),1,7,"void at::native::vectorized_elementwise_kernel<(int)4, at::native::<unnamed>::launch_clamp_scalar(at::TensorIteratorBase &, c10::Scalar, c10::Scalar, at::native::detail::ClampLimits)::[lambda() (instance 1)]::operator ()() const::[lambda() (instance 7)]::operator ()() const::[lambda(float) (instance 1)], at::detail::Array<char *, (int)2>>(int, T2, T3)"
19856695,2880,15552,7,4,2,256,1,1,32,0.004,0.000,,,,,NVIDIA A100 80GB PCIe (0),1,7,"void cudnn::ops::nchwToNhwcKernel<float, float, float, (bool)0, (bool)1, (cudnnKernelDataType_t)2>(cudnn::ops::nchw2nhwc_params_t<T3>, const T1 *, T2 *)"
19860759,3520,15554,1,4,32,256,1,1,32,0.004,0.000,,,,,NVIDIA A100 80GB PCIe (0),1,7,"void cudnn::ops::nchwToNhwcKernel<float, float, float, (bool)0, (bool)1, (cudnnKernelDataType_t)2>(cudnn::ops::nchw2nhwc_params_t<T3>, const T1 *, T2 *)"
19866743,1056,15556,,,,,,,,,,0.000,53.030,Device,,NVIDIA A100 80GB PCIe (0),1,7,[CUDA memset]
19870647,12192,15559,1,7,2,128,1,1,117,0.000,0.124,,,,,NVIDIA A100 80GB PCIe (0),1,7,sm80_xmma_fprop_implicit_gemm_indexed_tf32f32_tf32f32_f32_nhwckrsc_nchw_tilesize64x32x64_stage5_warpsize2x2x1_g1_tensor16x8x8_alignc4_execute_kernel_cudnn_infer
19903511,5984,15572,196,28,1,128,1,1,32,0.000,0.000,,,,,NVIDIA A100 80GB PCIe (0),1,7,"void at::native::<unnamed>::CatArrayBatchedCopy_aligned16_contig<float, unsigned int, (int)4, (int)128, (int)1>(T1 *, at::native::<unnamed>::CatArrInputTensorMetadata<T1, T2, T4, T5>, at::native::<unnamed>::TensorSizeStride<T2, (unsigned int)4>, int, T2)"
19938775,5504,15611,1120,2,1,64,1,1,19,0.000,0.000,,,,,NVIDIA A100 80GB PCIe (0),1,7,"void cudnn::bn_fw_inf_1C11_kernel_NCHW<float, float, (bool)1, (int)1>(T2, T2, cudnnTensorStruct, const T1 *, cudnnTensorStruct, T1 *, cudnnTensorStruct, const T2 *, const T2 *, const T2 *, const T2 *, T2)"
19950615,3040,15618,858,1,1,128,1,1,17,0.000,0.000,,,,,NVIDIA A100 80GB PCIe (0),1,7,"void at::native::vectorized_elementwise_kernel<(int)4, at::native::<unnamed>::launch_clamp_scalar(at::TensorIteratorBase &, c10::Scalar, c10::Scalar, at::native::detail::ClampLimits)::[lambda() (instance 1)]::operator ()() const::[lambda() (instance 7)]::operator ()() const::[lambda(float) (instance 1)], at::detail::Array<char *, (int)2>>(int, T2, T3)"
19983383,21248,15640,8,1,2,128,1,1,90,0.000,0.049,,,,,NVIDIA A100 80GB PCIe (0),1,7,void cutlass::Kernel<cutlass_80_tensorop_s1688gemm_64x64_16x6_nn_align4>(T1::Params)
20020375,3904,15681,128,2,1,64,1,1,19,0.000,0.000,,,,,NVIDIA A100 80GB PCIe (0),1,7,"void cudnn::bn_fw_inf_1C11_kernel_NCHW<float, float, (bool)1, (int)1>(T2, T2, cudnnTensorStruct, const T1 *, cudnnTensorStruct, T1 *, cudnnTensorStruct, const T2 *, const T2 *, const T2 *, const T2 *, T2)"
20031767,2272,15688,98,1,1,128,1,1,17,0.000,0.000,,,,,NVIDIA A100 80GB PCIe (0),1,7,"void at::native::vectorized_elementwise_kernel<(int)4, at::native::<unnamed>::launch_clamp_scalar(at::TensorIteratorBase &, c10::Scalar, c10::Scalar, at::native::detail::ClampLimits)::[lambda() (instance 1)]::operator ()() const::[lambda() (instance 7)]::operator ()() const::[lambda(float) (instance 1)], at::detail::Array<char *, (int)2>>(int, T2, T3)"
20057816,2879,15708,7,4,2,256,1,1,32,0.004,0.000,,,,,NVIDIA A100 80GB PCIe (0),1,7,"void cudnn::ops::nchwToNhwcKernel<float, float, float, (bool)0, (bool)1, (cudnnKernelDataType_t)2>(cudnn::ops::nchw2nhwc_params_t<T3>, const T1 *, T2 *)"
20061848,3519,15710,1,4,32,256,1,1,32,0.004,0.000,,,,,NVIDIA A100 80GB PCIe (0),1,7,"void cudnn::ops::nchwToNhwcKernel<float, float, float, (bool)0, (bool)1, (cudnnKernelDataType_t)2>(cudnn::ops::nchw2nhwc_params_t<T3>, const T1 *, T2 *)"
20067608,1056,15712,,,,,,,,,,0.000,53.030,Device,,NVIDIA A100 80GB PCIe (0),1,7,[CUDA memset]
20071320,12096,15715,1,7,2,128,1,1,117,0.000,0.124,,,,,NVIDIA A100 80GB PCIe (0),1,7,sm80_xmma_fprop_implicit_gemm_indexed_tf32f32_tf32f32_f32_nhwckrsc_nchw_tilesize64x32x64_stage5_warpsize2x2x1_g1_tensor16x8x8_alignc4_execute_kernel_cudnn_infer
20104920,6016,15728,196,29,1,128,1,1,32,0.000,0.000,,,,,NVIDIA A100 80GB PCIe (0),1,7,"void at::native::<unnamed>::CatArrayBatchedCopy_aligned16_contig<float, unsigned int, (int)4, (int)128, (int)1>(T1 *, at::native::<unnamed>::CatArrInputTensorMetadata<T1, T2, T4, T5>, at::native::<unnamed>::TensorSizeStride<T2, (unsigned int)4>, int, T2)"
20140504,5536,15767,1152,2,1,64,1,1,19,0.000,0.000,,,,,NVIDIA A100 80GB PCIe (0),1,7,"void cudnn::bn_fw_inf_1C11_kernel_NCHW<float, float, (bool)1, (int)1>(T2, T2, cudnnTensorStruct, const T1 *, cudnnTensorStruct, T1 *, cudnnTensorStruct, const T2 *, const T2 *, const T2 *, const T2 *, T2)"
20152536,3136,15774,882,1,1,128,1,1,17,0.000,0.000,,,,,NVIDIA A100 80GB PCIe (0),1,7,"void at::native::vectorized_elementwise_kernel<(int)4, at::native::<unnamed>::launch_clamp_scalar(at::TensorIteratorBase &, c10::Scalar, c10::Scalar, at::native::detail::ClampLimits)::[lambda() (instance 1)]::operator ()() const::[lambda() (instance 7)]::operator ()() const::[lambda(float) (instance 1)], at::detail::Array<char *, (int)2>>(int, T2, T3)"
20185976,21792,15796,8,1,2,128,1,1,90,0.000,0.049,,,,,NVIDIA A100 80GB PCIe (0),1,7,void cutlass::Kernel<cutlass_80_tensorop_s1688gemm_64x64_16x6_nn_align4>(T1::Params)
20224216,3936,15837,128,2,1,64,1,1,19,0.000,0.000,,,,,NVIDIA A100 80GB PCIe (0),1,7,"void cudnn::bn_fw_inf_1C11_kernel_NCHW<float, float, (bool)1, (int)1>(T2, T2, cudnnTensorStruct, const T1 *, cudnnTensorStruct, T1 *, cudnnTensorStruct, const T2 *, const T2 *, const T2 *, const T2 *, T2)"
20235224,2240,15844,98,1,1,128,1,1,17,0.000,0.000,,,,,NVIDIA A100 80GB PCIe (0),1,7,"void at::native::vectorized_elementwise_kernel<(int)4, at::native::<unnamed>::launch_clamp_scalar(at::TensorIteratorBase &, c10::Scalar, c10::Scalar, at::native::detail::ClampLimits)::[lambda() (instance 1)]::operator ()() const::[lambda() (instance 7)]::operator ()() const::[lambda(float) (instance 1)], at::detail::Array<char *, (int)2>>(int, T2, T3)"
20264696,2880,15864,7,4,2,256,1,1,32,0.004,0.000,,,,,NVIDIA A100 80GB PCIe (0),1,7,"void cudnn::ops::nchwToNhwcKernel<float, float, float, (bool)0, (bool)1, (cudnnKernelDataType_t)2>(cudnn::ops::nchw2nhwc_params_t<T3>, const T1 *, T2 *)"
20268568,3552,15866,1,4,32,256,1,1,32,0.004,0.000,,,,,NVIDIA A100 80GB PCIe (0),1,7,"void cudnn::ops::nchwToNhwcKernel<float, float, float, (bool)0, (bool)1, (cudnnKernelDataType_t)2>(cudnn::ops::nchw2nhwc_params_t<T3>, const T1 *, T2 *)"
20275064,1024,15868,,,,,,,,,,0.000,54.687,Device,,NVIDIA A100 80GB PCIe (0),1,7,[CUDA memset]
20279224,12320,15871,1,7,2,128,1,1,117,0.000,0.124,,,,,NVIDIA A100 80GB PCIe (0),1,7,sm80_xmma_fprop_implicit_gemm_indexed_tf32f32_tf32f32_f32_nhwckrsc_nchw_tilesize64x32x64_stage5_warpsize2x2x1_g1_tensor16x8x8_alignc4_execute_kernel_cudnn_infer
20314104,6112,15884,196,30,1,128,1,1,32,0.000,0.000,,,,,NVIDIA A100 80GB PCIe (0),1,7,"void at::native::<unnamed>::CatArrayBatchedCopy_aligned16_contig<float, unsigned int, (int)4, (int)128, (int)1>(T1 *, at::native::<unnamed>::CatArrInputTensorMetadata<T1, T2, T4, T5>, at::native::<unnamed>::TensorSizeStride<T2, (unsigned int)4>, int, T2)"
20349880,5760,15923,1184,2,1,64,1,1,19,0.000,0.000,,,,,NVIDIA A100 80GB PCIe (0),1,7,"void cudnn::bn_fw_inf_1C11_kernel_NCHW<float, float, (bool)1, (int)1>(T2, T2, cudnnTensorStruct, const T1 *, cudnnTensorStruct, T1 *, cudnnTensorStruct, const T2 *, const T2 *, const T2 *, const T2 *, T2)"
20362233,3072,15930,907,1,1,128,1,1,17,0.000,0.000,,,,,NVIDIA A100 80GB PCIe (0),1,7,"void at::native::vectorized_elementwise_kernel<(int)4, at::native::<unnamed>::launch_clamp_scalar(at::TensorIteratorBase &, c10::Scalar, c10::Scalar, at::native::detail::ClampLimits)::[lambda() (instance 1)]::operator ()() const::[lambda() (instance 7)]::operator ()() const::[lambda(float) (instance 1)], at::detail::Array<char *, (int)2>>(int, T2, T3)"
20395225,22208,15952,8,1,2,128,1,1,90,0.000,0.049,,,,,NVIDIA A100 80GB PCIe (0),1,7,void cutlass::Kernel<cutlass_80_tensorop_s1688gemm_64x64_16x6_nn_align4>(T1::Params)
20433337,3936,15993,128,2,1,64,1,1,19,0.000,0.000,,,,,NVIDIA A100 80GB PCIe (0),1,7,"void cudnn::bn_fw_inf_1C11_kernel_NCHW<float, float, (bool)1, (int)1>(T2, T2, cudnnTensorStruct, const T1 *, cudnnTensorStruct, T1 *, cudnnTensorStruct, const T2 *, const T2 *, const T2 *, const T2 *, T2)"
20444345,2272,16000,98,1,1,128,1,1,17,0.000,0.000,,,,,NVIDIA A100 80GB PCIe (0),1,7,"void at::native::vectorized_elementwise_kernel<(int)4, at::native::<unnamed>::launch_clamp_scalar(at::TensorIteratorBase &, c10::Scalar, c10::Scalar, at::native::detail::ClampLimits)::[lambda() (instance 1)]::operator ()() const::[lambda() (instance 7)]::operator ()() const::[lambda(float) (instance 1)], at::detail::Array<char *, (int)2>>(int, T2, T3)"
20475321,2880,16020,7,4,2,256,1,1,32,0.004,0.000,,,,,NVIDIA A100 80GB PCIe (0),1,7,"void cudnn::ops::nchwToNhwcKernel<float, float, float, (bool)0, (bool)1, (cudnnKernelDataType_t)2>(cudnn::ops::nchw2nhwc_params_t<T3>, const T1 *, T2 *)"
20481529,3520,16022,1,4,32,256,1,1,32,0.004,0.000,,,,,NVIDIA A100 80GB PCIe (0),1,7,"void cudnn::ops::nchwToNhwcKernel<float, float, float, (bool)0, (bool)1, (cudnnKernelDataType_t)2>(cudnn::ops::nchw2nhwc_params_t<T3>, const T1 *, T2 *)"
20489241,992,16024,,,,,,,,,,0.000,56.452,Device,,NVIDIA A100 80GB PCIe (0),1,7,[CUDA memset]
20494681,12320,16027,1,7,2,128,1,1,117,0.000,0.124,,,,,NVIDIA A100 80GB PCIe (0),1,7,sm80_xmma_fprop_implicit_gemm_indexed_tf32f32_tf32f32_f32_nhwckrsc_nchw_tilesize64x32x64_stage5_warpsize2x2x1_g1_tensor16x8x8_alignc4_execute_kernel_cudnn_infer
20543833,6208,16040,196,31,1,128,1,1,32,0.000,0.000,,,,,NVIDIA A100 80GB PCIe (0),1,7,"void at::native::<unnamed>::CatArrayBatchedCopy_aligned16_contig<float, unsigned int, (int)4, (int)128, (int)1>(T1 *, at::native::<unnamed>::CatArrInputTensorMetadata<T1, T2, T4, T5>, at::native::<unnamed>::TensorSizeStride<T2, (unsigned int)4>, int, T2)"
20599705,5728,16079,1216,2,1,64,1,1,19,0.000,0.000,,,,,NVIDIA A100 80GB PCIe (0),1,7,"void cudnn::bn_fw_inf_1C11_kernel_NCHW<float, float, (bool)1, (int)1>(T2, T2, cudnnTensorStruct, const T1 *, cudnnTensorStruct, T1 *, cudnnTensorStruct, const T2 *, const T2 *, const T2 *, const T2 *, T2)"
20620249,3136,16086,931,1,1,128,1,1,17,0.000,0.000,,,,,NVIDIA A100 80GB PCIe (0),1,7,"void at::native::vectorized_elementwise_kernel<(int)4, at::native::<unnamed>::launch_clamp_scalar(at::TensorIteratorBase &, c10::Scalar, c10::Scalar, at::native::detail::ClampLimits)::[lambda() (instance 1)]::operator ()() const::[lambda() (instance 7)]::operator ()() const::[lambda(float) (instance 1)], at::detail::Array<char *, (int)2>>(int, T2, T3)"
20691834,22624,16108,8,1,2,128,1,1,90,0.000,0.049,,,,,NVIDIA A100 80GB PCIe (0),1,7,void cutlass::Kernel<cutlass_80_tensorop_s1688gemm_64x64_16x6_nn_align4>(T1::Params)
20741658,3936,16149,128,2,1,64,1,1,19,0.000,0.000,,,,,NVIDIA A100 80GB PCIe (0),1,7,"void cudnn::bn_fw_inf_1C11_kernel_NCHW<float, float, (bool)1, (int)1>(T2, T2, cudnnTensorStruct, const T1 *, cudnnTensorStruct, T1 *, cudnnTensorStruct, const T2 *, const T2 *, const T2 *, const T2 *, T2)"
20756890,2240,16156,98,1,1,128,1,1,17,0.000,0.000,,,,,NVIDIA A100 80GB PCIe (0),1,7,"void at::native::vectorized_elementwise_kernel<(int)4, at::native::<unnamed>::launch_clamp_scalar(at::TensorIteratorBase &, c10::Scalar, c10::Scalar, at::native::detail::ClampLimits)::[lambda() (instance 1)]::operator ()() const::[lambda() (instance 7)]::operator ()() const::[lambda(float) (instance 1)], at::detail::Array<char *, (int)2>>(int, T2, T3)"
20787610,2912,16176,7,4,2,256,1,1,32,0.004,0.000,,,,,NVIDIA A100 80GB PCIe (0),1,7,"void cudnn::ops::nchwToNhwcKernel<float, float, float, (bool)0, (bool)1, (cudnnKernelDataType_t)2>(cudnn::ops::nchw2nhwc_params_t<T3>, const T1 *, T2 *)"
20791674,3648,16178,1,4,32,256,1,1,32,0.004,0.000,,,,,NVIDIA A100 80GB PCIe (0),1,7,"void cudnn::ops::nchwToNhwcKernel<float, float, float, (bool)0, (bool)1, (cudnnKernelDataType_t)2>(cudnn::ops::nchw2nhwc_params_t<T3>, const T1 *, T2 *)"
20799450,1024,16180,,,,,,,,,,0.000,54.687,Device,,NVIDIA A100 80GB PCIe (0),1,7,[CUDA memset]
20803930,12288,16183,1,7,2,128,1,1,117,0.000,0.124,,,,,NVIDIA A100 80GB PCIe (0),1,7,sm80_xmma_fprop_implicit_gemm_indexed_tf32f32_tf32f32_f32_nhwckrsc_nchw_tilesize64x32x64_stage5_warpsize2x2x1_g1_tensor16x8x8_alignc4_execute_kernel_cudnn_infer
20842650,6336,16196,196,32,1,128,1,1,32,0.000,0.000,,,,,NVIDIA A100 80GB PCIe (0),1,7,"void at::native::<unnamed>::CatArrayBatchedCopy_aligned16_contig<float, unsigned int, (int)4, (int)128, (int)1>(T1 *, at::native::<unnamed>::CatArrInputTensorMetadata<T1, T2, T4, T5>, at::native::<unnamed>::TensorSizeStride<T2, (unsigned int)4>, int, T2)"
20881306,5792,16235,1248,2,1,64,1,1,19,0.000,0.000,,,,,NVIDIA A100 80GB PCIe (0),1,7,"void cudnn::bn_fw_inf_1C11_kernel_NCHW<float, float, (bool)1, (int)1>(T2, T2, cudnnTensorStruct, const T1 *, cudnnTensorStruct, T1 *, cudnnTensorStruct, const T2 *, const T2 *, const T2 *, const T2 *, T2)"
20895450,3136,16242,956,1,1,128,1,1,17,0.000,0.000,,,,,NVIDIA A100 80GB PCIe (0),1,7,"void at::native::vectorized_elementwise_kernel<(int)4, at::native::<unnamed>::launch_clamp_scalar(at::TensorIteratorBase &, c10::Scalar, c10::Scalar, at::native::detail::ClampLimits)::[lambda() (instance 1)]::operator ()() const::[lambda() (instance 7)]::operator ()() const::[lambda(float) (instance 1)], at::detail::Array<char *, (int)2>>(int, T2, T3)"
20932059,23200,16264,8,1,2,128,1,1,90,0.000,0.049,,,,,NVIDIA A100 80GB PCIe (0),1,7,void cutlass::Kernel<cutlass_80_tensorop_s1688gemm_64x64_16x6_nn_align4>(T1::Params)
20972251,3904,16305,128,2,1,64,1,1,19,0.000,0.000,,,,,NVIDIA A100 80GB PCIe (0),1,7,"void cudnn::bn_fw_inf_1C11_kernel_NCHW<float, float, (bool)1, (int)1>(T2, T2, cudnnTensorStruct, const T1 *, cudnnTensorStruct, T1 *, cudnnTensorStruct, const T2 *, const T2 *, const T2 *, const T2 *, T2)"
20984987,2272,16312,98,1,1,128,1,1,17,0.000,0.000,,,,,NVIDIA A100 80GB PCIe (0),1,7,"void at::native::vectorized_elementwise_kernel<(int)4, at::native::<unnamed>::launch_clamp_scalar(at::TensorIteratorBase &, c10::Scalar, c10::Scalar, at::native::detail::ClampLimits)::[lambda() (instance 1)]::operator ()() const::[lambda() (instance 7)]::operator ()() const::[lambda(float) (instance 1)], at::detail::Array<char *, (int)2>>(int, T2, T3)"
21017659,2848,16332,7,4,2,256,1,1,32,0.004,0.000,,,,,NVIDIA A100 80GB PCIe (0),1,7,"void cudnn::ops::nchwToNhwcKernel<float, float, float, (bool)0, (bool)1, (cudnnKernelDataType_t)2>(cudnn::ops::nchw2nhwc_params_t<T3>, const T1 *, T2 *)"
21021787,3552,16334,1,4,32,256,1,1,32,0.004,0.000,,,,,NVIDIA A100 80GB PCIe (0),1,7,"void cudnn::ops::nchwToNhwcKernel<float, float, float, (bool)0, (bool)1, (cudnnKernelDataType_t)2>(cudnn::ops::nchw2nhwc_params_t<T3>, const T1 *, T2 *)"
21029115,1024,16336,,,,,,,,,,0.000,54.687,Device,,NVIDIA A100 80GB PCIe (0),1,7,[CUDA memset]
21033275,12288,16339,1,7,2,128,1,1,117,0.000,0.124,,,,,NVIDIA A100 80GB PCIe (0),1,7,sm80_xmma_fprop_implicit_gemm_indexed_tf32f32_tf32f32_f32_nhwckrsc_nchw_tilesize64x32x64_stage5_warpsize2x2x1_g1_tensor16x8x8_alignc4_execute_kernel_cudnn_infer
21068379,6560,16352,196,33,1,128,1,1,32,0.000,0.000,,,,,NVIDIA A100 80GB PCIe (0),1,7,"void at::native::<unnamed>::CatArrayBatchedCopy_aligned16_contig<float, unsigned int, (int)4, (int)128, (int)1>(T1 *, at::native::<unnamed>::CatArrInputTensorMetadata<T1, T2, T4, T5>, at::native::<unnamed>::TensorSizeStride<T2, (unsigned int)4>, int, T2)"
21128507,5888,16391,1280,2,1,64,1,1,19,0.000,0.000,,,,,NVIDIA A100 80GB PCIe (0),1,7,"void cudnn::bn_fw_inf_1C11_kernel_NCHW<float, float, (bool)1, (int)1>(T2, T2, cudnnTensorStruct, const T1 *, cudnnTensorStruct, T1 *, cudnnTensorStruct, const T2 *, const T2 *, const T2 *, const T2 *, T2)"
21142491,3200,16398,980,1,1,128,1,1,17,0.000,0.000,,,,,NVIDIA A100 80GB PCIe (0),1,7,"void at::native::vectorized_elementwise_kernel<(int)4, at::native::<unnamed>::launch_clamp_scalar(at::TensorIteratorBase &, c10::Scalar, c10::Scalar, at::native::detail::ClampLimits)::[lambda() (instance 1)]::operator ()() const::[lambda() (instance 7)]::operator ()() const::[lambda(float) (instance 1)], at::detail::Array<char *, (int)2>>(int, T2, T3)"
21180476,24415,16420,40,1,2,128,1,1,90,0.000,0.049,,,,,NVIDIA A100 80GB PCIe (0),1,7,void cutlass::Kernel<cutlass_80_tensorop_s1688gemm_64x64_16x6_nn_align4>(T1::Params)
21205916,4320,16433,62,1,1,1024,1,1,40,0.000,0.000,,,,,NVIDIA A100 80GB PCIe (0),1,7,"void at::native::<unnamed>::avg_pool2d_out_cuda_frame<float, float>(int, const T1 *, long, long, long, long, int, int, int, int, int, int, int, T1 *, int, bool, bool)"
21232988,2240,16443,,,,,,,,,,0.251,111999.857,Device,Device,NVIDIA A100 80GB PCIe (0),1,7,[CUDA memcpy Device-to-Device]
21273532,4000,16484,640,2,1,64,1,1,19,0.000,0.000,,,,,NVIDIA A100 80GB PCIe (0),1,7,"void cudnn::bn_fw_inf_1C11_kernel_NCHW<float, float, (bool)1, (int)1>(T2, T2, cudnnTensorStruct, const T1 *, cudnnTensorStruct, T1 *, cudnnTensorStruct, const T2 *, const T2 *, const T2 *, const T2 *, T2)"
21286108,2304,16491,123,1,1,128,1,1,17,0.000,0.000,,,,,NVIDIA A100 80GB PCIe (0),1,7,"void at::native::vectorized_elementwise_kernel<(int)4, at::native::<unnamed>::launch_clamp_scalar(at::TensorIteratorBase &, c10::Scalar, c10::Scalar, at::native::detail::ClampLimits)::[lambda() (instance 1)]::operator ()() const::[lambda() (instance 7)]::operator ()() const::[lambda(float) (instance 1)], at::detail::Array<char *, (int)2>>(int, T2, T3)"
21325052,24928,16513,2,1,2,128,1,1,96,0.000,0.049,,,,,NVIDIA A100 80GB PCIe (0),1,7,void cutlass::Kernel<cutlass_80_tensorop_s1688gemm_64x64_16x6_nn_align1>(T1::Params)
21364860,3008,16554,128,2,1,64,1,1,19,0.000,0.000,,,,,NVIDIA A100 80GB PCIe (0),1,7,"void cudnn::bn_fw_inf_1C11_kernel_NCHW<float, float, (bool)1, (int)1>(T2, T2, cudnnTensorStruct, const T1 *, cudnnTensorStruct, T1 *, cudnnTensorStruct, const T2 *, const T2 *, const T2 *, const T2 *, T2)"
21376572,2080,16561,25,1,1,128,1,1,17,0.000,0.000,,,,,NVIDIA A100 80GB PCIe (0),1,7,"void at::native::vectorized_elementwise_kernel<(int)4, at::native::<unnamed>::launch_clamp_scalar(at::TensorIteratorBase &, c10::Scalar, c10::Scalar, at::native::detail::ClampLimits)::[lambda() (instance 1)]::operator ()() const::[lambda() (instance 7)]::operator ()() const::[lambda(float) (instance 1)], at::detail::Array<char *, (int)2>>(int, T2, T3)"
21405788,2976,16581,2,4,2,256,1,1,32,0.004,0.000,,,,,NVIDIA A100 80GB PCIe (0),1,7,"void cudnn::ops::nchwToNhwcKernel<float, float, float, (bool)0, (bool)1, (cudnnKernelDataType_t)2>(cudnn::ops::nchw2nhwc_params_t<T3>, const T1 *, T2 *)"
21409820,3616,16583,1,4,32,256,1,1,32,0.004,0.000,,,,,NVIDIA A100 80GB PCIe (0),1,7,"void cudnn::ops::nchwToNhwcKernel<float, float, float, (bool)0, (bool)1, (cudnnKernelDataType_t)2>(cudnn::ops::nchw2nhwc_params_t<T3>, const T1 *, T2 *)"
21418492,13600,16587,1,2,1,128,1,1,120,0.000,0.123,,,,,NVIDIA A100 80GB PCIe (0),1,7,sm80_xmma_fprop_implicit_gemm_tf32f32_tf32f32_f32_nhwckrsc_nchw_tilesize64x32x64_stage5_warpsize2x2x1_g1_tensor16x8x8_alignc4_execute_kernel_cudnn_infer
21442236,3616,16600,123,2,1,128,1,1,32,0.000,0.000,,,,,NVIDIA A100 80GB PCIe (0),1,7,"void at::native::<unnamed>::CatArrayBatchedCopy_aligned16_contig<float, unsigned int, (int)4, (int)128, (int)1>(T1 *, at::native::<unnamed>::CatArrInputTensorMetadata<T1, T2, T4, T5>, at::native::<unnamed>::TensorSizeStride<T2, (unsigned int)4>, int, T2)"
21484925,3936,16639,672,2,1,64,1,1,19,0.000,0.000,,,,,NVIDIA A100 80GB PCIe (0),1,7,"void cudnn::bn_fw_inf_1C11_kernel_NCHW<float, float, (bool)1, (int)1>(T2, T2, cudnnTensorStruct, const T1 *, cudnnTensorStruct, T1 *, cudnnTensorStruct, const T2 *, const T2 *, const T2 *, const T2 *, T2)"
21497597,2304,16646,129,1,1,128,1,1,17,0.000,0.000,,,,,NVIDIA A100 80GB PCIe (0),1,7,"void at::native::vectorized_elementwise_kernel<(int)4, at::native::<unnamed>::launch_clamp_scalar(at::TensorIteratorBase &, c10::Scalar, c10::Scalar, at::native::detail::ClampLimits)::[lambda() (instance 1)]::operator ()() const::[lambda() (instance 7)]::operator ()() const::[lambda(float) (instance 1)], at::detail::Array<char *, (int)2>>(int, T2, T3)"
21532509,24480,16668,2,1,2,128,1,1,96,0.000,0.049,,,,,NVIDIA A100 80GB PCIe (0),1,7,void cutlass::Kernel<cutlass_80_tensorop_s1688gemm_64x64_16x6_nn_align1>(T1::Params)
21578141,3040,16709,128,2,1,64,1,1,19,0.000,0.000,,,,,NVIDIA A100 80GB PCIe (0),1,7,"void cudnn::bn_fw_inf_1C11_kernel_NCHW<float, float, (bool)1, (int)1>(T2, T2, cudnnTensorStruct, const T1 *, cudnnTensorStruct, T1 *, cudnnTensorStruct, const T2 *, const T2 *, const T2 *, const T2 *, T2)"
21589469,2048,16716,25,1,1,128,1,1,17,0.000,0.000,,,,,NVIDIA A100 80GB PCIe (0),1,7,"void at::native::vectorized_elementwise_kernel<(int)4, at::native::<unnamed>::launch_clamp_scalar(at::TensorIteratorBase &, c10::Scalar, c10::Scalar, at::native::detail::ClampLimits)::[lambda() (instance 1)]::operator ()() const::[lambda() (instance 7)]::operator ()() const::[lambda(float) (instance 1)], at::detail::Array<char *, (int)2>>(int, T2, T3)"
21616701,2752,16736,2,4,2,256,1,1,32,0.004,0.000,,,,,NVIDIA A100 80GB PCIe (0),1,7,"void cudnn::ops::nchwToNhwcKernel<float, float, float, (bool)0, (bool)1, (cudnnKernelDataType_t)2>(cudnn::ops::nchw2nhwc_params_t<T3>, const T1 *, T2 *)"
21620701,3520,16738,1,4,32,256,1,1,32,0.004,0.000,,,,,NVIDIA A100 80GB PCIe (0),1,7,"void cudnn::ops::nchwToNhwcKernel<float, float, float, (bool)0, (bool)1, (cudnnKernelDataType_t)2>(cudnn::ops::nchw2nhwc_params_t<T3>, const T1 *, T2 *)"
21627325,13248,16742,1,2,1,128,1,1,120,0.000,0.123,,,,,NVIDIA A100 80GB PCIe (0),1,7,sm80_xmma_fprop_implicit_gemm_tf32f32_tf32f32_f32_nhwckrsc_nchw_tilesize64x32x64_stage5_warpsize2x2x1_g1_tensor16x8x8_alignc4_execute_kernel_cudnn_infer
21650397,3776,16755,123,3,1,128,1,1,32,0.000,0.000,,,,,NVIDIA A100 80GB PCIe (0),1,7,"void at::native::<unnamed>::CatArrayBatchedCopy_aligned16_contig<float, unsigned int, (int)4, (int)128, (int)1>(T1 *, at::native::<unnamed>::CatArrInputTensorMetadata<T1, T2, T4, T5>, at::native::<unnamed>::TensorSizeStride<T2, (unsigned int)4>, int, T2)"
21684317,4128,16794,704,2,1,64,1,1,19,0.000,0.000,,,,,NVIDIA A100 80GB PCIe (0),1,7,"void cudnn::bn_fw_inf_1C11_kernel_NCHW<float, float, (bool)1, (int)1>(T2, T2, cudnnTensorStruct, const T1 *, cudnnTensorStruct, T1 *, cudnnTensorStruct, const T2 *, const T2 *, const T2 *, const T2 *, T2)"
21696509,2304,16801,135,1,1,128,1,1,17,0.000,0.000,,,,,NVIDIA A100 80GB PCIe (0),1,7,"void at::native::vectorized_elementwise_kernel<(int)4, at::native::<unnamed>::launch_clamp_scalar(at::TensorIteratorBase &, c10::Scalar, c10::Scalar, at::native::detail::ClampLimits)::[lambda() (instance 1)]::operator ()() const::[lambda() (instance 7)]::operator ()() const::[lambda(float) (instance 1)], at::detail::Array<char *, (int)2>>(int, T2, T3)"
21729789,25249,16823,2,1,2,128,1,1,96,0.000,0.049,,,,,NVIDIA A100 80GB PCIe (0),1,7,void cutlass::Kernel<cutlass_80_tensorop_s1688gemm_64x64_16x6_nn_align1>(T1::Params)
21767230,3040,16864,128,2,1,64,1,1,19,0.000,0.000,,,,,NVIDIA A100 80GB PCIe (0),1,7,"void cudnn::bn_fw_inf_1C11_kernel_NCHW<float, float, (bool)1, (int)1>(T2, T2, cudnnTensorStruct, const T1 *, cudnnTensorStruct, T1 *, cudnnTensorStruct, const T2 *, const T2 *, const T2 *, const T2 *, T2)"
21778590,2079,16871,25,1,1,128,1,1,17,0.000,0.000,,,,,NVIDIA A100 80GB PCIe (0),1,7,"void at::native::vectorized_elementwise_kernel<(int)4, at::native::<unnamed>::launch_clamp_scalar(at::TensorIteratorBase &, c10::Scalar, c10::Scalar, at::native::detail::ClampLimits)::[lambda() (instance 1)]::operator ()() const::[lambda() (instance 7)]::operator ()() const::[lambda(float) (instance 1)], at::detail::Array<char *, (int)2>>(int, T2, T3)"
21804830,2752,16891,2,4,2,256,1,1,32,0.004,0.000,,,,,NVIDIA A100 80GB PCIe (0),1,7,"void cudnn::ops::nchwToNhwcKernel<float, float, float, (bool)0, (bool)1, (cudnnKernelDataType_t)2>(cudnn::ops::nchw2nhwc_params_t<T3>, const T1 *, T2 *)"
21808766,3520,16893,1,4,32,256,1,1,32,0.004,0.000,,,,,NVIDIA A100 80GB PCIe (0),1,7,"void cudnn::ops::nchwToNhwcKernel<float, float, float, (bool)0, (bool)1, (cudnnKernelDataType_t)2>(cudnn::ops::nchw2nhwc_params_t<T3>, const T1 *, T2 *)"
21815678,13216,16897,1,2,1,128,1,1,120,0.000,0.123,,,,,NVIDIA A100 80GB PCIe (0),1,7,sm80_xmma_fprop_implicit_gemm_tf32f32_tf32f32_f32_nhwckrsc_nchw_tilesize64x32x64_stage5_warpsize2x2x1_g1_tensor16x8x8_alignc4_execute_kernel_cudnn_infer
21837662,3680,16910,123,4,1,128,1,1,32,0.000,0.000,,,,,NVIDIA A100 80GB PCIe (0),1,7,"void at::native::<unnamed>::CatArrayBatchedCopy_aligned16_contig<float, unsigned int, (int)4, (int)128, (int)1>(T1 *, at::native::<unnamed>::CatArrInputTensorMetadata<T1, T2, T4, T5>, at::native::<unnamed>::TensorSizeStride<T2, (unsigned int)4>, int, T2)"
21871390,4096,16949,736,2,1,64,1,1,19,0.000,0.000,,,,,NVIDIA A100 80GB PCIe (0),1,7,"void cudnn::bn_fw_inf_1C11_kernel_NCHW<float, float, (bool)1, (int)1>(T2, T2, cudnnTensorStruct, const T1 *, cudnnTensorStruct, T1 *, cudnnTensorStruct, const T2 *, const T2 *, const T2 *, const T2 *, T2)"
21883486,2304,16956,141,1,1,128,1,1,17,0.000,0.000,,,,,NVIDIA A100 80GB PCIe (0),1,7,"void at::native::vectorized_elementwise_kernel<(int)4, at::native::<unnamed>::launch_clamp_scalar(at::TensorIteratorBase &, c10::Scalar, c10::Scalar, at::native::detail::ClampLimits)::[lambda() (instance 1)]::operator ()() const::[lambda() (instance 7)]::operator ()() const::[lambda(float) (instance 1)], at::detail::Array<char *, (int)2>>(int, T2, T3)"
21915230,26240,16978,2,1,2,128,1,1,96,0.000,0.049,,,,,NVIDIA A100 80GB PCIe (0),1,7,void cutlass::Kernel<cutlass_80_tensorop_s1688gemm_64x64_16x6_nn_align1>(T1::Params)
21952574,3040,17019,128,2,1,64,1,1,19,0.000,0.000,,,,,NVIDIA A100 80GB PCIe (0),1,7,"void cudnn::bn_fw_inf_1C11_kernel_NCHW<float, float, (bool)1, (int)1>(T2, T2, cudnnTensorStruct, const T1 *, cudnnTensorStruct, T1 *, cudnnTensorStruct, const T2 *, const T2 *, const T2 *, const T2 *, T2)"
21963806,2080,17026,25,1,1,128,1,1,17,0.000,0.000,,,,,NVIDIA A100 80GB PCIe (0),1,7,"void at::native::vectorized_elementwise_kernel<(int)4, at::native::<unnamed>::launch_clamp_scalar(at::TensorIteratorBase &, c10::Scalar, c10::Scalar, at::native::detail::ClampLimits)::[lambda() (instance 1)]::operator ()() const::[lambda() (instance 7)]::operator ()() const::[lambda(float) (instance 1)], at::detail::Array<char *, (int)2>>(int, T2, T3)"
21990846,2752,17046,2,4,2,256,1,1,32,0.004,0.000,,,,,NVIDIA A100 80GB PCIe (0),1,7,"void cudnn::ops::nchwToNhwcKernel<float, float, float, (bool)0, (bool)1, (cudnnKernelDataType_t)2>(cudnn::ops::nchw2nhwc_params_t<T3>, const T1 *, T2 *)"
21994718,3488,17048,1,4,32,256,1,1,32,0.004,0.000,,,,,NVIDIA A100 80GB PCIe (0),1,7,"void cudnn::ops::nchwToNhwcKernel<float, float, float, (bool)0, (bool)1, (cudnnKernelDataType_t)2>(cudnn::ops::nchw2nhwc_params_t<T3>, const T1 *, T2 *)"
22001406,13248,17052,1,2,1,128,1,1,120,0.000,0.123,,,,,NVIDIA A100 80GB PCIe (0),1,7,sm80_xmma_fprop_implicit_gemm_tf32f32_tf32f32_f32_nhwckrsc_nchw_tilesize64x32x64_stage5_warpsize2x2x1_g1_tensor16x8x8_alignc4_execute_kernel_cudnn_infer
22024190,3649,17065,123,5,1,128,1,1,32,0.000,0.000,,,,,NVIDIA A100 80GB PCIe (0),1,7,"void at::native::<unnamed>::CatArrayBatchedCopy_aligned16_contig<float, unsigned int, (int)4, (int)128, (int)1>(T1 *, at::native::<unnamed>::CatArrInputTensorMetadata<T1, T2, T4, T5>, at::native::<unnamed>::TensorSizeStride<T2, (unsigned int)4>, int, T2)"
22057790,4257,17104,768,2,1,64,1,1,19,0.000,0.000,,,,,NVIDIA A100 80GB PCIe (0),1,7,"void cudnn::bn_fw_inf_1C11_kernel_NCHW<float, float, (bool)1, (int)1>(T2, T2, cudnnTensorStruct, const T1 *, cudnnTensorStruct, T1 *, cudnnTensorStruct, const T2 *, const T2 *, const T2 *, const T2 *, T2)"
22069759,2304,17111,147,1,1,128,1,1,17,0.000,0.000,,,,,NVIDIA A100 80GB PCIe (0),1,7,"void at::native::vectorized_elementwise_kernel<(int)4, at::native::<unnamed>::launch_clamp_scalar(at::TensorIteratorBase &, c10::Scalar, c10::Scalar, at::native::detail::ClampLimits)::[lambda() (instance 1)]::operator ()() const::[lambda() (instance 7)]::operator ()() const::[lambda(float) (instance 1)], at::detail::Array<char *, (int)2>>(int, T2, T3)"
22101951,27584,17133,2,1,2,128,1,1,96,0.000,0.049,,,,,NVIDIA A100 80GB PCIe (0),1,7,void cutlass::Kernel<cutlass_80_tensorop_s1688gemm_64x64_16x6_nn_align1>(T1::Params)
22139615,3072,17174,128,2,1,64,1,1,19,0.000,0.000,,,,,NVIDIA A100 80GB PCIe (0),1,7,"void cudnn::bn_fw_inf_1C11_kernel_NCHW<float, float, (bool)1, (int)1>(T2, T2, cudnnTensorStruct, const T1 *, cudnnTensorStruct, T1 *, cudnnTensorStruct, const T2 *, const T2 *, const T2 *, const T2 *, T2)"
22150655,2080,17181,25,1,1,128,1,1,17,0.000,0.000,,,,,NVIDIA A100 80GB PCIe (0),1,7,"void at::native::vectorized_elementwise_kernel<(int)4, at::native::<unnamed>::launch_clamp_scalar(at::TensorIteratorBase &, c10::Scalar, c10::Scalar, at::native::detail::ClampLimits)::[lambda() (instance 1)]::operator ()() const::[lambda() (instance 7)]::operator ()() const::[lambda(float) (instance 1)], at::detail::Array<char *, (int)2>>(int, T2, T3)"
22183007,2752,17201,2,4,2,256,1,1,32,0.004,0.000,,,,,NVIDIA A100 80GB PCIe (0),1,7,"void cudnn::ops::nchwToNhwcKernel<float, float, float, (bool)0, (bool)1, (cudnnKernelDataType_t)2>(cudnn::ops::nchw2nhwc_params_t<T3>, const T1 *, T2 *)"
22186815,3552,17203,1,4,32,256,1,1,32,0.004,0.000,,,,,NVIDIA A100 80GB PCIe (0),1,7,"void cudnn::ops::nchwToNhwcKernel<float, float, float, (bool)0, (bool)1, (cudnnKernelDataType_t)2>(cudnn::ops::nchw2nhwc_params_t<T3>, const T1 *, T2 *)"
22193823,13248,17207,1,2,1,128,1,1,120,0.000,0.123,,,,,NVIDIA A100 80GB PCIe (0),1,7,sm80_xmma_fprop_implicit_gemm_tf32f32_tf32f32_f32_nhwckrsc_nchw_tilesize64x32x64_stage5_warpsize2x2x1_g1_tensor16x8x8_alignc4_execute_kernel_cudnn_infer
22216703,3616,17220,123,6,1,128,1,1,32,0.000,0.000,,,,,NVIDIA A100 80GB PCIe (0),1,7,"void at::native::<unnamed>::CatArrayBatchedCopy_aligned16_contig<float, unsigned int, (int)4, (int)128, (int)1>(T1 *, at::native::<unnamed>::CatArrInputTensorMetadata<T1, T2, T4, T5>, at::native::<unnamed>::TensorSizeStride<T2, (unsigned int)4>, int, T2)"
22250719,4256,17259,800,2,1,64,1,1,19,0.000,0.000,,,,,NVIDIA A100 80GB PCIe (0),1,7,"void cudnn::bn_fw_inf_1C11_kernel_NCHW<float, float, (bool)1, (int)1>(T2, T2, cudnnTensorStruct, const T1 *, cudnnTensorStruct, T1 *, cudnnTensorStruct, const T2 *, const T2 *, const T2 *, const T2 *, T2)"
22262111,2400,17266,154,1,1,128,1,1,17,0.000,0.000,,,,,NVIDIA A100 80GB PCIe (0),1,7,"void at::native::vectorized_elementwise_kernel<(int)4, at::native::<unnamed>::launch_clamp_scalar(at::TensorIteratorBase &, c10::Scalar, c10::Scalar, at::native::detail::ClampLimits)::[lambda() (instance 1)]::operator ()() const::[lambda() (instance 7)]::operator ()() const::[lambda(float) (instance 1)], at::detail::Array<char *, (int)2>>(int, T2, T3)"
22291359,2816,17286,2,25,2,256,1,1,32,0.004,0.000,,,,,NVIDIA A100 80GB PCIe (0),1,7,"void cudnn::ops::nchwToNhwcKernel<float, float, float, (bool)0, (bool)1, (cudnnKernelDataType_t)2>(cudnn::ops::nchw2nhwc_params_t<T3>, const T1 *, T2 *)"
22295455,8544,17288,1,25,128,256,1,1,32,0.004,0.000,,,,,NVIDIA A100 80GB PCIe (0),1,7,"void cudnn::ops::nchwToNhwcKernel<float, float, float, (bool)0, (bool)1, (cudnnKernelDataType_t)2>(cudnn::ops::nchw2nhwc_params_t<T3>, const T1 *, T2 *)"
22305183,11360,17292,4,2,1,128,1,1,120,0.000,0.123,,,,,NVIDIA A100 80GB PCIe (0),1,7,sm80_xmma_fprop_implicit_gemm_tf32f32_tf32f32_f32_nhwckrsc_nchw_tilesize64x32x64_stage5_warpsize2x2x1_g1_tensor16x8x8_alignc4_execute_kernel_cudnn_infer
22339935,3041,17333,128,2,1,64,1,1,19,0.000,0.000,,,,,NVIDIA A100 80GB PCIe (0),1,7,"void cudnn::bn_fw_inf_1C11_kernel_NCHW<float, float, (bool)1, (int)1>(T2, T2, cudnnTensorStruct, const T1 *, cudnnTensorStruct, T1 *, cudnnTensorStruct, const T2 *, const T2 *, const T2 *, const T2 *, T2)"
22351391,2081,17340,25,1,1,128,1,1,17,0.000,0.000,,,,,NVIDIA A100 80GB PCIe (0),1,7,"void at::native::vectorized_elementwise_kernel<(int)4, at::native::<unnamed>::launch_clamp_scalar(at::TensorIteratorBase &, c10::Scalar, c10::Scalar, at::native::detail::ClampLimits)::[lambda() (instance 1)]::operator ()() const::[lambda() (instance 7)]::operator ()() const::[lambda(float) (instance 1)], at::detail::Array<char *, (int)2>>(int, T2, T3)"
22377600,2880,17360,2,4,2,256,1,1,32,0.004,0.000,,,,,NVIDIA A100 80GB PCIe (0),1,7,"void cudnn::ops::nchwToNhwcKernel<float, float, float, (bool)0, (bool)1, (cudnnKernelDataType_t)2>(cudnn::ops::nchw2nhwc_params_t<T3>, const T1 *, T2 *)"
22381600,3488,17362,1,4,32,256,1,1,32,0.004,0.000,,,,,NVIDIA A100 80GB PCIe (0),1,7,"void cudnn::ops::nchwToNhwcKernel<float, float, float, (bool)0, (bool)1, (cudnnKernelDataType_t)2>(cudnn::ops::nchw2nhwc_params_t<T3>, const T1 *, T2 *)"
22387648,12928,17366,1,2,1,128,1,1,120,0.000,0.123,,,,,NVIDIA A100 80GB PCIe (0),1,7,sm80_xmma_fprop_implicit_gemm_tf32f32_tf32f32_f32_nhwckrsc_nchw_tilesize64x32x64_stage5_warpsize2x2x1_g1_tensor16x8x8_alignc4_execute_kernel_cudnn_infer
22411360,3744,17379,123,7,1,128,1,1,32,0.000,0.000,,,,,NVIDIA A100 80GB PCIe (0),1,7,"void at::native::<unnamed>::CatArrayBatchedCopy_aligned16_contig<float, unsigned int, (int)4, (int)128, (int)1>(T1 *, at::native::<unnamed>::CatArrInputTensorMetadata<T1, T2, T4, T5>, at::native::<unnamed>::TensorSizeStride<T2, (unsigned int)4>, int, T2)"
22444704,4384,17418,832,2,1,64,1,1,19,0.000,0.000,,,,,NVIDIA A100 80GB PCIe (0),1,7,"void cudnn::bn_fw_inf_1C11_kernel_NCHW<float, float, (bool)1, (int)1>(T2, T2, cudnnTensorStruct, const T1 *, cudnnTensorStruct, T1 *, cudnnTensorStruct, const T2 *, const T2 *, const T2 *, const T2 *, T2)"
22456416,2400,17425,160,1,1,128,1,1,17,0.000,0.000,,,,,NVIDIA A100 80GB PCIe (0),1,7,"void at::native::vectorized_elementwise_kernel<(int)4, at::native::<unnamed>::launch_clamp_scalar(at::TensorIteratorBase &, c10::Scalar, c10::Scalar, at::native::detail::ClampLimits)::[lambda() (instance 1)]::operator ()() const::[lambda() (instance 7)]::operator ()() const::[lambda(float) (instance 1)], at::detail::Array<char *, (int)2>>(int, T2, T3)"
22485408,3072,17445,2,26,2,256,1,1,32,0.004,0.000,,,,,NVIDIA A100 80GB PCIe (0),1,7,"void cudnn::ops::nchwToNhwcKernel<float, float, float, (bool)0, (bool)1, (cudnnKernelDataType_t)2>(cudnn::ops::nchw2nhwc_params_t<T3>, const T1 *, T2 *)"
22489632,8736,17447,1,26,128,256,1,1,32,0.004,0.000,,,,,NVIDIA A100 80GB PCIe (0),1,7,"void cudnn::ops::nchwToNhwcKernel<float, float, float, (bool)0, (bool)1, (cudnnKernelDataType_t)2>(cudnn::ops::nchw2nhwc_params_t<T3>, const T1 *, T2 *)"
22499424,11232,17451,4,2,1,128,1,1,120,0.000,0.123,,,,,NVIDIA A100 80GB PCIe (0),1,7,sm80_xmma_fprop_implicit_gemm_tf32f32_tf32f32_f32_nhwckrsc_nchw_tilesize64x32x64_stage5_warpsize2x2x1_g1_tensor16x8x8_alignc4_execute_kernel_cudnn_infer
22533344,3072,17492,128,2,1,64,1,1,19,0.000,0.000,,,,,NVIDIA A100 80GB PCIe (0),1,7,"void cudnn::bn_fw_inf_1C11_kernel_NCHW<float, float, (bool)1, (int)1>(T2, T2, cudnnTensorStruct, const T1 *, cudnnTensorStruct, T1 *, cudnnTensorStruct, const T2 *, const T2 *, const T2 *, const T2 *, T2)"
22544672,2080,17499,25,1,1,128,1,1,17,0.000,0.000,,,,,NVIDIA A100 80GB PCIe (0),1,7,"void at::native::vectorized_elementwise_kernel<(int)4, at::native::<unnamed>::launch_clamp_scalar(at::TensorIteratorBase &, c10::Scalar, c10::Scalar, at::native::detail::ClampLimits)::[lambda() (instance 1)]::operator ()() const::[lambda() (instance 7)]::operator ()() const::[lambda(float) (instance 1)], at::detail::Array<char *, (int)2>>(int, T2, T3)"
22570528,2880,17519,2,4,2,256,1,1,32,0.004,0.000,,,,,NVIDIA A100 80GB PCIe (0),1,7,"void cudnn::ops::nchwToNhwcKernel<float, float, float, (bool)0, (bool)1, (cudnnKernelDataType_t)2>(cudnn::ops::nchw2nhwc_params_t<T3>, const T1 *, T2 *)"
22574433,3519,17521,1,4,32,256,1,1,32,0.004,0.000,,,,,NVIDIA A100 80GB PCIe (0),1,7,"void cudnn::ops::nchwToNhwcKernel<float, float, float, (bool)0, (bool)1, (cudnnKernelDataType_t)2>(cudnn::ops::nchw2nhwc_params_t<T3>, const T1 *, T2 *)"
22579680,12960,17525,1,2,1,128,1,1,120,0.000,0.123,,,,,NVIDIA A100 80GB PCIe (0),1,7,sm80_xmma_fprop_implicit_gemm_tf32f32_tf32f32_f32_nhwckrsc_nchw_tilesize64x32x64_stage5_warpsize2x2x1_g1_tensor16x8x8_alignc4_execute_kernel_cudnn_infer
22602337,3808,17538,123,8,1,128,1,1,32,0.000,0.000,,,,,NVIDIA A100 80GB PCIe (0),1,7,"void at::native::<unnamed>::CatArrayBatchedCopy_aligned16_contig<float, unsigned int, (int)4, (int)128, (int)1>(T1 *, at::native::<unnamed>::CatArrInputTensorMetadata<T1, T2, T4, T5>, at::native::<unnamed>::TensorSizeStride<T2, (unsigned int)4>, int, T2)"
22636768,4289,17577,864,2,1,64,1,1,19,0.000,0.000,,,,,NVIDIA A100 80GB PCIe (0),1,7,"void cudnn::bn_fw_inf_1C11_kernel_NCHW<float, float, (bool)1, (int)1>(T2, T2, cudnnTensorStruct, const T1 *, cudnnTensorStruct, T1 *, cudnnTensorStruct, const T2 *, const T2 *, const T2 *, const T2 *, T2)"
22648129,2400,17584,166,1,1,128,1,1,17,0.000,0.000,,,,,NVIDIA A100 80GB PCIe (0),1,7,"void at::native::vectorized_elementwise_kernel<(int)4, at::native::<unnamed>::launch_clamp_scalar(at::TensorIteratorBase &, c10::Scalar, c10::Scalar, at::native::detail::ClampLimits)::[lambda() (instance 1)]::operator ()() const::[lambda() (instance 7)]::operator ()() const::[lambda(float) (instance 1)], at::detail::Array<char *, (int)2>>(int, T2, T3)"
22676673,2720,17604,2,27,2,256,1,1,32,0.004,0.000,,,,,NVIDIA A100 80GB PCIe (0),1,7,"void cudnn::ops::nchwToNhwcKernel<float, float, float, (bool)0, (bool)1, (cudnnKernelDataType_t)2>(cudnn::ops::nchw2nhwc_params_t<T3>, const T1 *, T2 *)"
22680705,8992,17606,1,27,128,256,1,1,32,0.004,0.000,,,,,NVIDIA A100 80GB PCIe (0),1,7,"void cudnn::ops::nchwToNhwcKernel<float, float, float, (bool)0, (bool)1, (cudnnKernelDataType_t)2>(cudnn::ops::nchw2nhwc_params_t<T3>, const T1 *, T2 *)"
22690817,11616,17610,4,2,1,128,1,1,120,0.000,0.123,,,,,NVIDIA A100 80GB PCIe (0),1,7,sm80_xmma_fprop_implicit_gemm_tf32f32_tf32f32_f32_nhwckrsc_nchw_tilesize64x32x64_stage5_warpsize2x2x1_g1_tensor16x8x8_alignc4_execute_kernel_cudnn_infer
22724609,3104,17651,128,2,1,64,1,1,19,0.000,0.000,,,,,NVIDIA A100 80GB PCIe (0),1,7,"void cudnn::bn_fw_inf_1C11_kernel_NCHW<float, float, (bool)1, (int)1>(T2, T2, cudnnTensorStruct, const T1 *, cudnnTensorStruct, T1 *, cudnnTensorStruct, const T2 *, const T2 *, const T2 *, const T2 *, T2)"
22735745,2080,17658,25,1,1,128,1,1,17,0.000,0.000,,,,,NVIDIA A100 80GB PCIe (0),1,7,"void at::native::vectorized_elementwise_kernel<(int)4, at::native::<unnamed>::launch_clamp_scalar(at::TensorIteratorBase &, c10::Scalar, c10::Scalar, at::native::detail::ClampLimits)::[lambda() (instance 1)]::operator ()() const::[lambda() (instance 7)]::operator ()() const::[lambda(float) (instance 1)], at::detail::Array<char *, (int)2>>(int, T2, T3)"
22761793,2880,17678,2,4,2,256,1,1,32,0.004,0.000,,,,,NVIDIA A100 80GB PCIe (0),1,7,"void cudnn::ops::nchwToNhwcKernel<float, float, float, (bool)0, (bool)1, (cudnnKernelDataType_t)2>(cudnn::ops::nchw2nhwc_params_t<T3>, const T1 *, T2 *)"
22766401,3584,17680,1,4,32,256,1,1,32,0.004,0.000,,,,,NVIDIA A100 80GB PCIe (0),1,7,"void cudnn::ops::nchwToNhwcKernel<float, float, float, (bool)0, (bool)1, (cudnnKernelDataType_t)2>(cudnn::ops::nchw2nhwc_params_t<T3>, const T1 *, T2 *)"
22771489,12960,17684,1,2,1,128,1,1,120,0.000,0.123,,,,,NVIDIA A100 80GB PCIe (0),1,7,sm80_xmma_fprop_implicit_gemm_tf32f32_tf32f32_f32_nhwckrsc_nchw_tilesize64x32x64_stage5_warpsize2x2x1_g1_tensor16x8x8_alignc4_execute_kernel_cudnn_infer
22795041,3712,17697,123,9,1,128,1,1,32,0.000,0.000,,,,,NVIDIA A100 80GB PCIe (0),1,7,"void at::native::<unnamed>::CatArrayBatchedCopy_aligned16_contig<float, unsigned int, (int)4, (int)128, (int)1>(T1 *, at::native::<unnamed>::CatArrInputTensorMetadata<T1, T2, T4, T5>, at::native::<unnamed>::TensorSizeStride<T2, (unsigned int)4>, int, T2)"
22827873,4352,17736,896,2,1,64,1,1,19,0.000,0.000,,,,,NVIDIA A100 80GB PCIe (0),1,7,"void cudnn::bn_fw_inf_1C11_kernel_NCHW<float, float, (bool)1, (int)1>(T2, T2, cudnnTensorStruct, const T1 *, cudnnTensorStruct, T1 *, cudnnTensorStruct, const T2 *, const T2 *, const T2 *, const T2 *, T2)"
22839841,2400,17743,172,1,1,128,1,1,17,0.000,0.000,,,,,NVIDIA A100 80GB PCIe (0),1,7,"void at::native::vectorized_elementwise_kernel<(int)4, at::native::<unnamed>::launch_clamp_scalar(at::TensorIteratorBase &, c10::Scalar, c10::Scalar, at::native::detail::ClampLimits)::[lambda() (instance 1)]::operator ()() const::[lambda() (instance 7)]::operator ()() const::[lambda(float) (instance 1)], at::detail::Array<char *, (int)2>>(int, T2, T3)"
22867649,2881,17763,2,28,2,256,1,1,32,0.004,0.000,,,,,NVIDIA A100 80GB PCIe (0),1,7,"void cudnn::ops::nchwToNhwcKernel<float, float, float, (bool)0, (bool)1, (cudnnKernelDataType_t)2>(cudnn::ops::nchw2nhwc_params_t<T3>, const T1 *, T2 *)"
22871649,9536,17765,1,28,128,256,1,1,32,0.004,0.000,,,,,NVIDIA A100 80GB PCIe (0),1,7,"void cudnn::ops::nchwToNhwcKernel<float, float, float, (bool)0, (bool)1, (cudnnKernelDataType_t)2>(cudnn::ops::nchw2nhwc_params_t<T3>, const T1 *, T2 *)"
22882305,11585,17769,4,2,1,128,1,1,120,0.000,0.123,,,,,NVIDIA A100 80GB PCIe (0),1,7,sm80_xmma_fprop_implicit_gemm_tf32f32_tf32f32_f32_nhwckrsc_nchw_tilesize64x32x64_stage5_warpsize2x2x1_g1_tensor16x8x8_alignc4_execute_kernel_cudnn_infer
22914914,3104,17810,128,2,1,64,1,1,19,0.000,0.000,,,,,NVIDIA A100 80GB PCIe (0),1,7,"void cudnn::bn_fw_inf_1C11_kernel_NCHW<float, float, (bool)1, (int)1>(T2, T2, cudnnTensorStruct, const T1 *, cudnnTensorStruct, T1 *, cudnnTensorStruct, const T2 *, const T2 *, const T2 *, const T2 *, T2)"
22926242,2080,17817,25,1,1,128,1,1,17,0.000,0.000,,,,,NVIDIA A100 80GB PCIe (0),1,7,"void at::native::vectorized_elementwise_kernel<(int)4, at::native::<unnamed>::launch_clamp_scalar(at::TensorIteratorBase &, c10::Scalar, c10::Scalar, at::native::detail::ClampLimits)::[lambda() (instance 1)]::operator ()() const::[lambda() (instance 7)]::operator ()() const::[lambda(float) (instance 1)], at::detail::Array<char *, (int)2>>(int, T2, T3)"
22951362,2880,17837,2,4,2,256,1,1,32,0.004,0.000,,,,,NVIDIA A100 80GB PCIe (0),1,7,"void cudnn::ops::nchwToNhwcKernel<float, float, float, (bool)0, (bool)1, (cudnnKernelDataType_t)2>(cudnn::ops::nchw2nhwc_params_t<T3>, const T1 *, T2 *)"
22955426,3712,17839,1,4,32,256,1,1,32,0.004,0.000,,,,,NVIDIA A100 80GB PCIe (0),1,7,"void cudnn::ops::nchwToNhwcKernel<float, float, float, (bool)0, (bool)1, (cudnnKernelDataType_t)2>(cudnn::ops::nchw2nhwc_params_t<T3>, const T1 *, T2 *)"
22960706,12960,17843,1,2,1,128,1,1,120,0.000,0.123,,,,,NVIDIA A100 80GB PCIe (0),1,7,sm80_xmma_fprop_implicit_gemm_tf32f32_tf32f32_f32_nhwckrsc_nchw_tilesize64x32x64_stage5_warpsize2x2x1_g1_tensor16x8x8_alignc4_execute_kernel_cudnn_infer
22984322,3872,17856,123,10,1,128,1,1,32,0.000,0.000,,,,,NVIDIA A100 80GB PCIe (0),1,7,"void at::native::<unnamed>::CatArrayBatchedCopy_aligned16_contig<float, unsigned int, (int)4, (int)128, (int)1>(T1 *, at::native::<unnamed>::CatArrInputTensorMetadata<T1, T2, T4, T5>, at::native::<unnamed>::TensorSizeStride<T2, (unsigned int)4>, int, T2)"
23018082,4416,17895,928,2,1,64,1,1,19,0.000,0.000,,,,,NVIDIA A100 80GB PCIe (0),1,7,"void cudnn::bn_fw_inf_1C11_kernel_NCHW<float, float, (bool)1, (int)1>(T2, T2, cudnnTensorStruct, const T1 *, cudnnTensorStruct, T1 *, cudnnTensorStruct, const T2 *, const T2 *, const T2 *, const T2 *, T2)"
23029282,2400,17902,178,1,1,128,1,1,17,0.000,0.000,,,,,NVIDIA A100 80GB PCIe (0),1,7,"void at::native::vectorized_elementwise_kernel<(int)4, at::native::<unnamed>::launch_clamp_scalar(at::TensorIteratorBase &, c10::Scalar, c10::Scalar, at::native::detail::ClampLimits)::[lambda() (instance 1)]::operator ()() const::[lambda() (instance 7)]::operator ()() const::[lambda(float) (instance 1)], at::detail::Array<char *, (int)2>>(int, T2, T3)"
23058658,2944,17922,2,29,2,256,1,1,32,0.004,0.000,,,,,NVIDIA A100 80GB PCIe (0),1,7,"void cudnn::ops::nchwToNhwcKernel<float, float, float, (bool)0, (bool)1, (cudnnKernelDataType_t)2>(cudnn::ops::nchw2nhwc_params_t<T3>, const T1 *, T2 *)"
23062690,9792,17924,1,29,128,256,1,1,32,0.004,0.000,,,,,NVIDIA A100 80GB PCIe (0),1,7,"void cudnn::ops::nchwToNhwcKernel<float, float, float, (bool)0, (bool)1, (cudnnKernelDataType_t)2>(cudnn::ops::nchw2nhwc_params_t<T3>, const T1 *, T2 *)"
23073570,12128,17928,4,2,1,128,1,1,120,0.000,0.123,,,,,NVIDIA A100 80GB PCIe (0),1,7,sm80_xmma_fprop_implicit_gemm_tf32f32_tf32f32_f32_nhwckrsc_nchw_tilesize64x32x64_stage5_warpsize2x2x1_g1_tensor16x8x8_alignc4_execute_kernel_cudnn_infer
23106082,3072,17969,128,2,1,64,1,1,19,0.000,0.000,,,,,NVIDIA A100 80GB PCIe (0),1,7,"void cudnn::bn_fw_inf_1C11_kernel_NCHW<float, float, (bool)1, (int)1>(T2, T2, cudnnTensorStruct, const T1 *, cudnnTensorStruct, T1 *, cudnnTensorStruct, const T2 *, const T2 *, const T2 *, const T2 *, T2)"
23117346,2080,17976,25,1,1,128,1,1,17,0.000,0.000,,,,,NVIDIA A100 80GB PCIe (0),1,7,"void at::native::vectorized_elementwise_kernel<(int)4, at::native::<unnamed>::launch_clamp_scalar(at::TensorIteratorBase &, c10::Scalar, c10::Scalar, at::native::detail::ClampLimits)::[lambda() (instance 1)]::operator ()() const::[lambda() (instance 7)]::operator ()() const::[lambda(float) (instance 1)], at::detail::Array<char *, (int)2>>(int, T2, T3)"
23142466,2880,17996,2,4,2,256,1,1,32,0.004,0.000,,,,,NVIDIA A100 80GB PCIe (0),1,7,"void cudnn::ops::nchwToNhwcKernel<float, float, float, (bool)0, (bool)1, (cudnnKernelDataType_t)2>(cudnn::ops::nchw2nhwc_params_t<T3>, const T1 *, T2 *)"
23146562,3584,17998,1,4,32,256,1,1,32,0.004,0.000,,,,,NVIDIA A100 80GB PCIe (0),1,7,"void cudnn::ops::nchwToNhwcKernel<float, float, float, (bool)0, (bool)1, (cudnnKernelDataType_t)2>(cudnn::ops::nchw2nhwc_params_t<T3>, const T1 *, T2 *)"
23152002,12992,18002,1,2,1,128,1,1,120,0.000,0.123,,,,,NVIDIA A100 80GB PCIe (0),1,7,sm80_xmma_fprop_implicit_gemm_tf32f32_tf32f32_f32_nhwckrsc_nchw_tilesize64x32x64_stage5_warpsize2x2x1_g1_tensor16x8x8_alignc4_execute_kernel_cudnn_infer
23176259,3840,18015,123,11,1,128,1,1,32,0.000,0.000,,,,,NVIDIA A100 80GB PCIe (0),1,7,"void at::native::<unnamed>::CatArrayBatchedCopy_aligned16_contig<float, unsigned int, (int)4, (int)128, (int)1>(T1 *, at::native::<unnamed>::CatArrInputTensorMetadata<T1, T2, T4, T5>, at::native::<unnamed>::TensorSizeStride<T2, (unsigned int)4>, int, T2)"
23209442,4480,18054,960,2,1,64,1,1,19,0.000,0.000,,,,,NVIDIA A100 80GB PCIe (0),1,7,"void cudnn::bn_fw_inf_1C11_kernel_NCHW<float, float, (bool)1, (int)1>(T2, T2, cudnnTensorStruct, const T1 *, cudnnTensorStruct, T1 *, cudnnTensorStruct, const T2 *, const T2 *, const T2 *, const T2 *, T2)"
23220739,2432,18061,184,1,1,128,1,1,17,0.000,0.000,,,,,NVIDIA A100 80GB PCIe (0),1,7,"void at::native::vectorized_elementwise_kernel<(int)4, at::native::<unnamed>::launch_clamp_scalar(at::TensorIteratorBase &, c10::Scalar, c10::Scalar, at::native::detail::ClampLimits)::[lambda() (instance 1)]::operator ()() const::[lambda() (instance 7)]::operator ()() const::[lambda(float) (instance 1)], at::detail::Array<char *, (int)2>>(int, T2, T3)"
23248483,3136,18081,2,30,2,256,1,1,32,0.004,0.000,,,,,NVIDIA A100 80GB PCIe (0),1,7,"void cudnn::ops::nchwToNhwcKernel<float, float, float, (bool)0, (bool)1, (cudnnKernelDataType_t)2>(cudnn::ops::nchw2nhwc_params_t<T3>, const T1 *, T2 *)"
23252803,10080,18083,1,30,128,256,1,1,32,0.004,0.000,,,,,NVIDIA A100 80GB PCIe (0),1,7,"void cudnn::ops::nchwToNhwcKernel<float, float, float, (bool)0, (bool)1, (cudnnKernelDataType_t)2>(cudnn::ops::nchw2nhwc_params_t<T3>, const T1 *, T2 *)"
23264067,12096,18087,4,2,1,128,1,1,120,0.000,0.123,,,,,NVIDIA A100 80GB PCIe (0),1,7,sm80_xmma_fprop_implicit_gemm_tf32f32_tf32f32_f32_nhwckrsc_nchw_tilesize64x32x64_stage5_warpsize2x2x1_g1_tensor16x8x8_alignc4_execute_kernel_cudnn_infer
23296099,3040,18128,128,2,1,64,1,1,19,0.000,0.000,,,,,NVIDIA A100 80GB PCIe (0),1,7,"void cudnn::bn_fw_inf_1C11_kernel_NCHW<float, float, (bool)1, (int)1>(T2, T2, cudnnTensorStruct, const T1 *, cudnnTensorStruct, T1 *, cudnnTensorStruct, const T2 *, const T2 *, const T2 *, const T2 *, T2)"
23306915,2080,18135,25,1,1,128,1,1,17,0.000,0.000,,,,,NVIDIA A100 80GB PCIe (0),1,7,"void at::native::vectorized_elementwise_kernel<(int)4, at::native::<unnamed>::launch_clamp_scalar(at::TensorIteratorBase &, c10::Scalar, c10::Scalar, at::native::detail::ClampLimits)::[lambda() (instance 1)]::operator ()() const::[lambda() (instance 7)]::operator ()() const::[lambda(float) (instance 1)], at::detail::Array<char *, (int)2>>(int, T2, T3)"
23332515,2880,18155,2,4,2,256,1,1,32,0.004,0.000,,,,,NVIDIA A100 80GB PCIe (0),1,7,"void cudnn::ops::nchwToNhwcKernel<float, float, float, (bool)0, (bool)1, (cudnnKernelDataType_t)2>(cudnn::ops::nchw2nhwc_params_t<T3>, const T1 *, T2 *)"
23336451,3488,18157,1,4,32,256,1,1,32,0.004,0.000,,,,,NVIDIA A100 80GB PCIe (0),1,7,"void cudnn::ops::nchwToNhwcKernel<float, float, float, (bool)0, (bool)1, (cudnnKernelDataType_t)2>(cudnn::ops::nchw2nhwc_params_t<T3>, const T1 *, T2 *)"
23342083,12960,18161,1,2,1,128,1,1,120,0.000,0.123,,,,,NVIDIA A100 80GB PCIe (0),1,7,sm80_xmma_fprop_implicit_gemm_tf32f32_tf32f32_f32_nhwckrsc_nchw_tilesize64x32x64_stage5_warpsize2x2x1_g1_tensor16x8x8_alignc4_execute_kernel_cudnn_infer
23366883,3808,18174,123,12,1,128,1,1,32,0.000,0.000,,,,,NVIDIA A100 80GB PCIe (0),1,7,"void at::native::<unnamed>::CatArrayBatchedCopy_aligned16_contig<float, unsigned int, (int)4, (int)128, (int)1>(T1 *, at::native::<unnamed>::CatArrInputTensorMetadata<T1, T2, T4, T5>, at::native::<unnamed>::TensorSizeStride<T2, (unsigned int)4>, int, T2)"
23400995,4544,18213,992,2,1,64,1,1,19,0.000,0.000,,,,,NVIDIA A100 80GB PCIe (0),1,7,"void cudnn::bn_fw_inf_1C11_kernel_NCHW<float, float, (bool)1, (int)1>(T2, T2, cudnnTensorStruct, const T1 *, cudnnTensorStruct, T1 *, cudnnTensorStruct, const T2 *, const T2 *, const T2 *, const T2 *, T2)"
23412003,2464,18220,190,1,1,128,1,1,17,0.000,0.000,,,,,NVIDIA A100 80GB PCIe (0),1,7,"void at::native::vectorized_elementwise_kernel<(int)4, at::native::<unnamed>::launch_clamp_scalar(at::TensorIteratorBase &, c10::Scalar, c10::Scalar, at::native::detail::ClampLimits)::[lambda() (instance 1)]::operator ()() const::[lambda() (instance 7)]::operator ()() const::[lambda(float) (instance 1)], at::detail::Array<char *, (int)2>>(int, T2, T3)"
23439907,2976,18240,2,31,2,256,1,1,32,0.004,0.000,,,,,NVIDIA A100 80GB PCIe (0),1,7,"void cudnn::ops::nchwToNhwcKernel<float, float, float, (bool)0, (bool)1, (cudnnKernelDataType_t)2>(cudnn::ops::nchw2nhwc_params_t<T3>, const T1 *, T2 *)"
23443940,10144,18242,1,31,128,256,1,1,32,0.004,0.000,,,,,NVIDIA A100 80GB PCIe (0),1,7,"void cudnn::ops::nchwToNhwcKernel<float, float, float, (bool)0, (bool)1, (cudnnKernelDataType_t)2>(cudnn::ops::nchw2nhwc_params_t<T3>, const T1 *, T2 *)"
23455204,12479,18246,4,2,1,128,1,1,120,0.000,0.123,,,,,NVIDIA A100 80GB PCIe (0),1,7,sm80_xmma_fprop_implicit_gemm_tf32f32_tf32f32_f32_nhwckrsc_nchw_tilesize64x32x64_stage5_warpsize2x2x1_g1_tensor16x8x8_alignc4_execute_kernel_cudnn_infer
23488100,3040,18287,128,2,1,64,1,1,19,0.000,0.000,,,,,NVIDIA A100 80GB PCIe (0),1,7,"void cudnn::bn_fw_inf_1C11_kernel_NCHW<float, float, (bool)1, (int)1>(T2, T2, cudnnTensorStruct, const T1 *, cudnnTensorStruct, T1 *, cudnnTensorStruct, const T2 *, const T2 *, const T2 *, const T2 *, T2)"
23499076,2080,18294,25,1,1,128,1,1,17,0.000,0.000,,,,,NVIDIA A100 80GB PCIe (0),1,7,"void at::native::vectorized_elementwise_kernel<(int)4, at::native::<unnamed>::launch_clamp_scalar(at::TensorIteratorBase &, c10::Scalar, c10::Scalar, at::native::detail::ClampLimits)::[lambda() (instance 1)]::operator ()() const::[lambda() (instance 7)]::operator ()() const::[lambda(float) (instance 1)], at::detail::Array<char *, (int)2>>(int, T2, T3)"
23524132,2880,18314,2,4,2,256,1,1,32,0.004,0.000,,,,,NVIDIA A100 80GB PCIe (0),1,7,"void cudnn::ops::nchwToNhwcKernel<float, float, float, (bool)0, (bool)1, (cudnnKernelDataType_t)2>(cudnn::ops::nchw2nhwc_params_t<T3>, const T1 *, T2 *)"
23528100,3712,18316,1,4,32,256,1,1,32,0.004,0.000,,,,,NVIDIA A100 80GB PCIe (0),1,7,"void cudnn::ops::nchwToNhwcKernel<float, float, float, (bool)0, (bool)1, (cudnnKernelDataType_t)2>(cudnn::ops::nchw2nhwc_params_t<T3>, const T1 *, T2 *)"
23533476,12992,18320,1,2,1,128,1,1,120,0.000,0.123,,,,,NVIDIA A100 80GB PCIe (0),1,7,sm80_xmma_fprop_implicit_gemm_tf32f32_tf32f32_f32_nhwckrsc_nchw_tilesize64x32x64_stage5_warpsize2x2x1_g1_tensor16x8x8_alignc4_execute_kernel_cudnn_infer
23558564,3904,18333,123,13,1,128,1,1,32,0.000,0.000,,,,,NVIDIA A100 80GB PCIe (0),1,7,"void at::native::<unnamed>::CatArrayBatchedCopy_aligned16_contig<float, unsigned int, (int)4, (int)128, (int)1>(T1 *, at::native::<unnamed>::CatArrInputTensorMetadata<T1, T2, T4, T5>, at::native::<unnamed>::TensorSizeStride<T2, (unsigned int)4>, int, T2)"
23592004,4544,18372,1024,2,1,64,1,1,19,0.000,0.000,,,,,NVIDIA A100 80GB PCIe (0),1,7,"void cudnn::bn_fw_inf_1C11_kernel_NCHW<float, float, (bool)1, (int)1>(T2, T2, cudnnTensorStruct, const T1 *, cudnnTensorStruct, T1 *, cudnnTensorStruct, const T2 *, const T2 *, const T2 *, const T2 *, T2)"
23603524,2464,18379,196,1,1,128,1,1,17,0.000,0.000,,,,,NVIDIA A100 80GB PCIe (0),1,7,"void at::native::vectorized_elementwise_kernel<(int)4, at::native::<unnamed>::launch_clamp_scalar(at::TensorIteratorBase &, c10::Scalar, c10::Scalar, at::native::detail::ClampLimits)::[lambda() (instance 1)]::operator ()() const::[lambda() (instance 7)]::operator ()() const::[lambda(float) (instance 1)], at::detail::Array<char *, (int)2>>(int, T2, T3)"
23631076,2976,18399,2,32,2,256,1,1,32,0.004,0.000,,,,,NVIDIA A100 80GB PCIe (0),1,7,"void cudnn::ops::nchwToNhwcKernel<float, float, float, (bool)0, (bool)1, (cudnnKernelDataType_t)2>(cudnn::ops::nchw2nhwc_params_t<T3>, const T1 *, T2 *)"
23635172,10240,18401,1,32,128,256,1,1,32,0.004,0.000,,,,,NVIDIA A100 80GB PCIe (0),1,7,"void cudnn::ops::nchwToNhwcKernel<float, float, float, (bool)0, (bool)1, (cudnnKernelDataType_t)2>(cudnn::ops::nchw2nhwc_params_t<T3>, const T1 *, T2 *)"
23646532,12384,18405,4,2,1,128,1,1,120,0.000,0.123,,,,,NVIDIA A100 80GB PCIe (0),1,7,sm80_xmma_fprop_implicit_gemm_tf32f32_tf32f32_f32_nhwckrsc_nchw_tilesize64x32x64_stage5_warpsize2x2x1_g1_tensor16x8x8_alignc4_execute_kernel_cudnn_infer
23686372,3040,18446,128,2,1,64,1,1,19,0.000,0.000,,,,,NVIDIA A100 80GB PCIe (0),1,7,"void cudnn::bn_fw_inf_1C11_kernel_NCHW<float, float, (bool)1, (int)1>(T2, T2, cudnnTensorStruct, const T1 *, cudnnTensorStruct, T1 *, cudnnTensorStruct, const T2 *, const T2 *, const T2 *, const T2 *, T2)"
23697252,2080,18453,25,1,1,128,1,1,17,0.000,0.000,,,,,NVIDIA A100 80GB PCIe (0),1,7,"void at::native::vectorized_elementwise_kernel<(int)4, at::native::<unnamed>::launch_clamp_scalar(at::TensorIteratorBase &, c10::Scalar, c10::Scalar, at::native::detail::ClampLimits)::[lambda() (instance 1)]::operator ()() const::[lambda() (instance 7)]::operator ()() const::[lambda(float) (instance 1)], at::detail::Array<char *, (int)2>>(int, T2, T3)"
23723364,2880,18473,2,4,2,256,1,1,32,0.004,0.000,,,,,NVIDIA A100 80GB PCIe (0),1,7,"void cudnn::ops::nchwToNhwcKernel<float, float, float, (bool)0, (bool)1, (cudnnKernelDataType_t)2>(cudnn::ops::nchw2nhwc_params_t<T3>, const T1 *, T2 *)"
23727365,3487,18475,1,4,32,256,1,1,32,0.004,0.000,,,,,NVIDIA A100 80GB PCIe (0),1,7,"void cudnn::ops::nchwToNhwcKernel<float, float, float, (bool)0, (bool)1, (cudnnKernelDataType_t)2>(cudnn::ops::nchw2nhwc_params_t<T3>, const T1 *, T2 *)"
23732708,12993,18479,1,2,1,128,1,1,120,0.000,0.123,,,,,NVIDIA A100 80GB PCIe (0),1,7,sm80_xmma_fprop_implicit_gemm_tf32f32_tf32f32_f32_nhwckrsc_nchw_tilesize64x32x64_stage5_warpsize2x2x1_g1_tensor16x8x8_alignc4_execute_kernel_cudnn_infer
23757765,3872,18492,123,14,1,128,1,1,32,0.000,0.000,,,,,NVIDIA A100 80GB PCIe (0),1,7,"void at::native::<unnamed>::CatArrayBatchedCopy_aligned16_contig<float, unsigned int, (int)4, (int)128, (int)1>(T1 *, at::native::<unnamed>::CatArrInputTensorMetadata<T1, T2, T4, T5>, at::native::<unnamed>::TensorSizeStride<T2, (unsigned int)4>, int, T2)"
23791429,4608,18531,1056,2,1,64,1,1,19,0.000,0.000,,,,,NVIDIA A100 80GB PCIe (0),1,7,"void cudnn::bn_fw_inf_1C11_kernel_NCHW<float, float, (bool)1, (int)1>(T2, T2, cudnnTensorStruct, const T1 *, cudnnTensorStruct, T1 *, cudnnTensorStruct, const T2 *, const T2 *, const T2 *, const T2 *, T2)"
23802725,2464,18538,203,1,1,128,1,1,17,0.000,0.000,,,,,NVIDIA A100 80GB PCIe (0),1,7,"void at::native::vectorized_elementwise_kernel<(int)4, at::native::<unnamed>::launch_clamp_scalar(at::TensorIteratorBase &, c10::Scalar, c10::Scalar, at::native::detail::ClampLimits)::[lambda() (instance 1)]::operator ()() const::[lambda() (instance 7)]::operator ()() const::[lambda(float) (instance 1)], at::detail::Array<char *, (int)2>>(int, T2, T3)"
23831749,2912,18558,2,33,2,256,1,1,32,0.004,0.000,,,,,NVIDIA A100 80GB PCIe (0),1,7,"void cudnn::ops::nchwToNhwcKernel<float, float, float, (bool)0, (bool)1, (cudnnKernelDataType_t)2>(cudnn::ops::nchw2nhwc_params_t<T3>, const T1 *, T2 *)"
23835877,10688,18560,1,33,128,256,1,1,32,0.004,0.000,,,,,NVIDIA A100 80GB PCIe (0),1,7,"void cudnn::ops::nchwToNhwcKernel<float, float, float, (bool)0, (bool)1, (cudnnKernelDataType_t)2>(cudnn::ops::nchw2nhwc_params_t<T3>, const T1 *, T2 *)"
23847557,12864,18564,4,2,1,128,1,1,120,0.000,0.123,,,,,NVIDIA A100 80GB PCIe (0),1,7,sm80_xmma_fprop_implicit_gemm_tf32f32_tf32f32_f32_nhwckrsc_nchw_tilesize64x32x64_stage5_warpsize2x2x1_g1_tensor16x8x8_alignc4_execute_kernel_cudnn_infer
23878981,3072,18605,128,2,1,64,1,1,19,0.000,0.000,,,,,NVIDIA A100 80GB PCIe (0),1,7,"void cudnn::bn_fw_inf_1C11_kernel_NCHW<float, float, (bool)1, (int)1>(T2, T2, cudnnTensorStruct, const T1 *, cudnnTensorStruct, T1 *, cudnnTensorStruct, const T2 *, const T2 *, const T2 *, const T2 *, T2)"
23890053,2080,18612,25,1,1,128,1,1,17,0.000,0.000,,,,,NVIDIA A100 80GB PCIe (0),1,7,"void at::native::vectorized_elementwise_kernel<(int)4, at::native::<unnamed>::launch_clamp_scalar(at::TensorIteratorBase &, c10::Scalar, c10::Scalar, at::native::detail::ClampLimits)::[lambda() (instance 1)]::operator ()() const::[lambda() (instance 7)]::operator ()() const::[lambda(float) (instance 1)], at::detail::Array<char *, (int)2>>(int, T2, T3)"
23915525,2880,18632,2,4,2,256,1,1,32,0.004,0.000,,,,,NVIDIA A100 80GB PCIe (0),1,7,"void cudnn::ops::nchwToNhwcKernel<float, float, float, (bool)0, (bool)1, (cudnnKernelDataType_t)2>(cudnn::ops::nchw2nhwc_params_t<T3>, const T1 *, T2 *)"
23919525,3488,18634,1,4,32,256,1,1,32,0.004,0.000,,,,,NVIDIA A100 80GB PCIe (0),1,7,"void cudnn::ops::nchwToNhwcKernel<float, float, float, (bool)0, (bool)1, (cudnnKernelDataType_t)2>(cudnn::ops::nchw2nhwc_params_t<T3>, const T1 *, T2 *)"
23924741,12960,18638,1,2,1,128,1,1,120,0.000,0.123,,,,,NVIDIA A100 80GB PCIe (0),1,7,sm80_xmma_fprop_implicit_gemm_tf32f32_tf32f32_f32_nhwckrsc_nchw_tilesize64x32x64_stage5_warpsize2x2x1_g1_tensor16x8x8_alignc4_execute_kernel_cudnn_infer
23951141,3936,18651,123,15,1,128,1,1,32,0.000,0.000,,,,,NVIDIA A100 80GB PCIe (0),1,7,"void at::native::<unnamed>::CatArrayBatchedCopy_aligned16_contig<float, unsigned int, (int)4, (int)128, (int)1>(T1 *, at::native::<unnamed>::CatArrInputTensorMetadata<T1, T2, T4, T5>, at::native::<unnamed>::TensorSizeStride<T2, (unsigned int)4>, int, T2)"
23984805,4640,18690,1088,2,1,64,1,1,19,0.000,0.000,,,,,NVIDIA A100 80GB PCIe (0),1,7,"void cudnn::bn_fw_inf_1C11_kernel_NCHW<float, float, (bool)1, (int)1>(T2, T2, cudnnTensorStruct, const T1 *, cudnnTensorStruct, T1 *, cudnnTensorStruct, const T2 *, const T2 *, const T2 *, const T2 *, T2)"
23996421,2464,18697,209,1,1,128,1,1,17,0.000,0.000,,,,,NVIDIA A100 80GB PCIe (0),1,7,"void at::native::vectorized_elementwise_kernel<(int)4, at::native::<unnamed>::launch_clamp_scalar(at::TensorIteratorBase &, c10::Scalar, c10::Scalar, at::native::detail::ClampLimits)::[lambda() (instance 1)]::operator ()() const::[lambda() (instance 7)]::operator ()() const::[lambda(float) (instance 1)], at::detail::Array<char *, (int)2>>(int, T2, T3)"
24024262,3008,18717,2,34,2,256,1,1,32,0.004,0.000,,,,,NVIDIA A100 80GB PCIe (0),1,7,"void cudnn::ops::nchwToNhwcKernel<float, float, float, (bool)0, (bool)1, (cudnnKernelDataType_t)2>(cudnn::ops::nchw2nhwc_params_t<T3>, const T1 *, T2 *)"
24028357,10913,18719,1,34,128,256,1,1,32,0.004,0.000,,,,,NVIDIA A100 80GB PCIe (0),1,7,"void cudnn::ops::nchwToNhwcKernel<float, float, float, (bool)0, (bool)1, (cudnnKernelDataType_t)2>(cudnn::ops::nchw2nhwc_params_t<T3>, const T1 *, T2 *)"
24040325,12961,18723,4,2,1,128,1,1,120,0.000,0.123,,,,,NVIDIA A100 80GB PCIe (0),1,7,sm80_xmma_fprop_implicit_gemm_tf32f32_tf32f32_f32_nhwckrsc_nchw_tilesize64x32x64_stage5_warpsize2x2x1_g1_tensor16x8x8_alignc4_execute_kernel_cudnn_infer
24072006,3040,18764,128,2,1,64,1,1,19,0.000,0.000,,,,,NVIDIA A100 80GB PCIe (0),1,7,"void cudnn::bn_fw_inf_1C11_kernel_NCHW<float, float, (bool)1, (int)1>(T2, T2, cudnnTensorStruct, const T1 *, cudnnTensorStruct, T1 *, cudnnTensorStruct, const T2 *, const T2 *, const T2 *, const T2 *, T2)"
24083014,2080,18771,25,1,1,128,1,1,17,0.000,0.000,,,,,NVIDIA A100 80GB PCIe (0),1,7,"void at::native::vectorized_elementwise_kernel<(int)4, at::native::<unnamed>::launch_clamp_scalar(at::TensorIteratorBase &, c10::Scalar, c10::Scalar, at::native::detail::ClampLimits)::[lambda() (instance 1)]::operator ()() const::[lambda() (instance 7)]::operator ()() const::[lambda(float) (instance 1)], at::detail::Array<char *, (int)2>>(int, T2, T3)"
24115654,2880,18791,2,4,2,256,1,1,32,0.004,0.000,,,,,NVIDIA A100 80GB PCIe (0),1,7,"void cudnn::ops::nchwToNhwcKernel<float, float, float, (bool)0, (bool)1, (cudnnKernelDataType_t)2>(cudnn::ops::nchw2nhwc_params_t<T3>, const T1 *, T2 *)"
24119590,3744,18793,1,4,32,256,1,1,32,0.004,0.000,,,,,NVIDIA A100 80GB PCIe (0),1,7,"void cudnn::ops::nchwToNhwcKernel<float, float, float, (bool)0, (bool)1, (cudnnKernelDataType_t)2>(cudnn::ops::nchw2nhwc_params_t<T3>, const T1 *, T2 *)"
24125030,12928,18797,1,2,1,128,1,1,120,0.000,0.123,,,,,NVIDIA A100 80GB PCIe (0),1,7,sm80_xmma_fprop_implicit_gemm_tf32f32_tf32f32_f32_nhwckrsc_nchw_tilesize64x32x64_stage5_warpsize2x2x1_g1_tensor16x8x8_alignc4_execute_kernel_cudnn_infer
24151878,4000,18810,123,16,1,128,1,1,32,0.000,0.000,,,,,NVIDIA A100 80GB PCIe (0),1,7,"void at::native::<unnamed>::CatArrayBatchedCopy_aligned16_contig<float, unsigned int, (int)4, (int)128, (int)1>(T1 *, at::native::<unnamed>::CatArrInputTensorMetadata<T1, T2, T4, T5>, at::native::<unnamed>::TensorSizeStride<T2, (unsigned int)4>, int, T2)"
24186374,4736,18849,1120,2,1,64,1,1,19,0.000,0.000,,,,,NVIDIA A100 80GB PCIe (0),1,7,"void cudnn::bn_fw_inf_1C11_kernel_NCHW<float, float, (bool)1, (int)1>(T2, T2, cudnnTensorStruct, const T1 *, cudnnTensorStruct, T1 *, cudnnTensorStruct, const T2 *, const T2 *, const T2 *, const T2 *, T2)"
24198086,2464,18856,215,1,1,128,1,1,17,0.000,0.000,,,,,NVIDIA A100 80GB PCIe (0),1,7,"void at::native::vectorized_elementwise_kernel<(int)4, at::native::<unnamed>::launch_clamp_scalar(at::TensorIteratorBase &, c10::Scalar, c10::Scalar, at::native::detail::ClampLimits)::[lambda() (instance 1)]::operator ()() const::[lambda() (instance 7)]::operator ()() const::[lambda(float) (instance 1)], at::detail::Array<char *, (int)2>>(int, T2, T3)"
24227462,3040,18876,2,35,2,256,1,1,32,0.004,0.000,,,,,NVIDIA A100 80GB PCIe (0),1,7,"void cudnn::ops::nchwToNhwcKernel<float, float, float, (bool)0, (bool)1, (cudnnKernelDataType_t)2>(cudnn::ops::nchw2nhwc_params_t<T3>, const T1 *, T2 *)"
24231686,11232,18878,1,35,128,256,1,1,32,0.004,0.000,,,,,NVIDIA A100 80GB PCIe (0),1,7,"void cudnn::ops::nchwToNhwcKernel<float, float, float, (bool)0, (bool)1, (cudnnKernelDataType_t)2>(cudnn::ops::nchw2nhwc_params_t<T3>, const T1 *, T2 *)"
24244070,13344,18882,4,2,1,128,1,1,120,0.000,0.123,,,,,NVIDIA A100 80GB PCIe (0),1,7,sm80_xmma_fprop_implicit_gemm_tf32f32_tf32f32_f32_nhwckrsc_nchw_tilesize64x32x64_stage5_warpsize2x2x1_g1_tensor16x8x8_alignc4_execute_kernel_cudnn_infer
24274694,3072,18923,128,2,1,64,1,1,19,0.000,0.000,,,,,NVIDIA A100 80GB PCIe (0),1,7,"void cudnn::bn_fw_inf_1C11_kernel_NCHW<float, float, (bool)1, (int)1>(T2, T2, cudnnTensorStruct, const T1 *, cudnnTensorStruct, T1 *, cudnnTensorStruct, const T2 *, const T2 *, const T2 *, const T2 *, T2)"
24285958,2080,18930,25,1,1,128,1,1,17,0.000,0.000,,,,,NVIDIA A100 80GB PCIe (0),1,7,"void at::native::vectorized_elementwise_kernel<(int)4, at::native::<unnamed>::launch_clamp_scalar(at::TensorIteratorBase &, c10::Scalar, c10::Scalar, at::native::detail::ClampLimits)::[lambda() (instance 1)]::operator ()() const::[lambda() (instance 7)]::operator ()() const::[lambda(float) (instance 1)], at::detail::Array<char *, (int)2>>(int, T2, T3)"
24310950,2881,18950,2,4,2,256,1,1,32,0.004,0.000,,,,,NVIDIA A100 80GB PCIe (0),1,7,"void cudnn::ops::nchwToNhwcKernel<float, float, float, (bool)0, (bool)1, (cudnnKernelDataType_t)2>(cudnn::ops::nchw2nhwc_params_t<T3>, const T1 *, T2 *)"
24315526,3553,18952,1,4,32,256,1,1,32,0.004,0.000,,,,,NVIDIA A100 80GB PCIe (0),1,7,"void cudnn::ops::nchwToNhwcKernel<float, float, float, (bool)0, (bool)1, (cudnnKernelDataType_t)2>(cudnn::ops::nchw2nhwc_params_t<T3>, const T1 *, T2 *)"
24320199,12928,18956,1,2,1,128,1,1,120,0.000,0.123,,,,,NVIDIA A100 80GB PCIe (0),1,7,sm80_xmma_fprop_implicit_gemm_tf32f32_tf32f32_f32_nhwckrsc_nchw_tilesize64x32x64_stage5_warpsize2x2x1_g1_tensor16x8x8_alignc4_execute_kernel_cudnn_infer
24346598,3937,18969,123,17,1,128,1,1,32,0.000,0.000,,,,,NVIDIA A100 80GB PCIe (0),1,7,"void at::native::<unnamed>::CatArrayBatchedCopy_aligned16_contig<float, unsigned int, (int)4, (int)128, (int)1>(T1 *, at::native::<unnamed>::CatArrInputTensorMetadata<T1, T2, T4, T5>, at::native::<unnamed>::TensorSizeStride<T2, (unsigned int)4>, int, T2)"
24379239,4768,19008,1152,2,1,64,1,1,19,0.000,0.000,,,,,NVIDIA A100 80GB PCIe (0),1,7,"void cudnn::bn_fw_inf_1C11_kernel_NCHW<float, float, (bool)1, (int)1>(T2, T2, cudnnTensorStruct, const T1 *, cudnnTensorStruct, T1 *, cudnnTensorStruct, const T2 *, const T2 *, const T2 *, const T2 *, T2)"
24391015,2496,19015,221,1,1,128,1,1,17,0.000,0.000,,,,,NVIDIA A100 80GB PCIe (0),1,7,"void at::native::vectorized_elementwise_kernel<(int)4, at::native::<unnamed>::launch_clamp_scalar(at::TensorIteratorBase &, c10::Scalar, c10::Scalar, at::native::detail::ClampLimits)::[lambda() (instance 1)]::operator ()() const::[lambda() (instance 7)]::operator ()() const::[lambda(float) (instance 1)], at::detail::Array<char *, (int)2>>(int, T2, T3)"
24437767,3200,19035,2,36,2,256,1,1,32,0.004,0.000,,,,,NVIDIA A100 80GB PCIe (0),1,7,"void cudnn::ops::nchwToNhwcKernel<float, float, float, (bool)0, (bool)1, (cudnnKernelDataType_t)2>(cudnn::ops::nchw2nhwc_params_t<T3>, const T1 *, T2 *)"
24442055,11456,19037,1,36,128,256,1,1,32,0.004,0.000,,,,,NVIDIA A100 80GB PCIe (0),1,7,"void cudnn::ops::nchwToNhwcKernel<float, float, float, (bool)0, (bool)1, (cudnnKernelDataType_t)2>(cudnn::ops::nchw2nhwc_params_t<T3>, const T1 *, T2 *)"
24454695,13184,19041,4,2,1,128,1,1,120,0.000,0.123,,,,,NVIDIA A100 80GB PCIe (0),1,7,sm80_xmma_fprop_implicit_gemm_tf32f32_tf32f32_f32_nhwckrsc_nchw_tilesize64x32x64_stage5_warpsize2x2x1_g1_tensor16x8x8_alignc4_execute_kernel_cudnn_infer
24486279,3008,19082,128,2,1,64,1,1,19,0.000,0.000,,,,,NVIDIA A100 80GB PCIe (0),1,7,"void cudnn::bn_fw_inf_1C11_kernel_NCHW<float, float, (bool)1, (int)1>(T2, T2, cudnnTensorStruct, const T1 *, cudnnTensorStruct, T1 *, cudnnTensorStruct, const T2 *, const T2 *, const T2 *, const T2 *, T2)"
24497319,2048,19089,25,1,1,128,1,1,17,0.000,0.000,,,,,NVIDIA A100 80GB PCIe (0),1,7,"void at::native::vectorized_elementwise_kernel<(int)4, at::native::<unnamed>::launch_clamp_scalar(at::TensorIteratorBase &, c10::Scalar, c10::Scalar, at::native::detail::ClampLimits)::[lambda() (instance 1)]::operator ()() const::[lambda() (instance 7)]::operator ()() const::[lambda(float) (instance 1)], at::detail::Array<char *, (int)2>>(int, T2, T3)"
24523015,2880,19109,2,4,2,256,1,1,32,0.004,0.000,,,,,NVIDIA A100 80GB PCIe (0),1,7,"void cudnn::ops::nchwToNhwcKernel<float, float, float, (bool)0, (bool)1, (cudnnKernelDataType_t)2>(cudnn::ops::nchw2nhwc_params_t<T3>, const T1 *, T2 *)"
24526919,3616,19111,1,4,32,256,1,1,32,0.004,0.000,,,,,NVIDIA A100 80GB PCIe (0),1,7,"void cudnn::ops::nchwToNhwcKernel<float, float, float, (bool)0, (bool)1, (cudnnKernelDataType_t)2>(cudnn::ops::nchw2nhwc_params_t<T3>, const T1 *, T2 *)"
24532807,12928,19115,1,2,1,128,1,1,120,0.000,0.123,,,,,NVIDIA A100 80GB PCIe (0),1,7,sm80_xmma_fprop_implicit_gemm_tf32f32_tf32f32_f32_nhwckrsc_nchw_tilesize64x32x64_stage5_warpsize2x2x1_g1_tensor16x8x8_alignc4_execute_kernel_cudnn_infer
24560423,3968,19128,123,18,1,128,1,1,32,0.000,0.000,,,,,NVIDIA A100 80GB PCIe (0),1,7,"void at::native::<unnamed>::CatArrayBatchedCopy_aligned16_contig<float, unsigned int, (int)4, (int)128, (int)1>(T1 *, at::native::<unnamed>::CatArrInputTensorMetadata<T1, T2, T4, T5>, at::native::<unnamed>::TensorSizeStride<T2, (unsigned int)4>, int, T2)"
24593831,4801,19167,1184,2,1,64,1,1,19,0.000,0.000,,,,,NVIDIA A100 80GB PCIe (0),1,7,"void cudnn::bn_fw_inf_1C11_kernel_NCHW<float, float, (bool)1, (int)1>(T2, T2, cudnnTensorStruct, const T1 *, cudnnTensorStruct, T1 *, cudnnTensorStruct, const T2 *, const T2 *, const T2 *, const T2 *, T2)"
24604775,2464,19174,227,1,1,128,1,1,17,0.000,0.000,,,,,NVIDIA A100 80GB PCIe (0),1,7,"void at::native::vectorized_elementwise_kernel<(int)4, at::native::<unnamed>::launch_clamp_scalar(at::TensorIteratorBase &, c10::Scalar, c10::Scalar, at::native::detail::ClampLimits)::[lambda() (instance 1)]::operator ()() const::[lambda() (instance 7)]::operator ()() const::[lambda(float) (instance 1)], at::detail::Array<char *, (int)2>>(int, T2, T3)"
24636328,3168,19194,2,37,2,256,1,1,32,0.004,0.000,,,,,NVIDIA A100 80GB PCIe (0),1,7,"void cudnn::ops::nchwToNhwcKernel<float, float, float, (bool)0, (bool)1, (cudnnKernelDataType_t)2>(cudnn::ops::nchw2nhwc_params_t<T3>, const T1 *, T2 *)"
24640648,11744,19196,1,37,128,256,1,1,32,0.004,0.000,,,,,NVIDIA A100 80GB PCIe (0),1,7,"void cudnn::ops::nchwToNhwcKernel<float, float, float, (bool)0, (bool)1, (cudnnKernelDataType_t)2>(cudnn::ops::nchw2nhwc_params_t<T3>, const T1 *, T2 *)"
24653544,13696,19200,4,2,1,128,1,1,120,0.000,0.123,,,,,NVIDIA A100 80GB PCIe (0),1,7,sm80_xmma_fprop_implicit_gemm_tf32f32_tf32f32_f32_nhwckrsc_nchw_tilesize64x32x64_stage5_warpsize2x2x1_g1_tensor16x8x8_alignc4_execute_kernel_cudnn_infer
24685896,3040,19241,128,2,1,64,1,1,19,0.000,0.000,,,,,NVIDIA A100 80GB PCIe (0),1,7,"void cudnn::bn_fw_inf_1C11_kernel_NCHW<float, float, (bool)1, (int)1>(T2, T2, cudnnTensorStruct, const T1 *, cudnnTensorStruct, T1 *, cudnnTensorStruct, const T2 *, const T2 *, const T2 *, const T2 *, T2)"
24697960,2080,19248,25,1,1,128,1,1,17,0.000,0.000,,,,,NVIDIA A100 80GB PCIe (0),1,7,"void at::native::vectorized_elementwise_kernel<(int)4, at::native::<unnamed>::launch_clamp_scalar(at::TensorIteratorBase &, c10::Scalar, c10::Scalar, at::native::detail::ClampLimits)::[lambda() (instance 1)]::operator ()() const::[lambda() (instance 7)]::operator ()() const::[lambda(float) (instance 1)], at::detail::Array<char *, (int)2>>(int, T2, T3)"
24724008,2912,19268,2,4,2,256,1,1,32,0.004,0.000,,,,,NVIDIA A100 80GB PCIe (0),1,7,"void cudnn::ops::nchwToNhwcKernel<float, float, float, (bool)0, (bool)1, (cudnnKernelDataType_t)2>(cudnn::ops::nchw2nhwc_params_t<T3>, const T1 *, T2 *)"
24728136,3648,19270,1,4,32,256,1,1,32,0.004,0.000,,,,,NVIDIA A100 80GB PCIe (0),1,7,"void cudnn::ops::nchwToNhwcKernel<float, float, float, (bool)0, (bool)1, (cudnnKernelDataType_t)2>(cudnn::ops::nchw2nhwc_params_t<T3>, const T1 *, T2 *)"
24733288,12928,19274,1,2,1,128,1,1,120,0.000,0.123,,,,,NVIDIA A100 80GB PCIe (0),1,7,sm80_xmma_fprop_implicit_gemm_tf32f32_tf32f32_f32_nhwckrsc_nchw_tilesize64x32x64_stage5_warpsize2x2x1_g1_tensor16x8x8_alignc4_execute_kernel_cudnn_infer
24761544,4128,19287,123,19,1,128,1,1,32,0.000,0.000,,,,,NVIDIA A100 80GB PCIe (0),1,7,"void at::native::<unnamed>::CatArrayBatchedCopy_aligned16_contig<float, unsigned int, (int)4, (int)128, (int)1>(T1 *, at::native::<unnamed>::CatArrInputTensorMetadata<T1, T2, T4, T5>, at::native::<unnamed>::TensorSizeStride<T2, (unsigned int)4>, int, T2)"
24795848,5024,19326,1216,2,1,64,1,1,19,0.000,0.000,,,,,NVIDIA A100 80GB PCIe (0),1,7,"void cudnn::bn_fw_inf_1C11_kernel_NCHW<float, float, (bool)1, (int)1>(T2, T2, cudnnTensorStruct, const T1 *, cudnnTensorStruct, T1 *, cudnnTensorStruct, const T2 *, const T2 *, const T2 *, const T2 *, T2)"
24807400,2496,19333,233,1,1,128,1,1,17,0.000,0.000,,,,,NVIDIA A100 80GB PCIe (0),1,7,"void at::native::vectorized_elementwise_kernel<(int)4, at::native::<unnamed>::launch_clamp_scalar(at::TensorIteratorBase &, c10::Scalar, c10::Scalar, at::native::detail::ClampLimits)::[lambda() (instance 1)]::operator ()() const::[lambda() (instance 7)]::operator ()() const::[lambda(float) (instance 1)], at::detail::Array<char *, (int)2>>(int, T2, T3)"
24835144,3104,19353,2,38,2,256,1,1,32,0.004,0.000,,,,,NVIDIA A100 80GB PCIe (0),1,7,"void cudnn::ops::nchwToNhwcKernel<float, float, float, (bool)0, (bool)1, (cudnnKernelDataType_t)2>(cudnn::ops::nchw2nhwc_params_t<T3>, const T1 *, T2 *)"
24839464,11808,19355,1,38,128,256,1,1,32,0.004,0.000,,,,,NVIDIA A100 80GB PCIe (0),1,7,"void cudnn::ops::nchwToNhwcKernel<float, float, float, (bool)0, (bool)1, (cudnnKernelDataType_t)2>(cudnn::ops::nchw2nhwc_params_t<T3>, const T1 *, T2 *)"
24852456,13664,19359,4,2,1,128,1,1,120,0.000,0.123,,,,,NVIDIA A100 80GB PCIe (0),1,7,sm80_xmma_fprop_implicit_gemm_tf32f32_tf32f32_f32_nhwckrsc_nchw_tilesize64x32x64_stage5_warpsize2x2x1_g1_tensor16x8x8_alignc4_execute_kernel_cudnn_infer
24883752,3040,19400,128,2,1,64,1,1,19,0.000,0.000,,,,,NVIDIA A100 80GB PCIe (0),1,7,"void cudnn::bn_fw_inf_1C11_kernel_NCHW<float, float, (bool)1, (int)1>(T2, T2, cudnnTensorStruct, const T1 *, cudnnTensorStruct, T1 *, cudnnTensorStruct, const T2 *, const T2 *, const T2 *, const T2 *, T2)"
24894345,2079,19407,25,1,1,128,1,1,17,0.000,0.000,,,,,NVIDIA A100 80GB PCIe (0),1,7,"void at::native::vectorized_elementwise_kernel<(int)4, at::native::<unnamed>::launch_clamp_scalar(at::TensorIteratorBase &, c10::Scalar, c10::Scalar, at::native::detail::ClampLimits)::[lambda() (instance 1)]::operator ()() const::[lambda() (instance 7)]::operator ()() const::[lambda(float) (instance 1)], at::detail::Array<char *, (int)2>>(int, T2, T3)"
24920137,2879,19427,2,4,2,256,1,1,32,0.004,0.000,,,,,NVIDIA A100 80GB PCIe (0),1,7,"void cudnn::ops::nchwToNhwcKernel<float, float, float, (bool)0, (bool)1, (cudnnKernelDataType_t)2>(cudnn::ops::nchw2nhwc_params_t<T3>, const T1 *, T2 *)"
24924073,3776,19429,1,4,32,256,1,1,32,0.004,0.000,,,,,NVIDIA A100 80GB PCIe (0),1,7,"void cudnn::ops::nchwToNhwcKernel<float, float, float, (bool)0, (bool)1, (cudnnKernelDataType_t)2>(cudnn::ops::nchw2nhwc_params_t<T3>, const T1 *, T2 *)"
24929129,12960,19433,1,2,1,128,1,1,120,0.000,0.123,,,,,NVIDIA A100 80GB PCIe (0),1,7,sm80_xmma_fprop_implicit_gemm_tf32f32_tf32f32_f32_nhwckrsc_nchw_tilesize64x32x64_stage5_warpsize2x2x1_g1_tensor16x8x8_alignc4_execute_kernel_cudnn_infer
24956809,4160,19446,123,20,1,128,1,1,32,0.000,0.000,,,,,NVIDIA A100 80GB PCIe (0),1,7,"void at::native::<unnamed>::CatArrayBatchedCopy_aligned16_contig<float, unsigned int, (int)4, (int)128, (int)1>(T1 *, at::native::<unnamed>::CatArrInputTensorMetadata<T1, T2, T4, T5>, at::native::<unnamed>::TensorSizeStride<T2, (unsigned int)4>, int, T2)"
24991497,4992,19485,1248,2,1,64,1,1,19,0.000,0.000,,,,,NVIDIA A100 80GB PCIe (0),1,7,"void cudnn::bn_fw_inf_1C11_kernel_NCHW<float, float, (bool)1, (int)1>(T2, T2, cudnnTensorStruct, const T1 *, cudnnTensorStruct, T1 *, cudnnTensorStruct, const T2 *, const T2 *, const T2 *, const T2 *, T2)"
25003401,2496,19492,239,1,1,128,1,1,17,0.000,0.000,,,,,NVIDIA A100 80GB PCIe (0),1,7,"void at::native::vectorized_elementwise_kernel<(int)4, at::native::<unnamed>::launch_clamp_scalar(at::TensorIteratorBase &, c10::Scalar, c10::Scalar, at::native::detail::ClampLimits)::[lambda() (instance 1)]::operator ()() const::[lambda() (instance 7)]::operator ()() const::[lambda(float) (instance 1)], at::detail::Array<char *, (int)2>>(int, T2, T3)"
25032169,2880,19512,2,39,2,256,1,1,32,0.004,0.000,,,,,NVIDIA A100 80GB PCIe (0),1,7,"void cudnn::ops::nchwToNhwcKernel<float, float, float, (bool)0, (bool)1, (cudnnKernelDataType_t)2>(cudnn::ops::nchw2nhwc_params_t<T3>, const T1 *, T2 *)"
25036137,12160,19514,1,39,128,256,1,1,32,0.004,0.000,,,,,NVIDIA A100 80GB PCIe (0),1,7,"void cudnn::ops::nchwToNhwcKernel<float, float, float, (bool)0, (bool)1, (cudnnKernelDataType_t)2>(cudnn::ops::nchw2nhwc_params_t<T3>, const T1 *, T2 *)"
25049257,14048,19518,4,2,1,128,1,1,120,0.000,0.123,,,,,NVIDIA A100 80GB PCIe (0),1,7,sm80_xmma_fprop_implicit_gemm_tf32f32_tf32f32_f32_nhwckrsc_nchw_tilesize64x32x64_stage5_warpsize2x2x1_g1_tensor16x8x8_alignc4_execute_kernel_cudnn_infer
25080009,3040,19559,128,2,1,64,1,1,19,0.000,0.000,,,,,NVIDIA A100 80GB PCIe (0),1,7,"void cudnn::bn_fw_inf_1C11_kernel_NCHW<float, float, (bool)1, (int)1>(T2, T2, cudnnTensorStruct, const T1 *, cudnnTensorStruct, T1 *, cudnnTensorStruct, const T2 *, const T2 *, const T2 *, const T2 *, T2)"
25091305,2080,19566,25,1,1,128,1,1,17,0.000,0.000,,,,,NVIDIA A100 80GB PCIe (0),1,7,"void at::native::vectorized_elementwise_kernel<(int)4, at::native::<unnamed>::launch_clamp_scalar(at::TensorIteratorBase &, c10::Scalar, c10::Scalar, at::native::detail::ClampLimits)::[lambda() (instance 1)]::operator ()() const::[lambda() (instance 7)]::operator ()() const::[lambda(float) (instance 1)], at::detail::Array<char *, (int)2>>(int, T2, T3)"
25120777,2880,19586,2,4,2,256,1,1,32,0.004,0.000,,,,,NVIDIA A100 80GB PCIe (0),1,7,"void cudnn::ops::nchwToNhwcKernel<float, float, float, (bool)0, (bool)1, (cudnnKernelDataType_t)2>(cudnn::ops::nchw2nhwc_params_t<T3>, const T1 *, T2 *)"
25124809,3520,19588,1,4,32,256,1,1,32,0.004,0.000,,,,,NVIDIA A100 80GB PCIe (0),1,7,"void cudnn::ops::nchwToNhwcKernel<float, float, float, (bool)0, (bool)1, (cudnnKernelDataType_t)2>(cudnn::ops::nchw2nhwc_params_t<T3>, const T1 *, T2 *)"
25130186,12959,19592,1,2,1,128,1,1,120,0.000,0.123,,,,,NVIDIA A100 80GB PCIe (0),1,7,sm80_xmma_fprop_implicit_gemm_tf32f32_tf32f32_f32_nhwckrsc_nchw_tilesize64x32x64_stage5_warpsize2x2x1_g1_tensor16x8x8_alignc4_execute_kernel_cudnn_infer
25160042,4031,19605,123,21,1,128,1,1,32,0.000,0.000,,,,,NVIDIA A100 80GB PCIe (0),1,7,"void at::native::<unnamed>::CatArrayBatchedCopy_aligned16_contig<float, unsigned int, (int)4, (int)128, (int)1>(T1 *, at::native::<unnamed>::CatArrInputTensorMetadata<T1, T2, T4, T5>, at::native::<unnamed>::TensorSizeStride<T2, (unsigned int)4>, int, T2)"
25195242,5024,19644,1280,2,1,64,1,1,19,0.000,0.000,,,,,NVIDIA A100 80GB PCIe (0),1,7,"void cudnn::bn_fw_inf_1C11_kernel_NCHW<float, float, (bool)1, (int)1>(T2, T2, cudnnTensorStruct, const T1 *, cudnnTensorStruct, T1 *, cudnnTensorStruct, const T2 *, const T2 *, const T2 *, const T2 *, T2)"
25207722,2464,19651,245,1,1,128,1,1,17,0.000,0.000,,,,,NVIDIA A100 80GB PCIe (0),1,7,"void at::native::vectorized_elementwise_kernel<(int)4, at::native::<unnamed>::launch_clamp_scalar(at::TensorIteratorBase &, c10::Scalar, c10::Scalar, at::native::detail::ClampLimits)::[lambda() (instance 1)]::operator ()() const::[lambda() (instance 7)]::operator ()() const::[lambda(float) (instance 1)], at::detail::Array<char *, (int)2>>(int, T2, T3)"
25237002,2912,19671,2,40,2,256,1,1,32,0.004,0.000,,,,,NVIDIA A100 80GB PCIe (0),1,7,"void cudnn::ops::nchwToNhwcKernel<float, float, float, (bool)0, (bool)1, (cudnnKernelDataType_t)2>(cudnn::ops::nchw2nhwc_params_t<T3>, const T1 *, T2 *)"
25240938,12544,19673,1,40,128,256,1,1,32,0.004,0.000,,,,,NVIDIA A100 80GB PCIe (0),1,7,"void cudnn::ops::nchwToNhwcKernel<float, float, float, (bool)0, (bool)1, (cudnnKernelDataType_t)2>(cudnn::ops::nchw2nhwc_params_t<T3>, const T1 *, T2 *)"
25254666,14016,19677,4,2,1,128,1,1,120,0.000,0.123,,,,,NVIDIA A100 80GB PCIe (0),1,7,sm80_xmma_fprop_implicit_gemm_tf32f32_tf32f32_f32_nhwckrsc_nchw_tilesize64x32x64_stage5_warpsize2x2x1_g1_tensor16x8x8_alignc4_execute_kernel_cudnn_infer
25285258,3008,19718,128,2,1,64,1,1,19,0.000,0.000,,,,,NVIDIA A100 80GB PCIe (0),1,7,"void cudnn::bn_fw_inf_1C11_kernel_NCHW<float, float, (bool)1, (int)1>(T2, T2, cudnnTensorStruct, const T1 *, cudnnTensorStruct, T1 *, cudnnTensorStruct, const T2 *, const T2 *, const T2 *, const T2 *, T2)"
25295786,2080,19725,25,1,1,128,1,1,17,0.000,0.000,,,,,NVIDIA A100 80GB PCIe (0),1,7,"void at::native::vectorized_elementwise_kernel<(int)4, at::native::<unnamed>::launch_clamp_scalar(at::TensorIteratorBase &, c10::Scalar, c10::Scalar, at::native::detail::ClampLimits)::[lambda() (instance 1)]::operator ()() const::[lambda() (instance 7)]::operator ()() const::[lambda(float) (instance 1)], at::detail::Array<char *, (int)2>>(int, T2, T3)"
25321354,2880,19745,2,4,2,256,1,1,32,0.004,0.000,,,,,NVIDIA A100 80GB PCIe (0),1,7,"void cudnn::ops::nchwToNhwcKernel<float, float, float, (bool)0, (bool)1, (cudnnKernelDataType_t)2>(cudnn::ops::nchw2nhwc_params_t<T3>, const T1 *, T2 *)"
25325386,3648,19747,1,4,32,256,1,1,32,0.004,0.000,,,,,NVIDIA A100 80GB PCIe (0),1,7,"void cudnn::ops::nchwToNhwcKernel<float, float, float, (bool)0, (bool)1, (cudnnKernelDataType_t)2>(cudnn::ops::nchw2nhwc_params_t<T3>, const T1 *, T2 *)"
25330826,12896,19751,1,2,1,128,1,1,120,0.000,0.123,,,,,NVIDIA A100 80GB PCIe (0),1,7,sm80_xmma_fprop_implicit_gemm_tf32f32_tf32f32_f32_nhwckrsc_nchw_tilesize64x32x64_stage5_warpsize2x2x1_g1_tensor16x8x8_alignc4_execute_kernel_cudnn_infer
25359562,4192,19764,123,22,1,128,1,1,32,0.000,0.000,,,,,NVIDIA A100 80GB PCIe (0),1,7,"void at::native::<unnamed>::CatArrayBatchedCopy_aligned16_contig<float, unsigned int, (int)4, (int)128, (int)1>(T1 *, at::native::<unnamed>::CatArrInputTensorMetadata<T1, T2, T4, T5>, at::native::<unnamed>::TensorSizeStride<T2, (unsigned int)4>, int, T2)"
25393290,5024,19803,1312,2,1,64,1,1,19,0.000,0.000,,,,,NVIDIA A100 80GB PCIe (0),1,7,"void cudnn::bn_fw_inf_1C11_kernel_NCHW<float, float, (bool)1, (int)1>(T2, T2, cudnnTensorStruct, const T1 *, cudnnTensorStruct, T1 *, cudnnTensorStruct, const T2 *, const T2 *, const T2 *, const T2 *, T2)"
25404906,2528,19810,252,1,1,128,1,1,17,0.000,0.000,,,,,NVIDIA A100 80GB PCIe (0),1,7,"void at::native::vectorized_elementwise_kernel<(int)4, at::native::<unnamed>::launch_clamp_scalar(at::TensorIteratorBase &, c10::Scalar, c10::Scalar, at::native::detail::ClampLimits)::[lambda() (instance 1)]::operator ()() const::[lambda() (instance 7)]::operator ()() const::[lambda(float) (instance 1)], at::detail::Array<char *, (int)2>>(int, T2, T3)"
25433418,2977,19830,2,41,2,256,1,1,32,0.004,0.000,,,,,NVIDIA A100 80GB PCIe (0),1,7,"void cudnn::ops::nchwToNhwcKernel<float, float, float, (bool)0, (bool)1, (cudnnKernelDataType_t)2>(cudnn::ops::nchw2nhwc_params_t<T3>, const T1 *, T2 *)"
25437578,12833,19832,1,41,128,256,1,1,32,0.004,0.000,,,,,NVIDIA A100 80GB PCIe (0),1,7,"void cudnn::ops::nchwToNhwcKernel<float, float, float, (bool)0, (bool)1, (cudnnKernelDataType_t)2>(cudnn::ops::nchw2nhwc_params_t<T3>, const T1 *, T2 *)"
25451434,14528,19836,4,2,1,128,1,1,120,0.000,0.123,,,,,NVIDIA A100 80GB PCIe (0),1,7,sm80_xmma_fprop_implicit_gemm_tf32f32_tf32f32_f32_nhwckrsc_nchw_tilesize64x32x64_stage5_warpsize2x2x1_g1_tensor16x8x8_alignc4_execute_kernel_cudnn_infer
25487819,3072,19877,128,2,1,64,1,1,19,0.000,0.000,,,,,NVIDIA A100 80GB PCIe (0),1,7,"void cudnn::bn_fw_inf_1C11_kernel_NCHW<float, float, (bool)1, (int)1>(T2, T2, cudnnTensorStruct, const T1 *, cudnnTensorStruct, T1 *, cudnnTensorStruct, const T2 *, const T2 *, const T2 *, const T2 *, T2)"
25500459,2080,19884,25,1,1,128,1,1,17,0.000,0.000,,,,,NVIDIA A100 80GB PCIe (0),1,7,"void at::native::vectorized_elementwise_kernel<(int)4, at::native::<unnamed>::launch_clamp_scalar(at::TensorIteratorBase &, c10::Scalar, c10::Scalar, at::native::detail::ClampLimits)::[lambda() (instance 1)]::operator ()() const::[lambda() (instance 7)]::operator ()() const::[lambda(float) (instance 1)], at::detail::Array<char *, (int)2>>(int, T2, T3)"
25526923,2880,19904,2,4,2,256,1,1,32,0.004,0.000,,,,,NVIDIA A100 80GB PCIe (0),1,7,"void cudnn::ops::nchwToNhwcKernel<float, float, float, (bool)0, (bool)1, (cudnnKernelDataType_t)2>(cudnn::ops::nchw2nhwc_params_t<T3>, const T1 *, T2 *)"
25530923,3520,19906,1,4,32,256,1,1,32,0.004,0.000,,,,,NVIDIA A100 80GB PCIe (0),1,7,"void cudnn::ops::nchwToNhwcKernel<float, float, float, (bool)0, (bool)1, (cudnnKernelDataType_t)2>(cudnn::ops::nchw2nhwc_params_t<T3>, const T1 *, T2 *)"
25536779,12928,19910,1,2,1,128,1,1,120,0.000,0.123,,,,,NVIDIA A100 80GB PCIe (0),1,7,sm80_xmma_fprop_implicit_gemm_tf32f32_tf32f32_f32_nhwckrsc_nchw_tilesize64x32x64_stage5_warpsize2x2x1_g1_tensor16x8x8_alignc4_execute_kernel_cudnn_infer
25567307,4160,19923,123,23,1,128,1,1,32,0.000,0.000,,,,,NVIDIA A100 80GB PCIe (0),1,7,"void at::native::<unnamed>::CatArrayBatchedCopy_aligned16_contig<float, unsigned int, (int)4, (int)128, (int)1>(T1 *, at::native::<unnamed>::CatArrInputTensorMetadata<T1, T2, T4, T5>, at::native::<unnamed>::TensorSizeStride<T2, (unsigned int)4>, int, T2)"
25601675,5024,19962,1344,2,1,64,1,1,19,0.000,0.000,,,,,NVIDIA A100 80GB PCIe (0),1,7,"void cudnn::bn_fw_inf_1C11_kernel_NCHW<float, float, (bool)1, (int)1>(T2, T2, cudnnTensorStruct, const T1 *, cudnnTensorStruct, T1 *, cudnnTensorStruct, const T2 *, const T2 *, const T2 *, const T2 *, T2)"
25613003,2528,19969,258,1,1,128,1,1,17,0.000,0.000,,,,,NVIDIA A100 80GB PCIe (0),1,7,"void at::native::vectorized_elementwise_kernel<(int)4, at::native::<unnamed>::launch_clamp_scalar(at::TensorIteratorBase &, c10::Scalar, c10::Scalar, at::native::detail::ClampLimits)::[lambda() (instance 1)]::operator ()() const::[lambda() (instance 7)]::operator ()() const::[lambda(float) (instance 1)], at::detail::Array<char *, (int)2>>(int, T2, T3)"
25641195,2944,19989,2,42,2,256,1,1,32,0.004,0.000,,,,,NVIDIA A100 80GB PCIe (0),1,7,"void cudnn::ops::nchwToNhwcKernel<float, float, float, (bool)0, (bool)1, (cudnnKernelDataType_t)2>(cudnn::ops::nchw2nhwc_params_t<T3>, const T1 *, T2 *)"
25645131,13152,19991,1,42,128,256,1,1,32,0.004,0.000,,,,,NVIDIA A100 80GB PCIe (0),1,7,"void cudnn::ops::nchwToNhwcKernel<float, float, float, (bool)0, (bool)1, (cudnnKernelDataType_t)2>(cudnn::ops::nchw2nhwc_params_t<T3>, const T1 *, T2 *)"
25659307,14400,19995,4,2,1,128,1,1,120,0.000,0.123,,,,,NVIDIA A100 80GB PCIe (0),1,7,sm80_xmma_fprop_implicit_gemm_tf32f32_tf32f32_f32_nhwckrsc_nchw_tilesize64x32x64_stage5_warpsize2x2x1_g1_tensor16x8x8_alignc4_execute_kernel_cudnn_infer
25689195,3136,20036,128,2,1,64,1,1,19,0.000,0.000,,,,,NVIDIA A100 80GB PCIe (0),1,7,"void cudnn::bn_fw_inf_1C11_kernel_NCHW<float, float, (bool)1, (int)1>(T2, T2, cudnnTensorStruct, const T1 *, cudnnTensorStruct, T1 *, cudnnTensorStruct, const T2 *, const T2 *, const T2 *, const T2 *, T2)"
25700395,2048,20043,25,1,1,128,1,1,17,0.000,0.000,,,,,NVIDIA A100 80GB PCIe (0),1,7,"void at::native::vectorized_elementwise_kernel<(int)4, at::native::<unnamed>::launch_clamp_scalar(at::TensorIteratorBase &, c10::Scalar, c10::Scalar, at::native::detail::ClampLimits)::[lambda() (instance 1)]::operator ()() const::[lambda() (instance 7)]::operator ()() const::[lambda(float) (instance 1)], at::detail::Array<char *, (int)2>>(int, T2, T3)"
25729611,2913,20063,2,4,2,256,1,1,32,0.004,0.000,,,,,NVIDIA A100 80GB PCIe (0),1,7,"void cudnn::ops::nchwToNhwcKernel<float, float, float, (bool)0, (bool)1, (cudnnKernelDataType_t)2>(cudnn::ops::nchw2nhwc_params_t<T3>, const T1 *, T2 *)"
25733675,3616,20065,1,4,32,256,1,1,32,0.004,0.000,,,,,NVIDIA A100 80GB PCIe (0),1,7,"void cudnn::ops::nchwToNhwcKernel<float, float, float, (bool)0, (bool)1, (cudnnKernelDataType_t)2>(cudnn::ops::nchw2nhwc_params_t<T3>, const T1 *, T2 *)"
25739115,12896,20069,1,2,1,128,1,1,120,0.000,0.123,,,,,NVIDIA A100 80GB PCIe (0),1,7,sm80_xmma_fprop_implicit_gemm_tf32f32_tf32f32_f32_nhwckrsc_nchw_tilesize64x32x64_stage5_warpsize2x2x1_g1_tensor16x8x8_alignc4_execute_kernel_cudnn_infer
25769708,4192,20082,123,24,1,128,1,1,32,0.000,0.000,,,,,NVIDIA A100 80GB PCIe (0),1,7,"void at::native::<unnamed>::CatArrayBatchedCopy_aligned16_contig<float, unsigned int, (int)4, (int)128, (int)1>(T1 *, at::native::<unnamed>::CatArrInputTensorMetadata<T1, T2, T4, T5>, at::native::<unnamed>::TensorSizeStride<T2, (unsigned int)4>, int, T2)"
25804940,5248,20121,1376,2,1,64,1,1,19,0.000,0.000,,,,,NVIDIA A100 80GB PCIe (0),1,7,"void cudnn::bn_fw_inf_1C11_kernel_NCHW<float, float, (bool)1, (int)1>(T2, T2, cudnnTensorStruct, const T1 *, cudnnTensorStruct, T1 *, cudnnTensorStruct, const T2 *, const T2 *, const T2 *, const T2 *, T2)"
25816492,2528,20128,264,1,1,128,1,1,17,0.000,0.000,,,,,NVIDIA A100 80GB PCIe (0),1,7,"void at::native::vectorized_elementwise_kernel<(int)4, at::native::<unnamed>::launch_clamp_scalar(at::TensorIteratorBase &, c10::Scalar, c10::Scalar, at::native::detail::ClampLimits)::[lambda() (instance 1)]::operator ()() const::[lambda() (instance 7)]::operator ()() const::[lambda(float) (instance 1)], at::detail::Array<char *, (int)2>>(int, T2, T3)"
25845100,2944,20148,2,43,2,256,1,1,32,0.004,0.000,,,,,NVIDIA A100 80GB PCIe (0),1,7,"void cudnn::ops::nchwToNhwcKernel<float, float, float, (bool)0, (bool)1, (cudnnKernelDataType_t)2>(cudnn::ops::nchw2nhwc_params_t<T3>, const T1 *, T2 *)"
25849196,13280,20150,1,43,128,256,1,1,32,0.004,0.000,,,,,NVIDIA A100 80GB PCIe (0),1,7,"void cudnn::ops::nchwToNhwcKernel<float, float, float, (bool)0, (bool)1, (cudnnKernelDataType_t)2>(cudnn::ops::nchw2nhwc_params_t<T3>, const T1 *, T2 *)"
25863564,14912,20154,4,2,1,128,1,1,120,0.000,0.123,,,,,NVIDIA A100 80GB PCIe (0),1,7,sm80_xmma_fprop_implicit_gemm_tf32f32_tf32f32_f32_nhwckrsc_nchw_tilesize64x32x64_stage5_warpsize2x2x1_g1_tensor16x8x8_alignc4_execute_kernel_cudnn_infer
25893228,3040,20195,128,2,1,64,1,1,19,0.000,0.000,,,,,NVIDIA A100 80GB PCIe (0),1,7,"void cudnn::bn_fw_inf_1C11_kernel_NCHW<float, float, (bool)1, (int)1>(T2, T2, cudnnTensorStruct, const T1 *, cudnnTensorStruct, T1 *, cudnnTensorStruct, const T2 *, const T2 *, const T2 *, const T2 *, T2)"
25904684,2080,20202,25,1,1,128,1,1,17,0.000,0.000,,,,,NVIDIA A100 80GB PCIe (0),1,7,"void at::native::vectorized_elementwise_kernel<(int)4, at::native::<unnamed>::launch_clamp_scalar(at::TensorIteratorBase &, c10::Scalar, c10::Scalar, at::native::detail::ClampLimits)::[lambda() (instance 1)]::operator ()() const::[lambda() (instance 7)]::operator ()() const::[lambda(float) (instance 1)], at::detail::Array<char *, (int)2>>(int, T2, T3)"
25930796,2912,20222,2,4,2,256,1,1,32,0.004,0.000,,,,,NVIDIA A100 80GB PCIe (0),1,7,"void cudnn::ops::nchwToNhwcKernel<float, float, float, (bool)0, (bool)1, (cudnnKernelDataType_t)2>(cudnn::ops::nchw2nhwc_params_t<T3>, const T1 *, T2 *)"
25934732,3712,20224,1,4,32,256,1,1,32,0.004,0.000,,,,,NVIDIA A100 80GB PCIe (0),1,7,"void cudnn::ops::nchwToNhwcKernel<float, float, float, (bool)0, (bool)1, (cudnnKernelDataType_t)2>(cudnn::ops::nchw2nhwc_params_t<T3>, const T1 *, T2 *)"
25940012,12928,20228,1,2,1,128,1,1,120,0.000,0.123,,,,,NVIDIA A100 80GB PCIe (0),1,7,sm80_xmma_fprop_implicit_gemm_tf32f32_tf32f32_f32_nhwckrsc_nchw_tilesize64x32x64_stage5_warpsize2x2x1_g1_tensor16x8x8_alignc4_execute_kernel_cudnn_infer
25969740,4192,20241,123,25,1,128,1,1,32,0.000,0.000,,,,,NVIDIA A100 80GB PCIe (0),1,7,"void at::native::<unnamed>::CatArrayBatchedCopy_aligned16_contig<float, unsigned int, (int)4, (int)128, (int)1>(T1 *, at::native::<unnamed>::CatArrInputTensorMetadata<T1, T2, T4, T5>, at::native::<unnamed>::TensorSizeStride<T2, (unsigned int)4>, int, T2)"
26004109,5215,20280,1408,2,1,64,1,1,19,0.000,0.000,,,,,NVIDIA A100 80GB PCIe (0),1,7,"void cudnn::bn_fw_inf_1C11_kernel_NCHW<float, float, (bool)1, (int)1>(T2, T2, cudnnTensorStruct, const T1 *, cudnnTensorStruct, T1 *, cudnnTensorStruct, const T2 *, const T2 *, const T2 *, const T2 *, T2)"
26015852,2496,20287,270,1,1,128,1,1,17,0.000,0.000,,,,,NVIDIA A100 80GB PCIe (0),1,7,"void at::native::vectorized_elementwise_kernel<(int)4, at::native::<unnamed>::launch_clamp_scalar(at::TensorIteratorBase &, c10::Scalar, c10::Scalar, at::native::detail::ClampLimits)::[lambda() (instance 1)]::operator ()() const::[lambda() (instance 7)]::operator ()() const::[lambda(float) (instance 1)], at::detail::Array<char *, (int)2>>(int, T2, T3)"
26044365,3071,20307,2,44,2,256,1,1,32,0.004,0.000,,,,,NVIDIA A100 80GB PCIe (0),1,7,"void cudnn::ops::nchwToNhwcKernel<float, float, float, (bool)0, (bool)1, (cudnnKernelDataType_t)2>(cudnn::ops::nchw2nhwc_params_t<T3>, const T1 *, T2 *)"
26048525,13344,20309,1,44,128,256,1,1,32,0.004,0.000,,,,,NVIDIA A100 80GB PCIe (0),1,7,"void cudnn::ops::nchwToNhwcKernel<float, float, float, (bool)0, (bool)1, (cudnnKernelDataType_t)2>(cudnn::ops::nchw2nhwc_params_t<T3>, const T1 *, T2 *)"
26063053,14880,20313,4,2,1,128,1,1,120,0.000,0.123,,,,,NVIDIA A100 80GB PCIe (0),1,7,sm80_xmma_fprop_implicit_gemm_tf32f32_tf32f32_f32_nhwckrsc_nchw_tilesize64x32x64_stage5_warpsize2x2x1_g1_tensor16x8x8_alignc4_execute_kernel_cudnn_infer
26093197,3008,20354,128,2,1,64,1,1,19,0.000,0.000,,,,,NVIDIA A100 80GB PCIe (0),1,7,"void cudnn::bn_fw_inf_1C11_kernel_NCHW<float, float, (bool)1, (int)1>(T2, T2, cudnnTensorStruct, const T1 *, cudnnTensorStruct, T1 *, cudnnTensorStruct, const T2 *, const T2 *, const T2 *, const T2 *, T2)"
26103981,2080,20361,25,1,1,128,1,1,17,0.000,0.000,,,,,NVIDIA A100 80GB PCIe (0),1,7,"void at::native::vectorized_elementwise_kernel<(int)4, at::native::<unnamed>::launch_clamp_scalar(at::TensorIteratorBase &, c10::Scalar, c10::Scalar, at::native::detail::ClampLimits)::[lambda() (instance 1)]::operator ()() const::[lambda() (instance 7)]::operator ()() const::[lambda(float) (instance 1)], at::detail::Array<char *, (int)2>>(int, T2, T3)"
26129709,2912,20381,2,4,2,256,1,1,32,0.004,0.000,,,,,NVIDIA A100 80GB PCIe (0),1,7,"void cudnn::ops::nchwToNhwcKernel<float, float, float, (bool)0, (bool)1, (cudnnKernelDataType_t)2>(cudnn::ops::nchw2nhwc_params_t<T3>, const T1 *, T2 *)"
26133741,3520,20383,1,4,32,256,1,1,32,0.004,0.000,,,,,NVIDIA A100 80GB PCIe (0),1,7,"void cudnn::ops::nchwToNhwcKernel<float, float, float, (bool)0, (bool)1, (cudnnKernelDataType_t)2>(cudnn::ops::nchw2nhwc_params_t<T3>, const T1 *, T2 *)"
26139533,12864,20387,1,2,1,128,1,1,120,0.000,0.123,,,,,NVIDIA A100 80GB PCIe (0),1,7,sm80_xmma_fprop_implicit_gemm_tf32f32_tf32f32_f32_nhwckrsc_nchw_tilesize64x32x64_stage5_warpsize2x2x1_g1_tensor16x8x8_alignc4_execute_kernel_cudnn_infer
26170317,4352,20400,123,26,1,128,1,1,32,0.000,0.000,,,,,NVIDIA A100 80GB PCIe (0),1,7,"void at::native::<unnamed>::CatArrayBatchedCopy_aligned16_contig<float, unsigned int, (int)4, (int)128, (int)1>(T1 *, at::native::<unnamed>::CatArrInputTensorMetadata<T1, T2, T4, T5>, at::native::<unnamed>::TensorSizeStride<T2, (unsigned int)4>, int, T2)"
26204365,5152,20439,1440,2,1,64,1,1,19,0.000,0.000,,,,,NVIDIA A100 80GB PCIe (0),1,7,"void cudnn::bn_fw_inf_1C11_kernel_NCHW<float, float, (bool)1, (int)1>(T2, T2, cudnnTensorStruct, const T1 *, cudnnTensorStruct, T1 *, cudnnTensorStruct, const T2 *, const T2 *, const T2 *, const T2 *, T2)"
26216237,2496,20446,276,1,1,128,1,1,17,0.000,0.000,,,,,NVIDIA A100 80GB PCIe (0),1,7,"void at::native::vectorized_elementwise_kernel<(int)4, at::native::<unnamed>::launch_clamp_scalar(at::TensorIteratorBase &, c10::Scalar, c10::Scalar, at::native::detail::ClampLimits)::[lambda() (instance 1)]::operator ()() const::[lambda() (instance 7)]::operator ()() const::[lambda(float) (instance 1)], at::detail::Array<char *, (int)2>>(int, T2, T3)"
26244877,3136,20466,2,45,2,256,1,1,32,0.004,0.000,,,,,NVIDIA A100 80GB PCIe (0),1,7,"void cudnn::ops::nchwToNhwcKernel<float, float, float, (bool)0, (bool)1, (cudnnKernelDataType_t)2>(cudnn::ops::nchw2nhwc_params_t<T3>, const T1 *, T2 *)"
26249069,13568,20468,1,45,128,256,1,1,32,0.004,0.000,,,,,NVIDIA A100 80GB PCIe (0),1,7,"void cudnn::ops::nchwToNhwcKernel<float, float, float, (bool)0, (bool)1, (cudnnKernelDataType_t)2>(cudnn::ops::nchw2nhwc_params_t<T3>, const T1 *, T2 *)"
26263789,15328,20472,4,2,1,128,1,1,120,0.000,0.123,,,,,NVIDIA A100 80GB PCIe (0),1,7,sm80_xmma_fprop_implicit_gemm_tf32f32_tf32f32_f32_nhwckrsc_nchw_tilesize64x32x64_stage5_warpsize2x2x1_g1_tensor16x8x8_alignc4_execute_kernel_cudnn_infer
26291629,3072,20513,128,2,1,64,1,1,19,0.000,0.000,,,,,NVIDIA A100 80GB PCIe (0),1,7,"void cudnn::bn_fw_inf_1C11_kernel_NCHW<float, float, (bool)1, (int)1>(T2, T2, cudnnTensorStruct, const T1 *, cudnnTensorStruct, T1 *, cudnnTensorStruct, const T2 *, const T2 *, const T2 *, const T2 *, T2)"
26303021,2048,20520,25,1,1,128,1,1,17,0.000,0.000,,,,,NVIDIA A100 80GB PCIe (0),1,7,"void at::native::vectorized_elementwise_kernel<(int)4, at::native::<unnamed>::launch_clamp_scalar(at::TensorIteratorBase &, c10::Scalar, c10::Scalar, at::native::detail::ClampLimits)::[lambda() (instance 1)]::operator ()() const::[lambda() (instance 7)]::operator ()() const::[lambda(float) (instance 1)], at::detail::Array<char *, (int)2>>(int, T2, T3)"
26348942,2880,20540,2,4,2,256,1,1,32,0.004,0.000,,,,,NVIDIA A100 80GB PCIe (0),1,7,"void cudnn::ops::nchwToNhwcKernel<float, float, float, (bool)0, (bool)1, (cudnnKernelDataType_t)2>(cudnn::ops::nchw2nhwc_params_t<T3>, const T1 *, T2 *)"
26352910,3552,20542,1,4,32,256,1,1,32,0.004,0.000,,,,,NVIDIA A100 80GB PCIe (0),1,7,"void cudnn::ops::nchwToNhwcKernel<float, float, float, (bool)0, (bool)1, (cudnnKernelDataType_t)2>(cudnn::ops::nchw2nhwc_params_t<T3>, const T1 *, T2 *)"
26357774,12992,20546,1,2,1,128,1,1,120,0.000,0.123,,,,,NVIDIA A100 80GB PCIe (0),1,7,sm80_xmma_fprop_implicit_gemm_tf32f32_tf32f32_f32_nhwckrsc_nchw_tilesize64x32x64_stage5_warpsize2x2x1_g1_tensor16x8x8_alignc4_execute_kernel_cudnn_infer
26388590,4928,20559,123,27,1,128,1,1,32,0.000,0.000,,,,,NVIDIA A100 80GB PCIe (0),1,7,"void at::native::<unnamed>::CatArrayBatchedCopy_aligned16_contig<float, unsigned int, (int)4, (int)128, (int)1>(T1 *, at::native::<unnamed>::CatArrInputTensorMetadata<T1, T2, T4, T5>, at::native::<unnamed>::TensorSizeStride<T2, (unsigned int)4>, int, T2)"
26422894,5312,20598,1472,2,1,64,1,1,19,0.000,0.000,,,,,NVIDIA A100 80GB PCIe (0),1,7,"void cudnn::bn_fw_inf_1C11_kernel_NCHW<float, float, (bool)1, (int)1>(T2, T2, cudnnTensorStruct, const T1 *, cudnnTensorStruct, T1 *, cudnnTensorStruct, const T2 *, const T2 *, const T2 *, const T2 *, T2)"
26434414,2560,20605,282,1,1,128,1,1,17,0.000,0.000,,,,,NVIDIA A100 80GB PCIe (0),1,7,"void at::native::vectorized_elementwise_kernel<(int)4, at::native::<unnamed>::launch_clamp_scalar(at::TensorIteratorBase &, c10::Scalar, c10::Scalar, at::native::detail::ClampLimits)::[lambda() (instance 1)]::operator ()() const::[lambda() (instance 7)]::operator ()() const::[lambda(float) (instance 1)], at::detail::Array<char *, (int)2>>(int, T2, T3)"
26462798,3136,20625,2,46,2,256,1,1,32,0.004,0.000,,,,,NVIDIA A100 80GB PCIe (0),1,7,"void cudnn::ops::nchwToNhwcKernel<float, float, float, (bool)0, (bool)1, (cudnnKernelDataType_t)2>(cudnn::ops::nchw2nhwc_params_t<T3>, const T1 *, T2 *)"
26466958,13760,20627,1,46,128,256,1,1,32,0.004,0.000,,,,,NVIDIA A100 80GB PCIe (0),1,7,"void cudnn::ops::nchwToNhwcKernel<float, float, float, (bool)0, (bool)1, (cudnnKernelDataType_t)2>(cudnn::ops::nchw2nhwc_params_t<T3>, const T1 *, T2 *)"
26481934,15264,20631,4,2,1,128,1,1,120,0.000,0.123,,,,,NVIDIA A100 80GB PCIe (0),1,7,sm80_xmma_fprop_implicit_gemm_tf32f32_tf32f32_f32_nhwckrsc_nchw_tilesize64x32x64_stage5_warpsize2x2x1_g1_tensor16x8x8_alignc4_execute_kernel_cudnn_infer
26511822,3008,20672,128,2,1,64,1,1,19,0.000,0.000,,,,,NVIDIA A100 80GB PCIe (0),1,7,"void cudnn::bn_fw_inf_1C11_kernel_NCHW<float, float, (bool)1, (int)1>(T2, T2, cudnnTensorStruct, const T1 *, cudnnTensorStruct, T1 *, cudnnTensorStruct, const T2 *, const T2 *, const T2 *, const T2 *, T2)"
26522702,2080,20679,25,1,1,128,1,1,17,0.000,0.000,,,,,NVIDIA A100 80GB PCIe (0),1,7,"void at::native::vectorized_elementwise_kernel<(int)4, at::native::<unnamed>::launch_clamp_scalar(at::TensorIteratorBase &, c10::Scalar, c10::Scalar, at::native::detail::ClampLimits)::[lambda() (instance 1)]::operator ()() const::[lambda() (instance 7)]::operator ()() const::[lambda(float) (instance 1)], at::detail::Array<char *, (int)2>>(int, T2, T3)"
26548622,2912,20699,2,4,2,256,1,1,32,0.004,0.000,,,,,NVIDIA A100 80GB PCIe (0),1,7,"void cudnn::ops::nchwToNhwcKernel<float, float, float, (bool)0, (bool)1, (cudnnKernelDataType_t)2>(cudnn::ops::nchw2nhwc_params_t<T3>, const T1 *, T2 *)"
26552655,3519,20701,1,4,32,256,1,1,32,0.004,0.000,,,,,NVIDIA A100 80GB PCIe (0),1,7,"void cudnn::ops::nchwToNhwcKernel<float, float, float, (bool)0, (bool)1, (cudnnKernelDataType_t)2>(cudnn::ops::nchw2nhwc_params_t<T3>, const T1 *, T2 *)"
26557390,12961,20705,1,2,1,128,1,1,120,0.000,0.123,,,,,NVIDIA A100 80GB PCIe (0),1,7,sm80_xmma_fprop_implicit_gemm_tf32f32_tf32f32_f32_nhwckrsc_nchw_tilesize64x32x64_stage5_warpsize2x2x1_g1_tensor16x8x8_alignc4_execute_kernel_cudnn_infer
26588302,4289,20718,123,28,1,128,1,1,32,0.000,0.000,,,,,NVIDIA A100 80GB PCIe (0),1,7,"void at::native::<unnamed>::CatArrayBatchedCopy_aligned16_contig<float, unsigned int, (int)4, (int)128, (int)1>(T1 *, at::native::<unnamed>::CatArrInputTensorMetadata<T1, T2, T4, T5>, at::native::<unnamed>::TensorSizeStride<T2, (unsigned int)4>, int, T2)"
26623055,5279,20757,1504,2,1,64,1,1,19,0.000,0.000,,,,,NVIDIA A100 80GB PCIe (0),1,7,"void cudnn::bn_fw_inf_1C11_kernel_NCHW<float, float, (bool)1, (int)1>(T2, T2, cudnnTensorStruct, const T1 *, cudnnTensorStruct, T1 *, cudnnTensorStruct, const T2 *, const T2 *, const T2 *, const T2 *, T2)"
26634063,2528,20764,288,1,1,128,1,1,17,0.000,0.000,,,,,NVIDIA A100 80GB PCIe (0),1,7,"void at::native::vectorized_elementwise_kernel<(int)4, at::native::<unnamed>::launch_clamp_scalar(at::TensorIteratorBase &, c10::Scalar, c10::Scalar, at::native::detail::ClampLimits)::[lambda() (instance 1)]::operator ()() const::[lambda() (instance 7)]::operator ()() const::[lambda(float) (instance 1)], at::detail::Array<char *, (int)2>>(int, T2, T3)"
26663471,3008,20784,2,47,2,256,1,1,32,0.004,0.000,,,,,NVIDIA A100 80GB PCIe (0),1,7,"void cudnn::ops::nchwToNhwcKernel<float, float, float, (bool)0, (bool)1, (cudnnKernelDataType_t)2>(cudnn::ops::nchw2nhwc_params_t<T3>, const T1 *, T2 *)"
26667663,14048,20786,1,47,128,256,1,1,32,0.004,0.000,,,,,NVIDIA A100 80GB PCIe (0),1,7,"void cudnn::ops::nchwToNhwcKernel<float, float, float, (bool)0, (bool)1, (cudnnKernelDataType_t)2>(cudnn::ops::nchw2nhwc_params_t<T3>, const T1 *, T2 *)"
26682703,15648,20790,4,2,1,128,1,1,120,0.000,0.123,,,,,NVIDIA A100 80GB PCIe (0),1,7,sm80_xmma_fprop_implicit_gemm_tf32f32_tf32f32_f32_nhwckrsc_nchw_tilesize64x32x64_stage5_warpsize2x2x1_g1_tensor16x8x8_alignc4_execute_kernel_cudnn_infer
26718351,3168,20831,128,2,1,64,1,1,19,0.000,0.000,,,,,NVIDIA A100 80GB PCIe (0),1,7,"void cudnn::bn_fw_inf_1C11_kernel_NCHW<float, float, (bool)1, (int)1>(T2, T2, cudnnTensorStruct, const T1 *, cudnnTensorStruct, T1 *, cudnnTensorStruct, const T2 *, const T2 *, const T2 *, const T2 *, T2)"
26730127,2080,20838,25,1,1,128,1,1,17,0.000,0.000,,,,,NVIDIA A100 80GB PCIe (0),1,7,"void at::native::vectorized_elementwise_kernel<(int)4, at::native::<unnamed>::launch_clamp_scalar(at::TensorIteratorBase &, c10::Scalar, c10::Scalar, at::native::detail::ClampLimits)::[lambda() (instance 1)]::operator ()() const::[lambda() (instance 7)]::operator ()() const::[lambda(float) (instance 1)], at::detail::Array<char *, (int)2>>(int, T2, T3)"
26756751,2880,20858,2,4,2,256,1,1,32,0.004,0.000,,,,,NVIDIA A100 80GB PCIe (0),1,7,"void cudnn::ops::nchwToNhwcKernel<float, float, float, (bool)0, (bool)1, (cudnnKernelDataType_t)2>(cudnn::ops::nchw2nhwc_params_t<T3>, const T1 *, T2 *)"
26761359,3616,20860,1,4,32,256,1,1,32,0.004,0.000,,,,,NVIDIA A100 80GB PCIe (0),1,7,"void cudnn::ops::nchwToNhwcKernel<float, float, float, (bool)0, (bool)1, (cudnnKernelDataType_t)2>(cudnn::ops::nchw2nhwc_params_t<T3>, const T1 *, T2 *)"
26766575,12992,20864,1,2,1,128,1,1,120,0.000,0.123,,,,,NVIDIA A100 80GB PCIe (0),1,7,sm80_xmma_fprop_implicit_gemm_tf32f32_tf32f32_f32_nhwckrsc_nchw_tilesize64x32x64_stage5_warpsize2x2x1_g1_tensor16x8x8_alignc4_execute_kernel_cudnn_infer
26798351,4512,20877,123,29,1,128,1,1,32,0.000,0.000,,,,,NVIDIA A100 80GB PCIe (0),1,7,"void at::native::<unnamed>::CatArrayBatchedCopy_aligned16_contig<float, unsigned int, (int)4, (int)128, (int)1>(T1 *, at::native::<unnamed>::CatArrInputTensorMetadata<T1, T2, T4, T5>, at::native::<unnamed>::TensorSizeStride<T2, (unsigned int)4>, int, T2)"
26832783,5344,20916,1536,2,1,64,1,1,19,0.000,0.000,,,,,NVIDIA A100 80GB PCIe (0),1,7,"void cudnn::bn_fw_inf_1C11_kernel_NCHW<float, float, (bool)1, (int)1>(T2, T2, cudnnTensorStruct, const T1 *, cudnnTensorStruct, T1 *, cudnnTensorStruct, const T2 *, const T2 *, const T2 *, const T2 *, T2)"
26844431,2528,20923,294,1,1,128,1,1,17,0.000,0.000,,,,,NVIDIA A100 80GB PCIe (0),1,7,"void at::native::vectorized_elementwise_kernel<(int)4, at::native::<unnamed>::launch_clamp_scalar(at::TensorIteratorBase &, c10::Scalar, c10::Scalar, at::native::detail::ClampLimits)::[lambda() (instance 1)]::operator ()() const::[lambda() (instance 7)]::operator ()() const::[lambda(float) (instance 1)], at::detail::Array<char *, (int)2>>(int, T2, T3)"
26872976,3200,20943,2,48,2,256,1,1,32,0.004,0.000,,,,,NVIDIA A100 80GB PCIe (0),1,7,"void cudnn::ops::nchwToNhwcKernel<float, float, float, (bool)0, (bool)1, (cudnnKernelDataType_t)2>(cudnn::ops::nchw2nhwc_params_t<T3>, const T1 *, T2 *)"
26877296,14432,20945,1,48,128,256,1,1,32,0.004,0.000,,,,,NVIDIA A100 80GB PCIe (0),1,7,"void cudnn::ops::nchwToNhwcKernel<float, float, float, (bool)0, (bool)1, (cudnnKernelDataType_t)2>(cudnn::ops::nchw2nhwc_params_t<T3>, const T1 *, T2 *)"
26892912,15616,20949,4,2,1,128,1,1,120,0.000,0.123,,,,,NVIDIA A100 80GB PCIe (0),1,7,sm80_xmma_fprop_implicit_gemm_tf32f32_tf32f32_f32_nhwckrsc_nchw_tilesize64x32x64_stage5_warpsize2x2x1_g1_tensor16x8x8_alignc4_execute_kernel_cudnn_infer
26920560,3072,20990,128,2,1,64,1,1,19,0.000,0.000,,,,,NVIDIA A100 80GB PCIe (0),1,7,"void cudnn::bn_fw_inf_1C11_kernel_NCHW<float, float, (bool)1, (int)1>(T2, T2, cudnnTensorStruct, const T1 *, cudnnTensorStruct, T1 *, cudnnTensorStruct, const T2 *, const T2 *, const T2 *, const T2 *, T2)"
26931312,2048,20997,25,1,1,128,1,1,17,0.000,0.000,,,,,NVIDIA A100 80GB PCIe (0),1,7,"void at::native::vectorized_elementwise_kernel<(int)4, at::native::<unnamed>::launch_clamp_scalar(at::TensorIteratorBase &, c10::Scalar, c10::Scalar, at::native::detail::ClampLimits)::[lambda() (instance 1)]::operator ()() const::[lambda() (instance 7)]::operator ()() const::[lambda(float) (instance 1)], at::detail::Array<char *, (int)2>>(int, T2, T3)"
26956944,2880,21017,2,4,2,256,1,1,32,0.004,0.000,,,,,NVIDIA A100 80GB PCIe (0),1,7,"void cudnn::ops::nchwToNhwcKernel<float, float, float, (bool)0, (bool)1, (cudnnKernelDataType_t)2>(cudnn::ops::nchw2nhwc_params_t<T3>, const T1 *, T2 *)"
26961456,3648,21019,1,4,32,256,1,1,32,0.004,0.000,,,,,NVIDIA A100 80GB PCIe (0),1,7,"void cudnn::ops::nchwToNhwcKernel<float, float, float, (bool)0, (bool)1, (cudnnKernelDataType_t)2>(cudnn::ops::nchw2nhwc_params_t<T3>, const T1 *, T2 *)"
26966544,12960,21023,1,2,1,128,1,1,120,0.000,0.123,,,,,NVIDIA A100 80GB PCIe (0),1,7,sm80_xmma_fprop_implicit_gemm_tf32f32_tf32f32_f32_nhwckrsc_nchw_tilesize64x32x64_stage5_warpsize2x2x1_g1_tensor16x8x8_alignc4_execute_kernel_cudnn_infer
26998384,4512,21036,123,30,1,128,1,1,32,0.000,0.000,,,,,NVIDIA A100 80GB PCIe (0),1,7,"void at::native::<unnamed>::CatArrayBatchedCopy_aligned16_contig<float, unsigned int, (int)4, (int)128, (int)1>(T1 *, at::native::<unnamed>::CatArrInputTensorMetadata<T1, T2, T4, T5>, at::native::<unnamed>::TensorSizeStride<T2, (unsigned int)4>, int, T2)"
27032080,5344,21075,1568,2,1,64,1,1,19,0.000,0.000,,,,,NVIDIA A100 80GB PCIe (0),1,7,"void cudnn::bn_fw_inf_1C11_kernel_NCHW<float, float, (bool)1, (int)1>(T2, T2, cudnnTensorStruct, const T1 *, cudnnTensorStruct, T1 *, cudnnTensorStruct, const T2 *, const T2 *, const T2 *, const T2 *, T2)"
27043664,2592,21082,301,1,1,128,1,1,17,0.000,0.000,,,,,NVIDIA A100 80GB PCIe (0),1,7,"void at::native::vectorized_elementwise_kernel<(int)4, at::native::<unnamed>::launch_clamp_scalar(at::TensorIteratorBase &, c10::Scalar, c10::Scalar, at::native::detail::ClampLimits)::[lambda() (instance 1)]::operator ()() const::[lambda() (instance 7)]::operator ()() const::[lambda(float) (instance 1)], at::detail::Array<char *, (int)2>>(int, T2, T3)"
27072208,3008,21102,2,49,2,256,1,1,32,0.004,0.000,,,,,NVIDIA A100 80GB PCIe (0),1,7,"void cudnn::ops::nchwToNhwcKernel<float, float, float, (bool)0, (bool)1, (cudnnKernelDataType_t)2>(cudnn::ops::nchw2nhwc_params_t<T3>, const T1 *, T2 *)"
27076304,14368,21104,1,49,128,256,1,1,32,0.004,0.000,,,,,NVIDIA A100 80GB PCIe (0),1,7,"void cudnn::ops::nchwToNhwcKernel<float, float, float, (bool)0, (bool)1, (cudnnKernelDataType_t)2>(cudnn::ops::nchw2nhwc_params_t<T3>, const T1 *, T2 *)"
27091856,16032,21108,4,2,1,128,1,1,120,0.000,0.123,,,,,NVIDIA A100 80GB PCIe (0),1,7,sm80_xmma_fprop_implicit_gemm_tf32f32_tf32f32_f32_nhwckrsc_nchw_tilesize64x32x64_stage5_warpsize2x2x1_g1_tensor16x8x8_alignc4_execute_kernel_cudnn_infer
27119664,3008,21149,128,2,1,64,1,1,19,0.000,0.000,,,,,NVIDIA A100 80GB PCIe (0),1,7,"void cudnn::bn_fw_inf_1C11_kernel_NCHW<float, float, (bool)1, (int)1>(T2, T2, cudnnTensorStruct, const T1 *, cudnnTensorStruct, T1 *, cudnnTensorStruct, const T2 *, const T2 *, const T2 *, const T2 *, T2)"
27130832,2081,21156,25,1,1,128,1,1,17,0.000,0.000,,,,,NVIDIA A100 80GB PCIe (0),1,7,"void at::native::vectorized_elementwise_kernel<(int)4, at::native::<unnamed>::launch_clamp_scalar(at::TensorIteratorBase &, c10::Scalar, c10::Scalar, at::native::detail::ClampLimits)::[lambda() (instance 1)]::operator ()() const::[lambda() (instance 7)]::operator ()() const::[lambda(float) (instance 1)], at::detail::Array<char *, (int)2>>(int, T2, T3)"
27156177,2879,21176,2,4,2,256,1,1,32,0.004,0.000,,,,,NVIDIA A100 80GB PCIe (0),1,7,"void cudnn::ops::nchwToNhwcKernel<float, float, float, (bool)0, (bool)1, (cudnnKernelDataType_t)2>(cudnn::ops::nchw2nhwc_params_t<T3>, const T1 *, T2 *)"
27160113,3487,21178,1,4,32,256,1,1,32,0.004,0.000,,,,,NVIDIA A100 80GB PCIe (0),1,7,"void cudnn::ops::nchwToNhwcKernel<float, float, float, (bool)0, (bool)1, (cudnnKernelDataType_t)2>(cudnn::ops::nchw2nhwc_params_t<T3>, const T1 *, T2 *)"
27165488,12961,21182,1,2,1,128,1,1,120,0.000,0.123,,,,,NVIDIA A100 80GB PCIe (0),1,7,sm80_xmma_fprop_implicit_gemm_tf32f32_tf32f32_f32_nhwckrsc_nchw_tilesize64x32x64_stage5_warpsize2x2x1_g1_tensor16x8x8_alignc4_execute_kernel_cudnn_infer
27198833,4960,21195,123,31,1,128,1,1,32,0.000,0.000,,,,,NVIDIA A100 80GB PCIe (0),1,7,"void at::native::<unnamed>::CatArrayBatchedCopy_aligned16_contig<float, unsigned int, (int)4, (int)128, (int)1>(T1 *, at::native::<unnamed>::CatArrInputTensorMetadata<T1, T2, T4, T5>, at::native::<unnamed>::TensorSizeStride<T2, (unsigned int)4>, int, T2)"
27232177,5440,21234,1600,2,1,64,1,1,19,0.000,0.000,,,,,NVIDIA A100 80GB PCIe (0),1,7,"void cudnn::bn_fw_inf_1C11_kernel_NCHW<float, float, (bool)1, (int)1>(T2, T2, cudnnTensorStruct, const T1 *, cudnnTensorStruct, T1 *, cudnnTensorStruct, const T2 *, const T2 *, const T2 *, const T2 *, T2)"
27244145,2560,21241,307,1,1,128,1,1,17,0.000,0.000,,,,,NVIDIA A100 80GB PCIe (0),1,7,"void at::native::vectorized_elementwise_kernel<(int)4, at::native::<unnamed>::launch_clamp_scalar(at::TensorIteratorBase &, c10::Scalar, c10::Scalar, at::native::detail::ClampLimits)::[lambda() (instance 1)]::operator ()() const::[lambda() (instance 7)]::operator ()() const::[lambda(float) (instance 1)], at::detail::Array<char *, (int)2>>(int, T2, T3)"
27275505,2976,21261,2,50,2,256,1,1,32,0.004,0.000,,,,,NVIDIA A100 80GB PCIe (0),1,7,"void cudnn::ops::nchwToNhwcKernel<float, float, float, (bool)0, (bool)1, (cudnnKernelDataType_t)2>(cudnn::ops::nchw2nhwc_params_t<T3>, const T1 *, T2 *)"
27279569,14720,21263,1,50,128,256,1,1,32,0.004,0.000,,,,,NVIDIA A100 80GB PCIe (0),1,7,"void cudnn::ops::nchwToNhwcKernel<float, float, float, (bool)0, (bool)1, (cudnnKernelDataType_t)2>(cudnn::ops::nchw2nhwc_params_t<T3>, const T1 *, T2 *)"
27295377,16064,21267,4,2,1,128,1,1,120,0.000,0.123,,,,,NVIDIA A100 80GB PCIe (0),1,7,sm80_xmma_fprop_implicit_gemm_tf32f32_tf32f32_f32_nhwckrsc_nchw_tilesize64x32x64_stage5_warpsize2x2x1_g1_tensor16x8x8_alignc4_execute_kernel_cudnn_infer
27325873,3040,21308,128,2,1,64,1,1,19,0.000,0.000,,,,,NVIDIA A100 80GB PCIe (0),1,7,"void cudnn::bn_fw_inf_1C11_kernel_NCHW<float, float, (bool)1, (int)1>(T2, T2, cudnnTensorStruct, const T1 *, cudnnTensorStruct, T1 *, cudnnTensorStruct, const T2 *, const T2 *, const T2 *, const T2 *, T2)"
27337713,2080,21315,25,1,1,128,1,1,17,0.000,0.000,,,,,NVIDIA A100 80GB PCIe (0),1,7,"void at::native::vectorized_elementwise_kernel<(int)4, at::native::<unnamed>::launch_clamp_scalar(at::TensorIteratorBase &, c10::Scalar, c10::Scalar, at::native::detail::ClampLimits)::[lambda() (instance 1)]::operator ()() const::[lambda() (instance 7)]::operator ()() const::[lambda(float) (instance 1)], at::detail::Array<char *, (int)2>>(int, T2, T3)"
27364657,2912,21335,2,4,2,256,1,1,32,0.004,0.000,,,,,NVIDIA A100 80GB PCIe (0),1,7,"void cudnn::ops::nchwToNhwcKernel<float, float, float, (bool)0, (bool)1, (cudnnKernelDataType_t)2>(cudnn::ops::nchw2nhwc_params_t<T3>, const T1 *, T2 *)"
27368849,3808,21337,1,4,32,256,1,1,32,0.004,0.000,,,,,NVIDIA A100 80GB PCIe (0),1,7,"void cudnn::ops::nchwToNhwcKernel<float, float, float, (bool)0, (bool)1, (cudnnKernelDataType_t)2>(cudnn::ops::nchw2nhwc_params_t<T3>, const T1 *, T2 *)"
27373777,12992,21341,1,2,1,128,1,1,120,0.000,0.123,,,,,NVIDIA A100 80GB PCIe (0),1,7,sm80_xmma_fprop_implicit_gemm_tf32f32_tf32f32_f32_nhwckrsc_nchw_tilesize64x32x64_stage5_warpsize2x2x1_g1_tensor16x8x8_alignc4_execute_kernel_cudnn_infer
27409809,4576,21354,123,32,1,128,1,1,32,0.000,0.000,,,,,NVIDIA A100 80GB PCIe (0),1,7,"void at::native::<unnamed>::CatArrayBatchedCopy_aligned16_contig<float, unsigned int, (int)4, (int)128, (int)1>(T1 *, at::native::<unnamed>::CatArrInputTensorMetadata<T1, T2, T4, T5>, at::native::<unnamed>::TensorSizeStride<T2, (unsigned int)4>, int, T2)"
27454578,5632,21393,1632,2,1,64,1,1,19,0.000,0.000,,,,,NVIDIA A100 80GB PCIe (0),1,7,"void cudnn::bn_fw_inf_1C11_kernel_NCHW<float, float, (bool)1, (int)1>(T2, T2, cudnnTensorStruct, const T1 *, cudnnTensorStruct, T1 *, cudnnTensorStruct, const T2 *, const T2 *, const T2 *, const T2 *, T2)"
27466129,2593,21400,313,1,1,128,1,1,17,0.000,0.000,,,,,NVIDIA A100 80GB PCIe (0),1,7,"void at::native::vectorized_elementwise_kernel<(int)4, at::native::<unnamed>::launch_clamp_scalar(at::TensorIteratorBase &, c10::Scalar, c10::Scalar, at::native::detail::ClampLimits)::[lambda() (instance 1)]::operator ()() const::[lambda() (instance 7)]::operator ()() const::[lambda(float) (instance 1)], at::detail::Array<char *, (int)2>>(int, T2, T3)"
27494290,3136,21420,2,51,2,256,1,1,32,0.004,0.000,,,,,NVIDIA A100 80GB PCIe (0),1,7,"void cudnn::ops::nchwToNhwcKernel<float, float, float, (bool)0, (bool)1, (cudnnKernelDataType_t)2>(cudnn::ops::nchw2nhwc_params_t<T3>, const T1 *, T2 *)"
27498546,15104,21422,1,51,128,256,1,1,32,0.004,0.000,,,,,NVIDIA A100 80GB PCIe (0),1,7,"void cudnn::ops::nchwToNhwcKernel<float, float, float, (bool)0, (bool)1, (cudnnKernelDataType_t)2>(cudnn::ops::nchw2nhwc_params_t<T3>, const T1 *, T2 *)"
27514802,16608,21426,4,2,1,128,1,1,120,0.000,0.123,,,,,NVIDIA A100 80GB PCIe (0),1,7,sm80_xmma_fprop_implicit_gemm_tf32f32_tf32f32_f32_nhwckrsc_nchw_tilesize64x32x64_stage5_warpsize2x2x1_g1_tensor16x8x8_alignc4_execute_kernel_cudnn_infer
27541970,3072,21467,128,2,1,64,1,1,19,0.000,0.000,,,,,NVIDIA A100 80GB PCIe (0),1,7,"void cudnn::bn_fw_inf_1C11_kernel_NCHW<float, float, (bool)1, (int)1>(T2, T2, cudnnTensorStruct, const T1 *, cudnnTensorStruct, T1 *, cudnnTensorStruct, const T2 *, const T2 *, const T2 *, const T2 *, T2)"
27553138,2080,21474,25,1,1,128,1,1,17,0.000,0.000,,,,,NVIDIA A100 80GB PCIe (0),1,7,"void at::native::vectorized_elementwise_kernel<(int)4, at::native::<unnamed>::launch_clamp_scalar(at::TensorIteratorBase &, c10::Scalar, c10::Scalar, at::native::detail::ClampLimits)::[lambda() (instance 1)]::operator ()() const::[lambda() (instance 7)]::operator ()() const::[lambda(float) (instance 1)], at::detail::Array<char *, (int)2>>(int, T2, T3)"
27578962,2880,21494,2,4,2,256,1,1,32,0.004,0.000,,,,,NVIDIA A100 80GB PCIe (0),1,7,"void cudnn::ops::nchwToNhwcKernel<float, float, float, (bool)0, (bool)1, (cudnnKernelDataType_t)2>(cudnn::ops::nchw2nhwc_params_t<T3>, const T1 *, T2 *)"
27583026,3552,21496,1,4,32,256,1,1,32,0.004,0.000,,,,,NVIDIA A100 80GB PCIe (0),1,7,"void cudnn::ops::nchwToNhwcKernel<float, float, float, (bool)0, (bool)1, (cudnnKernelDataType_t)2>(cudnn::ops::nchw2nhwc_params_t<T3>, const T1 *, T2 *)"
27587954,12960,21500,1,2,1,128,1,1,120,0.000,0.123,,,,,NVIDIA A100 80GB PCIe (0),1,7,sm80_xmma_fprop_implicit_gemm_tf32f32_tf32f32_f32_nhwckrsc_nchw_tilesize64x32x64_stage5_warpsize2x2x1_g1_tensor16x8x8_alignc4_execute_kernel_cudnn_infer
27619474,4704,21513,123,33,1,128,1,1,32,0.000,0.000,,,,,NVIDIA A100 80GB PCIe (0),1,7,"void at::native::<unnamed>::CatArrayBatchedCopy_aligned16_contig<float, unsigned int, (int)4, (int)128, (int)1>(T1 *, at::native::<unnamed>::CatArrInputTensorMetadata<T1, T2, T4, T5>, at::native::<unnamed>::TensorSizeStride<T2, (unsigned int)4>, int, T2)"
27672850,5568,21552,1664,2,1,64,1,1,19,0.000,0.000,,,,,NVIDIA A100 80GB PCIe (0),1,7,"void cudnn::bn_fw_inf_1C11_kernel_NCHW<float, float, (bool)1, (int)1>(T2, T2, cudnnTensorStruct, const T1 *, cudnnTensorStruct, T1 *, cudnnTensorStruct, const T2 *, const T2 *, const T2 *, const T2 *, T2)"
27685778,2592,21559,319,1,1,128,1,1,17,0.000,0.000,,,,,NVIDIA A100 80GB PCIe (0),1,7,"void at::native::vectorized_elementwise_kernel<(int)4, at::native::<unnamed>::launch_clamp_scalar(at::TensorIteratorBase &, c10::Scalar, c10::Scalar, at::native::detail::ClampLimits)::[lambda() (instance 1)]::operator ()() const::[lambda() (instance 7)]::operator ()() const::[lambda(float) (instance 1)], at::detail::Array<char *, (int)2>>(int, T2, T3)"
27729874,5313,21575,208,1,1,32,16,1,32,0.000,0.000,,,,,NVIDIA A100 80GB PCIe (0),1,7,"void at::native::reduce_kernel<(int)512, (int)1, at::native::ReduceOp<float, at::native::MeanOps<float, float, float, float>, unsigned int, float, (int)4>>(T3)"
27798867,15168,21590,8,1,13,256,1,1,57,0.016,0.000,,,,,NVIDIA A100 80GB PCIe (0),1,7,ampere_sgemm_128x32_tn
27815155,3328,21592,32,1,1,32,16,1,32,0.000,0.000,,,,,NVIDIA A100 80GB PCIe (0),1,7,"void splitKreduce_kernel<(int)32, (int)16, int, float, float, float, float, (bool)1, (bool)1, (bool)0>(cublasSplitKParams<T6>, const T4 *, const T5 *, T5 *, const T6 *, const T6 *, const T7 *, const T4 *, T7 *, void *, long, T6 *, int *)"
