Start (ns),Duration (ns),CorrId,GrdX,GrdY,GrdZ,BlkX,BlkY,BlkZ,Reg/Trd,StcSMem (MB),DymSMem (MB),Bytes (MB),Throughput (MB/s),SrcMemKd,DstMemKd,Device,Ctx,Strm,Name
62572233,47649,7852,,,,,,,,,,1.204,25271.845,Pinned,Device,NVIDIA A100 80GB PCIe (0),1,7,[CUDA memcpy Host-to-Device]
62925547,8704,7869,1568,1,2,256,1,1,32,0.004,0.000,,,,,NVIDIA A100 80GB PCIe (0),1,7,"void cudnn::ops::nchwToNhwcKernel<float, float, float, (bool)0, (bool)1, (cudnnKernelDataType_t)2>(cudnn::ops::nchw2nhwc_params_t<T3>, const T1 *, T2 *)"
62935307,3392,7871,2,1,96,256,1,1,32,0.004,0.000,,,,,NVIDIA A100 80GB PCIe (0),1,7,"void cudnn::ops::nchwToNhwcKernel<float, float, float, (bool)0, (bool)1, (cudnnKernelDataType_t)2>(cudnn::ops::nchw2nhwc_params_t<T3>, const T1 *, T2 *)"
62939723,35744,7873,3,196,1,128,1,1,112,0.000,0.004,,,,,NVIDIA A100 80GB PCIe (0),1,7,sm80_xmma_fprop_implicit_gemm_indexed_wo_smem_tf32f32_tf32f32_f32_nhwckrsc_nhwc_tilesize128x32x16_stage1_warpsize4x1x1_g1_tensor16x8x8_aligna4_execute_kernel_cudnn_infer
62976523,8160,7875,392,3,2,256,1,1,32,0.004,0.000,,,,,NVIDIA A100 80GB PCIe (0),1,7,"void cudnn::ops::nhwcToNchwKernel<float, float, float, (bool)1, (bool)0, (cudnnKernelDataType_t)0>(cudnn::ops::nhwc2nchw_params_t<T3>, const T1 *, T2 *)"
63061803,12672,7916,96,2,1,512,1,1,19,0.000,0.000,,,,,NVIDIA A100 80GB PCIe (0),1,7,"void cudnn::bn_fw_inf_1C11_kernel_NCHW<float, float, (bool)1, (int)1>(T2, T2, cudnnTensorStruct, const T1 *, cudnnTensorStruct, T1 *, cudnnTensorStruct, const T2 *, const T2 *, const T2 *, const T2 *, T2)"
63126443,7329,7923,4704,1,1,128,1,1,17,0.000,0.000,,,,,NVIDIA A100 80GB PCIe (0),1,7,"void at::native::vectorized_elementwise_kernel<(int)4, at::native::<unnamed>::launch_clamp_scalar(at::TensorIteratorBase &, c10::Scalar, c10::Scalar, at::native::detail::ClampLimits)::[lambda() (instance 1)]::operator ()() const::[lambda() (instance 7)]::operator ()() const::[lambda(float) (instance 1)], at::detail::Array<char *, (int)2>>(int, T2, T3)"
63188620,18080,7940,2352,1,1,256,1,1,26,0.000,0.000,,,,,NVIDIA A100 80GB PCIe (0),1,7,"void at::native::<unnamed>::max_pool_forward_nchw<float, float>(int, const T1 *, long, long, long, int, int, int, int, int, int, int, int, int, int, T1 *, long *)"
63269548,4192,7950,,,,,,,,,,2.408,574532.862,Device,Device,NVIDIA A100 80GB PCIe (0),1,7,[CUDA memcpy Device-to-Device]
63315884,5824,7991,96,2,1,512,1,1,19,0.000,0.000,,,,,NVIDIA A100 80GB PCIe (0),1,7,"void cudnn::bn_fw_inf_1C11_kernel_NCHW<float, float, (bool)1, (int)1>(T2, T2, cudnnTensorStruct, const T1 *, cudnnTensorStruct, T1 *, cudnnTensorStruct, const T2 *, const T2 *, const T2 *, const T2 *, T2)"
63329484,3328,7998,1176,1,1,128,1,1,17,0.000,0.000,,,,,NVIDIA A100 80GB PCIe (0),1,7,"void at::native::vectorized_elementwise_kernel<(int)4, at::native::<unnamed>::launch_clamp_scalar(at::TensorIteratorBase &, c10::Scalar, c10::Scalar, at::native::detail::ClampLimits)::[lambda() (instance 1)]::operator ()() const::[lambda() (instance 7)]::operator ()() const::[lambda(float) (instance 1)], at::detail::Array<char *, (int)2>>(int, T2, T3)"
63391085,11263,8020,24,7,2,128,1,1,90,0.000,0.049,,,,,NVIDIA A100 80GB PCIe (0),1,7,void cutlass::Kernel<cutlass_80_tensorop_s1688gemm_64x64_16x6_nn_align4>(T1::Params)
63435469,6880,8061,192,2,1,512,1,1,19,0.000,0.000,,,,,NVIDIA A100 80GB PCIe (0),1,7,"void cudnn::bn_fw_inf_1C11_kernel_NCHW<float, float, (bool)1, (int)1>(T2, T2, cudnnTensorStruct, const T1 *, cudnnTensorStruct, T1 *, cudnnTensorStruct, const T2 *, const T2 *, const T2 *, const T2 *, T2)"
63448557,5024,8068,2352,1,1,128,1,1,17,0.000,0.000,,,,,NVIDIA A100 80GB PCIe (0),1,7,"void at::native::vectorized_elementwise_kernel<(int)4, at::native::<unnamed>::launch_clamp_scalar(at::TensorIteratorBase &, c10::Scalar, c10::Scalar, at::native::detail::ClampLimits)::[lambda() (instance 1)]::operator ()() const::[lambda() (instance 7)]::operator ()() const::[lambda(float) (instance 1)], at::detail::Array<char *, (int)2>>(int, T2, T3)"
63479917,5600,8088,98,6,2,256,1,1,32,0.004,0.000,,,,,NVIDIA A100 80GB PCIe (0),1,7,"void cudnn::ops::nchwToNhwcKernel<float, float, float, (bool)0, (bool)1, (cudnnKernelDataType_t)2>(cudnn::ops::nchw2nhwc_params_t<T3>, const T1 *, T2 *)"
63486573,3840,8090,1,6,48,256,1,1,32,0.004,0.000,,,,,NVIDIA A100 80GB PCIe (0),1,7,"void cudnn::ops::nchwToNhwcKernel<float, float, float, (bool)0, (bool)1, (cudnnKernelDataType_t)2>(cudnn::ops::nchw2nhwc_params_t<T3>, const T1 *, T2 *)"
63496941,29696,8094,1,49,1,128,1,1,168,0.000,0.123,,,,,NVIDIA A100 80GB PCIe (0),1,7,sm80_xmma_fprop_implicit_gemm_tf32f32_tf32f32_f32_nhwckrsc_nhwc_tilesize128x64x32_stage5_warpsize2x2x1_g1_tensor16x8x8_execute_kernel_cudnn_infer
63528365,2848,8096,98,2,2,256,1,1,32,0.004,0.000,,,,,NVIDIA A100 80GB PCIe (0),1,7,"void cudnn::ops::nhwcToNchwKernel<float, float, float, (bool)1, (bool)0, (cudnnKernelDataType_t)0>(cudnn::ops::nhwc2nchw_params_t<T3>, const T1 *, T2 *)"
63532461,7296,8109,1176,2,1,128,1,1,32,0.000,0.000,,,,,NVIDIA A100 80GB PCIe (0),1,7,"void at::native::<unnamed>::CatArrayBatchedCopy_aligned16_contig<float, unsigned int, (int)4, (int)128, (int)1>(T1 *, at::native::<unnamed>::CatArrInputTensorMetadata<T1, T2, T4, T5>, at::native::<unnamed>::TensorSizeStride<T2, (unsigned int)4>, int, T2)"
63570125,6048,8148,144,2,1,512,1,1,19,0.000,0.000,,,,,NVIDIA A100 80GB PCIe (0),1,7,"void cudnn::bn_fw_inf_1C11_kernel_NCHW<float, float, (bool)1, (int)1>(T2, T2, cudnnTensorStruct, const T1 *, cudnnTensorStruct, T1 *, cudnnTensorStruct, const T2 *, const T2 *, const T2 *, const T2 *, T2)"
63583213,4064,8155,1764,1,1,128,1,1,17,0.000,0.000,,,,,NVIDIA A100 80GB PCIe (0),1,7,"void at::native::vectorized_elementwise_kernel<(int)4, at::native::<unnamed>::launch_clamp_scalar(at::TensorIteratorBase &, c10::Scalar, c10::Scalar, at::native::detail::ClampLimits)::[lambda() (instance 1)]::operator ()() const::[lambda() (instance 7)]::operator ()() const::[lambda(float) (instance 1)], at::detail::Array<char *, (int)2>>(int, T2, T3)"
63617485,13504,8177,24,7,2,128,1,1,90,0.000,0.049,,,,,NVIDIA A100 80GB PCIe (0),1,7,void cutlass::Kernel<cutlass_80_tensorop_s1688gemm_64x64_16x6_nn_align4>(T1::Params)
63658285,6592,8218,192,2,1,512,1,1,19,0.000,0.000,,,,,NVIDIA A100 80GB PCIe (0),1,7,"void cudnn::bn_fw_inf_1C11_kernel_NCHW<float, float, (bool)1, (int)1>(T2, T2, cudnnTensorStruct, const T1 *, cudnnTensorStruct, T1 *, cudnnTensorStruct, const T2 *, const T2 *, const T2 *, const T2 *, T2)"
63670893,4736,8225,2352,1,1,128,1,1,17,0.000,0.000,,,,,NVIDIA A100 80GB PCIe (0),1,7,"void at::native::vectorized_elementwise_kernel<(int)4, at::native::<unnamed>::launch_clamp_scalar(at::TensorIteratorBase &, c10::Scalar, c10::Scalar, at::native::detail::ClampLimits)::[lambda() (instance 1)]::operator ()() const::[lambda() (instance 7)]::operator ()() const::[lambda(float) (instance 1)], at::detail::Array<char *, (int)2>>(int, T2, T3)"
63698574,5696,8245,98,6,2,256,1,1,32,0.004,0.000,,,,,NVIDIA A100 80GB PCIe (0),1,7,"void cudnn::ops::nchwToNhwcKernel<float, float, float, (bool)0, (bool)1, (cudnnKernelDataType_t)2>(cudnn::ops::nchw2nhwc_params_t<T3>, const T1 *, T2 *)"
63705325,3744,8247,1,6,48,256,1,1,32,0.004,0.000,,,,,NVIDIA A100 80GB PCIe (0),1,7,"void cudnn::ops::nchwToNhwcKernel<float, float, float, (bool)0, (bool)1, (cudnnKernelDataType_t)2>(cudnn::ops::nchw2nhwc_params_t<T3>, const T1 *, T2 *)"
63710094,29120,8251,1,49,1,128,1,1,168,0.000,0.123,,,,,NVIDIA A100 80GB PCIe (0),1,7,sm80_xmma_fprop_implicit_gemm_tf32f32_tf32f32_f32_nhwckrsc_nhwc_tilesize128x64x32_stage5_warpsize2x2x1_g1_tensor16x8x8_execute_kernel_cudnn_infer
63740526,3328,8253,98,2,2,256,1,1,32,0.004,0.000,,,,,NVIDIA A100 80GB PCIe (0),1,7,"void cudnn::ops::nhwcToNchwKernel<float, float, float, (bool)1, (bool)0, (cudnnKernelDataType_t)0>(cudnn::ops::nhwc2nchw_params_t<T3>, const T1 *, T2 *)"
63744910,8704,8266,1176,3,1,128,1,1,32,0.000,0.000,,,,,NVIDIA A100 80GB PCIe (0),1,7,"void at::native::<unnamed>::CatArrayBatchedCopy_aligned16_contig<float, unsigned int, (int)4, (int)128, (int)1>(T1 *, at::native::<unnamed>::CatArrInputTensorMetadata<T1, T2, T4, T5>, at::native::<unnamed>::TensorSizeStride<T2, (unsigned int)4>, int, T2)"
63774350,6880,8305,192,2,1,512,1,1,19,0.000,0.000,,,,,NVIDIA A100 80GB PCIe (0),1,7,"void cudnn::bn_fw_inf_1C11_kernel_NCHW<float, float, (bool)1, (int)1>(T2, T2, cudnnTensorStruct, const T1 *, cudnnTensorStruct, T1 *, cudnnTensorStruct, const T2 *, const T2 *, const T2 *, const T2 *, T2)"
63786990,4928,8312,2352,1,1,128,1,1,17,0.000,0.000,,,,,NVIDIA A100 80GB PCIe (0),1,7,"void at::native::vectorized_elementwise_kernel<(int)4, at::native::<unnamed>::launch_clamp_scalar(at::TensorIteratorBase &, c10::Scalar, c10::Scalar, at::native::detail::ClampLimits)::[lambda() (instance 1)]::operator ()() const::[lambda() (instance 7)]::operator ()() const::[lambda(float) (instance 1)], at::detail::Array<char *, (int)2>>(int, T2, T3)"
63820270,13664,8334,24,7,2,128,1,1,90,0.000,0.049,,,,,NVIDIA A100 80GB PCIe (0),1,7,void cutlass::Kernel<cutlass_80_tensorop_s1688gemm_64x64_16x6_nn_align4>(T1::Params)
63858670,6464,8375,192,2,1,512,1,1,19,0.000,0.000,,,,,NVIDIA A100 80GB PCIe (0),1,7,"void cudnn::bn_fw_inf_1C11_kernel_NCHW<float, float, (bool)1, (int)1>(T2, T2, cudnnTensorStruct, const T1 *, cudnnTensorStruct, T1 *, cudnnTensorStruct, const T2 *, const T2 *, const T2 *, const T2 *, T2)"
63870670,4768,8382,2352,1,1,128,1,1,17,0.000,0.000,,,,,NVIDIA A100 80GB PCIe (0),1,7,"void at::native::vectorized_elementwise_kernel<(int)4, at::native::<unnamed>::launch_clamp_scalar(at::TensorIteratorBase &, c10::Scalar, c10::Scalar, at::native::detail::ClampLimits)::[lambda() (instance 1)]::operator ()() const::[lambda() (instance 7)]::operator ()() const::[lambda(float) (instance 1)], at::detail::Array<char *, (int)2>>(int, T2, T3)"
63896750,5472,8402,98,6,2,256,1,1,32,0.004,0.000,,,,,NVIDIA A100 80GB PCIe (0),1,7,"void cudnn::ops::nchwToNhwcKernel<float, float, float, (bool)0, (bool)1, (cudnnKernelDataType_t)2>(cudnn::ops::nchw2nhwc_params_t<T3>, const T1 *, T2 *)"
63903310,3808,8404,1,6,48,256,1,1,32,0.004,0.000,,,,,NVIDIA A100 80GB PCIe (0),1,7,"void cudnn::ops::nchwToNhwcKernel<float, float, float, (bool)0, (bool)1, (cudnnKernelDataType_t)2>(cudnn::ops::nchw2nhwc_params_t<T3>, const T1 *, T2 *)"
63908174,29216,8408,1,49,1,128,1,1,168,0.000,0.123,,,,,NVIDIA A100 80GB PCIe (0),1,7,sm80_xmma_fprop_implicit_gemm_tf32f32_tf32f32_f32_nhwckrsc_nhwc_tilesize128x64x32_stage5_warpsize2x2x1_g1_tensor16x8x8_execute_kernel_cudnn_infer
63938510,3360,8410,98,2,2,256,1,1,32,0.004,0.000,,,,,NVIDIA A100 80GB PCIe (0),1,7,"void cudnn::ops::nhwcToNchwKernel<float, float, float, (bool)1, (bool)0, (cudnnKernelDataType_t)0>(cudnn::ops::nhwc2nchw_params_t<T3>, const T1 *, T2 *)"
63942990,10272,8423,1176,4,1,128,1,1,32,0.000,0.000,,,,,NVIDIA A100 80GB PCIe (0),1,7,"void at::native::<unnamed>::CatArrayBatchedCopy_aligned16_contig<float, unsigned int, (int)4, (int)128, (int)1>(T1 *, at::native::<unnamed>::CatArrInputTensorMetadata<T1, T2, T4, T5>, at::native::<unnamed>::TensorSizeStride<T2, (unsigned int)4>, int, T2)"
63972463,8735,8462,240,2,1,512,1,1,19,0.000,0.000,,,,,NVIDIA A100 80GB PCIe (0),1,7,"void cudnn::bn_fw_inf_1C11_kernel_NCHW<float, float, (bool)1, (int)1>(T2, T2, cudnnTensorStruct, const T1 *, cudnnTensorStruct, T1 *, cudnnTensorStruct, const T2 *, const T2 *, const T2 *, const T2 *, T2)"
63984463,5439,8469,2940,1,1,128,1,1,17,0.000,0.000,,,,,NVIDIA A100 80GB PCIe (0),1,7,"void at::native::vectorized_elementwise_kernel<(int)4, at::native::<unnamed>::launch_clamp_scalar(at::TensorIteratorBase &, c10::Scalar, c10::Scalar, at::native::detail::ClampLimits)::[lambda() (instance 1)]::operator ()() const::[lambda() (instance 7)]::operator ()() const::[lambda(float) (instance 1)], at::detail::Array<char *, (int)2>>(int, T2, T3)"
64016815,14976,8491,24,7,2,128,1,1,90,0.000,0.049,,,,,NVIDIA A100 80GB PCIe (0),1,7,void cutlass::Kernel<cutlass_80_tensorop_s1688gemm_64x64_16x6_nn_align4>(T1::Params)
64055471,6752,8532,192,2,1,512,1,1,19,0.000,0.000,,,,,NVIDIA A100 80GB PCIe (0),1,7,"void cudnn::bn_fw_inf_1C11_kernel_NCHW<float, float, (bool)1, (int)1>(T2, T2, cudnnTensorStruct, const T1 *, cudnnTensorStruct, T1 *, cudnnTensorStruct, const T2 *, const T2 *, const T2 *, const T2 *, T2)"
64067471,4896,8539,2352,1,1,128,1,1,17,0.000,0.000,,,,,NVIDIA A100 80GB PCIe (0),1,7,"void at::native::vectorized_elementwise_kernel<(int)4, at::native::<unnamed>::launch_clamp_scalar(at::TensorIteratorBase &, c10::Scalar, c10::Scalar, at::native::detail::ClampLimits)::[lambda() (instance 1)]::operator ()() const::[lambda() (instance 7)]::operator ()() const::[lambda(float) (instance 1)], at::detail::Array<char *, (int)2>>(int, T2, T3)"
64093519,5536,8559,98,6,2,256,1,1,32,0.004,0.000,,,,,NVIDIA A100 80GB PCIe (0),1,7,"void cudnn::ops::nchwToNhwcKernel<float, float, float, (bool)0, (bool)1, (cudnnKernelDataType_t)2>(cudnn::ops::nchw2nhwc_params_t<T3>, const T1 *, T2 *)"
64100271,3712,8561,1,6,48,256,1,1,32,0.004,0.000,,,,,NVIDIA A100 80GB PCIe (0),1,7,"void cudnn::ops::nchwToNhwcKernel<float, float, float, (bool)0, (bool)1, (cudnnKernelDataType_t)2>(cudnn::ops::nchw2nhwc_params_t<T3>, const T1 *, T2 *)"
64105071,29216,8565,1,49,1,128,1,1,168,0.000,0.123,,,,,NVIDIA A100 80GB PCIe (0),1,7,sm80_xmma_fprop_implicit_gemm_tf32f32_tf32f32_f32_nhwckrsc_nhwc_tilesize128x64x32_stage5_warpsize2x2x1_g1_tensor16x8x8_execute_kernel_cudnn_infer
64135343,3360,8567,98,2,2,256,1,1,32,0.004,0.000,,,,,NVIDIA A100 80GB PCIe (0),1,7,"void cudnn::ops::nhwcToNchwKernel<float, float, float, (bool)1, (bool)0, (cudnnKernelDataType_t)0>(cudnn::ops::nhwc2nchw_params_t<T3>, const T1 *, T2 *)"
64139855,11680,8580,1176,5,1,128,1,1,32,0.000,0.000,,,,,NVIDIA A100 80GB PCIe (0),1,7,"void at::native::<unnamed>::CatArrayBatchedCopy_aligned16_contig<float, unsigned int, (int)4, (int)128, (int)1>(T1 *, at::native::<unnamed>::CatArrInputTensorMetadata<T1, T2, T4, T5>, at::native::<unnamed>::TensorSizeStride<T2, (unsigned int)4>, int, T2)"
64167983,9312,8619,288,2,1,512,1,1,19,0.000,0.000,,,,,NVIDIA A100 80GB PCIe (0),1,7,"void cudnn::bn_fw_inf_1C11_kernel_NCHW<float, float, (bool)1, (int)1>(T2, T2, cudnnTensorStruct, const T1 *, cudnnTensorStruct, T1 *, cudnnTensorStruct, const T2 *, const T2 *, const T2 *, const T2 *, T2)"
64180751,6240,8626,3528,1,1,128,1,1,17,0.000,0.000,,,,,NVIDIA A100 80GB PCIe (0),1,7,"void at::native::vectorized_elementwise_kernel<(int)4, at::native::<unnamed>::launch_clamp_scalar(at::TensorIteratorBase &, c10::Scalar, c10::Scalar, at::native::detail::ClampLimits)::[lambda() (instance 1)]::operator ()() const::[lambda() (instance 7)]::operator ()() const::[lambda(float) (instance 1)], at::detail::Array<char *, (int)2>>(int, T2, T3)"
64213359,17152,8648,24,7,2,128,1,1,90,0.000,0.049,,,,,NVIDIA A100 80GB PCIe (0),1,7,void cutlass::Kernel<cutlass_80_tensorop_s1688gemm_64x64_16x6_nn_align4>(T1::Params)
64252880,6623,8689,192,2,1,512,1,1,19,0.000,0.000,,,,,NVIDIA A100 80GB PCIe (0),1,7,"void cudnn::bn_fw_inf_1C11_kernel_NCHW<float, float, (bool)1, (int)1>(T2, T2, cudnnTensorStruct, const T1 *, cudnnTensorStruct, T1 *, cudnnTensorStruct, const T2 *, const T2 *, const T2 *, const T2 *, T2)"
64264912,4735,8696,2352,1,1,128,1,1,17,0.000,0.000,,,,,NVIDIA A100 80GB PCIe (0),1,7,"void at::native::vectorized_elementwise_kernel<(int)4, at::native::<unnamed>::launch_clamp_scalar(at::TensorIteratorBase &, c10::Scalar, c10::Scalar, at::native::detail::ClampLimits)::[lambda() (instance 1)]::operator ()() const::[lambda() (instance 7)]::operator ()() const::[lambda(float) (instance 1)], at::detail::Array<char *, (int)2>>(int, T2, T3)"
64292112,5472,8716,98,6,2,256,1,1,32,0.004,0.000,,,,,NVIDIA A100 80GB PCIe (0),1,7,"void cudnn::ops::nchwToNhwcKernel<float, float, float, (bool)0, (bool)1, (cudnnKernelDataType_t)2>(cudnn::ops::nchw2nhwc_params_t<T3>, const T1 *, T2 *)"
64298640,3839,8718,1,6,48,256,1,1,32,0.004,0.000,,,,,NVIDIA A100 80GB PCIe (0),1,7,"void cudnn::ops::nchwToNhwcKernel<float, float, float, (bool)0, (bool)1, (cudnnKernelDataType_t)2>(cudnn::ops::nchw2nhwc_params_t<T3>, const T1 *, T2 *)"
64303472,29152,8722,1,49,1,128,1,1,168,0.000,0.123,,,,,NVIDIA A100 80GB PCIe (0),1,7,sm80_xmma_fprop_implicit_gemm_tf32f32_tf32f32_f32_nhwckrsc_nhwc_tilesize128x64x32_stage5_warpsize2x2x1_g1_tensor16x8x8_execute_kernel_cudnn_infer
64333872,3328,8724,98,2,2,256,1,1,32,0.004,0.000,,,,,NVIDIA A100 80GB PCIe (0),1,7,"void cudnn::ops::nhwcToNchwKernel<float, float, float, (bool)1, (bool)0, (cudnnKernelDataType_t)0>(cudnn::ops::nhwc2nchw_params_t<T3>, const T1 *, T2 *)"
64338352,12992,8737,1176,6,1,128,1,1,32,0.000,0.000,,,,,NVIDIA A100 80GB PCIe (0),1,7,"void at::native::<unnamed>::CatArrayBatchedCopy_aligned16_contig<float, unsigned int, (int)4, (int)128, (int)1>(T1 *, at::native::<unnamed>::CatArrInputTensorMetadata<T1, T2, T4, T5>, at::native::<unnamed>::TensorSizeStride<T2, (unsigned int)4>, int, T2)"
64367952,9952,8776,336,2,1,512,1,1,19,0.000,0.000,,,,,NVIDIA A100 80GB PCIe (0),1,7,"void cudnn::bn_fw_inf_1C11_kernel_NCHW<float, float, (bool)1, (int)1>(T2, T2, cudnnTensorStruct, const T1 *, cudnnTensorStruct, T1 *, cudnnTensorStruct, const T2 *, const T2 *, const T2 *, const T2 *, T2)"
64379952,6816,8783,4116,1,1,128,1,1,17,0.000,0.000,,,,,NVIDIA A100 80GB PCIe (0),1,7,"void at::native::vectorized_elementwise_kernel<(int)4, at::native::<unnamed>::launch_clamp_scalar(at::TensorIteratorBase &, c10::Scalar, c10::Scalar, at::native::detail::ClampLimits)::[lambda() (instance 1)]::operator ()() const::[lambda() (instance 7)]::operator ()() const::[lambda(float) (instance 1)], at::detail::Array<char *, (int)2>>(int, T2, T3)"
64412688,18432,8805,24,7,2,128,1,1,90,0.000,0.049,,,,,NVIDIA A100 80GB PCIe (0),1,7,void cutlass::Kernel<cutlass_80_tensorop_s1688gemm_64x64_16x6_nn_align4>(T1::Params)
64451184,6752,8846,192,2,1,512,1,1,19,0.000,0.000,,,,,NVIDIA A100 80GB PCIe (0),1,7,"void cudnn::bn_fw_inf_1C11_kernel_NCHW<float, float, (bool)1, (int)1>(T2, T2, cudnnTensorStruct, const T1 *, cudnnTensorStruct, T1 *, cudnnTensorStruct, const T2 *, const T2 *, const T2 *, const T2 *, T2)"
64462896,4736,8853,2352,1,1,128,1,1,17,0.000,0.000,,,,,NVIDIA A100 80GB PCIe (0),1,7,"void at::native::vectorized_elementwise_kernel<(int)4, at::native::<unnamed>::launch_clamp_scalar(at::TensorIteratorBase &, c10::Scalar, c10::Scalar, at::native::detail::ClampLimits)::[lambda() (instance 1)]::operator ()() const::[lambda() (instance 7)]::operator ()() const::[lambda(float) (instance 1)], at::detail::Array<char *, (int)2>>(int, T2, T3)"
64488464,5536,8873,98,6,2,256,1,1,32,0.004,0.000,,,,,NVIDIA A100 80GB PCIe (0),1,7,"void cudnn::ops::nchwToNhwcKernel<float, float, float, (bool)0, (bool)1, (cudnnKernelDataType_t)2>(cudnn::ops::nchw2nhwc_params_t<T3>, const T1 *, T2 *)"
64495088,3616,8875,1,6,48,256,1,1,32,0.004,0.000,,,,,NVIDIA A100 80GB PCIe (0),1,7,"void cudnn::ops::nchwToNhwcKernel<float, float, float, (bool)0, (bool)1, (cudnnKernelDataType_t)2>(cudnn::ops::nchw2nhwc_params_t<T3>, const T1 *, T2 *)"
64499856,29120,8879,1,49,1,128,1,1,168,0.000,0.123,,,,,NVIDIA A100 80GB PCIe (0),1,7,sm80_xmma_fprop_implicit_gemm_tf32f32_tf32f32_f32_nhwckrsc_nhwc_tilesize128x64x32_stage5_warpsize2x2x1_g1_tensor16x8x8_execute_kernel_cudnn_infer
64530160,3553,8881,98,2,2,256,1,1,32,0.004,0.000,,,,,NVIDIA A100 80GB PCIe (0),1,7,"void cudnn::ops::nhwcToNchwKernel<float, float, float, (bool)1, (bool)0, (cudnnKernelDataType_t)0>(cudnn::ops::nhwc2nchw_params_t<T3>, const T1 *, T2 *)"
64534993,14143,8894,1176,7,1,128,1,1,32,0.000,0.000,,,,,NVIDIA A100 80GB PCIe (0),1,7,"void at::native::<unnamed>::CatArrayBatchedCopy_aligned16_contig<float, unsigned int, (int)4, (int)128, (int)1>(T1 *, at::native::<unnamed>::CatArrInputTensorMetadata<T1, T2, T4, T5>, at::native::<unnamed>::TensorSizeStride<T2, (unsigned int)4>, int, T2)"
64570449,11456,8933,384,2,1,512,1,1,19,0.000,0.000,,,,,NVIDIA A100 80GB PCIe (0),1,7,"void cudnn::bn_fw_inf_1C11_kernel_NCHW<float, float, (bool)1, (int)1>(T2, T2, cudnnTensorStruct, const T1 *, cudnnTensorStruct, T1 *, cudnnTensorStruct, const T2 *, const T2 *, const T2 *, const T2 *, T2)"
64583633,7232,8940,4704,1,1,128,1,1,17,0.000,0.000,,,,,NVIDIA A100 80GB PCIe (0),1,7,"void at::native::vectorized_elementwise_kernel<(int)4, at::native::<unnamed>::launch_clamp_scalar(at::TensorIteratorBase &, c10::Scalar, c10::Scalar, at::native::detail::ClampLimits)::[lambda() (instance 1)]::operator ()() const::[lambda() (instance 7)]::operator ()() const::[lambda(float) (instance 1)], at::detail::Array<char *, (int)2>>(int, T2, T3)"
64618257,19904,8962,24,7,2,128,1,1,90,0.000,0.049,,,,,NVIDIA A100 80GB PCIe (0),1,7,void cutlass::Kernel<cutlass_80_tensorop_s1688gemm_64x64_16x6_nn_align4>(T1::Params)
64643889,10080,8975,294,1,1,1024,1,1,40,0.000,0.000,,,,,NVIDIA A100 80GB PCIe (0),1,7,"void at::native::<unnamed>::avg_pool2d_out_cuda_frame<float, float>(int, const T1 *, long, long, long, long, int, int, int, int, int, int, int, T1 *, int, bool, bool)"
64674801,3360,8985,,,,,,,,,,1.204,358399.943,Device,Device,NVIDIA A100 80GB PCIe (0),1,7,[CUDA memcpy Device-to-Device]
64716017,4544,9026,192,2,1,256,1,1,19,0.000,0.000,,,,,NVIDIA A100 80GB PCIe (0),1,7,"void cudnn::bn_fw_inf_1C11_kernel_NCHW<float, float, (bool)1, (int)1>(T2, T2, cudnnTensorStruct, const T1 *, cudnnTensorStruct, T1 *, cudnnTensorStruct, const T2 *, const T2 *, const T2 *, const T2 *, T2)"
64729649,2848,9033,588,1,1,128,1,1,17,0.000,0.000,,,,,NVIDIA A100 80GB PCIe (0),1,7,"void at::native::vectorized_elementwise_kernel<(int)4, at::native::<unnamed>::launch_clamp_scalar(at::TensorIteratorBase &, c10::Scalar, c10::Scalar, at::native::detail::ClampLimits)::[lambda() (instance 1)]::operator ()() const::[lambda() (instance 7)]::operator ()() const::[lambda(float) (instance 1)], at::detail::Array<char *, (int)2>>(int, T2, T3)"
64764593,7296,9055,24,2,2,128,1,1,90,0.000,0.049,,,,,NVIDIA A100 80GB PCIe (0),1,7,void cutlass::Kernel<cutlass_80_tensorop_s1688gemm_64x64_16x6_nn_align4>(T1::Params)
64805585,4480,9096,192,2,1,256,1,1,19,0.000,0.000,,,,,NVIDIA A100 80GB PCIe (0),1,7,"void cudnn::bn_fw_inf_1C11_kernel_NCHW<float, float, (bool)1, (int)1>(T2, T2, cudnnTensorStruct, const T1 *, cudnnTensorStruct, T1 *, cudnnTensorStruct, const T2 *, const T2 *, const T2 *, const T2 *, T2)"
64817521,2785,9103,588,1,1,128,1,1,17,0.000,0.000,,,,,NVIDIA A100 80GB PCIe (0),1,7,"void at::native::vectorized_elementwise_kernel<(int)4, at::native::<unnamed>::launch_clamp_scalar(at::TensorIteratorBase &, c10::Scalar, c10::Scalar, at::native::detail::ClampLimits)::[lambda() (instance 1)]::operator ()() const::[lambda() (instance 7)]::operator ()() const::[lambda(float) (instance 1)], at::detail::Array<char *, (int)2>>(int, T2, T3)"
64847153,3617,9123,25,6,2,256,1,1,32,0.004,0.000,,,,,NVIDIA A100 80GB PCIe (0),1,7,"void cudnn::ops::nchwToNhwcKernel<float, float, float, (bool)0, (bool)1, (cudnnKernelDataType_t)2>(cudnn::ops::nchw2nhwc_params_t<T3>, const T1 *, T2 *)"
64851890,3776,9125,1,6,48,256,1,1,32,0.004,0.000,,,,,NVIDIA A100 80GB PCIe (0),1,7,"void cudnn::ops::nchwToNhwcKernel<float, float, float, (bool)0, (bool)1, (cudnnKernelDataType_t)2>(cudnn::ops::nchw2nhwc_params_t<T3>, const T1 *, T2 *)"
64864337,1152,9127,,,,,,,,,,0.000,347.222,Device,,NVIDIA A100 80GB PCIe (0),1,7,[CUDA memset]
64870545,20193,9130,2,25,3,128,1,1,117,0.000,0.124,,,,,NVIDIA A100 80GB PCIe (0),1,7,sm80_xmma_fprop_implicit_gemm_indexed_tf32f32_tf32f32_f32_nhwckrsc_nchw_tilesize64x32x64_stage5_warpsize2x2x1_g1_tensor16x8x8_alignc4_execute_kernel_cudnn_infer
64896690,5152,9143,588,2,1,128,1,1,32,0.000,0.000,,,,,NVIDIA A100 80GB PCIe (0),1,7,"void at::native::<unnamed>::CatArrayBatchedCopy_aligned16_contig<float, unsigned int, (int)4, (int)128, (int)1>(T1 *, at::native::<unnamed>::CatArrInputTensorMetadata<T1, T2, T4, T5>, at::native::<unnamed>::TensorSizeStride<T2, (unsigned int)4>, int, T2)"
64933682,4544,9182,240,2,1,256,1,1,19,0.000,0.000,,,,,NVIDIA A100 80GB PCIe (0),1,7,"void cudnn::bn_fw_inf_1C11_kernel_NCHW<float, float, (bool)1, (int)1>(T2, T2, cudnnTensorStruct, const T1 *, cudnnTensorStruct, T1 *, cudnnTensorStruct, const T2 *, const T2 *, const T2 *, const T2 *, T2)"
64946322,2912,9189,735,1,1,128,1,1,17,0.000,0.000,,,,,NVIDIA A100 80GB PCIe (0),1,7,"void at::native::vectorized_elementwise_kernel<(int)4, at::native::<unnamed>::launch_clamp_scalar(at::TensorIteratorBase &, c10::Scalar, c10::Scalar, at::native::detail::ClampLimits)::[lambda() (instance 1)]::operator ()() const::[lambda() (instance 7)]::operator ()() const::[lambda(float) (instance 1)], at::detail::Array<char *, (int)2>>(int, T2, T3)"
64980210,8224,9211,24,2,2,128,1,1,90,0.000,0.049,,,,,NVIDIA A100 80GB PCIe (0),1,7,void cutlass::Kernel<cutlass_80_tensorop_s1688gemm_64x64_16x6_nn_align4>(T1::Params)
65019826,4416,9252,192,2,1,256,1,1,19,0.000,0.000,,,,,NVIDIA A100 80GB PCIe (0),1,7,"void cudnn::bn_fw_inf_1C11_kernel_NCHW<float, float, (bool)1, (int)1>(T2, T2, cudnnTensorStruct, const T1 *, cudnnTensorStruct, T1 *, cudnnTensorStruct, const T2 *, const T2 *, const T2 *, const T2 *, T2)"
65031730,2816,9259,588,1,1,128,1,1,17,0.000,0.000,,,,,NVIDIA A100 80GB PCIe (0),1,7,"void at::native::vectorized_elementwise_kernel<(int)4, at::native::<unnamed>::launch_clamp_scalar(at::TensorIteratorBase &, c10::Scalar, c10::Scalar, at::native::detail::ClampLimits)::[lambda() (instance 1)]::operator ()() const::[lambda() (instance 7)]::operator ()() const::[lambda(float) (instance 1)], at::detail::Array<char *, (int)2>>(int, T2, T3)"
65058482,3584,9279,25,6,2,256,1,1,32,0.004,0.000,,,,,NVIDIA A100 80GB PCIe (0),1,7,"void cudnn::ops::nchwToNhwcKernel<float, float, float, (bool)0, (bool)1, (cudnnKernelDataType_t)2>(cudnn::ops::nchw2nhwc_params_t<T3>, const T1 *, T2 *)"
65063122,3808,9281,1,6,48,256,1,1,32,0.004,0.000,,,,,NVIDIA A100 80GB PCIe (0),1,7,"void cudnn::ops::nchwToNhwcKernel<float, float, float, (bool)0, (bool)1, (cudnnKernelDataType_t)2>(cudnn::ops::nchw2nhwc_params_t<T3>, const T1 *, T2 *)"
65069170,1184,9283,,,,,,,,,,0.000,337.838,Device,,NVIDIA A100 80GB PCIe (0),1,7,[CUDA memset]
65072818,19648,9286,2,25,3,128,1,1,117,0.000,0.124,,,,,NVIDIA A100 80GB PCIe (0),1,7,sm80_xmma_fprop_implicit_gemm_indexed_tf32f32_tf32f32_f32_nhwckrsc_nchw_tilesize64x32x64_stage5_warpsize2x2x1_g1_tensor16x8x8_alignc4_execute_kernel_cudnn_infer
65097746,5313,9299,588,3,1,128,1,1,32,0.000,0.000,,,,,NVIDIA A100 80GB PCIe (0),1,7,"void at::native::<unnamed>::CatArrayBatchedCopy_aligned16_contig<float, unsigned int, (int)4, (int)128, (int)1>(T1 *, at::native::<unnamed>::CatArrInputTensorMetadata<T1, T2, T4, T5>, at::native::<unnamed>::TensorSizeStride<T2, (unsigned int)4>, int, T2)"
65132851,4607,9338,288,2,1,256,1,1,19,0.000,0.000,,,,,NVIDIA A100 80GB PCIe (0),1,7,"void cudnn::bn_fw_inf_1C11_kernel_NCHW<float, float, (bool)1, (int)1>(T2, T2, cudnnTensorStruct, const T1 *, cudnnTensorStruct, T1 *, cudnnTensorStruct, const T2 *, const T2 *, const T2 *, const T2 *, T2)"
65145842,3040,9345,882,1,1,128,1,1,17,0.000,0.000,,,,,NVIDIA A100 80GB PCIe (0),1,7,"void at::native::vectorized_elementwise_kernel<(int)4, at::native::<unnamed>::launch_clamp_scalar(at::TensorIteratorBase &, c10::Scalar, c10::Scalar, at::native::detail::ClampLimits)::[lambda() (instance 1)]::operator ()() const::[lambda() (instance 7)]::operator ()() const::[lambda(float) (instance 1)], at::detail::Array<char *, (int)2>>(int, T2, T3)"
65179475,8960,9367,24,2,2,128,1,1,90,0.000,0.049,,,,,NVIDIA A100 80GB PCIe (0),1,7,void cutlass::Kernel<cutlass_80_tensorop_s1688gemm_64x64_16x6_nn_align4>(T1::Params)
65218419,4416,9408,192,2,1,256,1,1,19,0.000,0.000,,,,,NVIDIA A100 80GB PCIe (0),1,7,"void cudnn::bn_fw_inf_1C11_kernel_NCHW<float, float, (bool)1, (int)1>(T2, T2, cudnnTensorStruct, const T1 *, cudnnTensorStruct, T1 *, cudnnTensorStruct, const T2 *, const T2 *, const T2 *, const T2 *, T2)"
65230323,2816,9415,588,1,1,128,1,1,17,0.000,0.000,,,,,NVIDIA A100 80GB PCIe (0),1,7,"void at::native::vectorized_elementwise_kernel<(int)4, at::native::<unnamed>::launch_clamp_scalar(at::TensorIteratorBase &, c10::Scalar, c10::Scalar, at::native::detail::ClampLimits)::[lambda() (instance 1)]::operator ()() const::[lambda() (instance 7)]::operator ()() const::[lambda(float) (instance 1)], at::detail::Array<char *, (int)2>>(int, T2, T3)"
65257107,3648,9435,25,6,2,256,1,1,32,0.004,0.000,,,,,NVIDIA A100 80GB PCIe (0),1,7,"void cudnn::ops::nchwToNhwcKernel<float, float, float, (bool)0, (bool)1, (cudnnKernelDataType_t)2>(cudnn::ops::nchw2nhwc_params_t<T3>, const T1 *, T2 *)"
65261843,3648,9437,1,6,48,256,1,1,32,0.004,0.000,,,,,NVIDIA A100 80GB PCIe (0),1,7,"void cudnn::ops::nchwToNhwcKernel<float, float, float, (bool)0, (bool)1, (cudnnKernelDataType_t)2>(cudnn::ops::nchw2nhwc_params_t<T3>, const T1 *, T2 *)"
65266931,1184,9439,,,,,,,,,,0.000,337.838,Device,,NVIDIA A100 80GB PCIe (0),1,7,[CUDA memset]
65270707,19616,9442,2,25,3,128,1,1,117,0.000,0.124,,,,,NVIDIA A100 80GB PCIe (0),1,7,sm80_xmma_fprop_implicit_gemm_indexed_tf32f32_tf32f32_f32_nhwckrsc_nchw_tilesize64x32x64_stage5_warpsize2x2x1_g1_tensor16x8x8_alignc4_execute_kernel_cudnn_infer
65294931,5472,9455,588,4,1,128,1,1,32,0.000,0.000,,,,,NVIDIA A100 80GB PCIe (0),1,7,"void at::native::<unnamed>::CatArrayBatchedCopy_aligned16_contig<float, unsigned int, (int)4, (int)128, (int)1>(T1 *, at::native::<unnamed>::CatArrInputTensorMetadata<T1, T2, T4, T5>, at::native::<unnamed>::TensorSizeStride<T2, (unsigned int)4>, int, T2)"
65329971,4928,9494,336,2,1,256,1,1,19,0.000,0.000,,,,,NVIDIA A100 80GB PCIe (0),1,7,"void cudnn::bn_fw_inf_1C11_kernel_NCHW<float, float, (bool)1, (int)1>(T2, T2, cudnnTensorStruct, const T1 *, cudnnTensorStruct, T1 *, cudnnTensorStruct, const T2 *, const T2 *, const T2 *, const T2 *, T2)"
65342355,3232,9501,1029,1,1,128,1,1,17,0.000,0.000,,,,,NVIDIA A100 80GB PCIe (0),1,7,"void at::native::vectorized_elementwise_kernel<(int)4, at::native::<unnamed>::launch_clamp_scalar(at::TensorIteratorBase &, c10::Scalar, c10::Scalar, at::native::detail::ClampLimits)::[lambda() (instance 1)]::operator ()() const::[lambda() (instance 7)]::operator ()() const::[lambda(float) (instance 1)], at::detail::Array<char *, (int)2>>(int, T2, T3)"
65375923,9632,9523,24,2,2,128,1,1,90,0.000,0.049,,,,,NVIDIA A100 80GB PCIe (0),1,7,void cutlass::Kernel<cutlass_80_tensorop_s1688gemm_64x64_16x6_nn_align4>(T1::Params)
65415572,4448,9564,192,2,1,256,1,1,19,0.000,0.000,,,,,NVIDIA A100 80GB PCIe (0),1,7,"void cudnn::bn_fw_inf_1C11_kernel_NCHW<float, float, (bool)1, (int)1>(T2, T2, cudnnTensorStruct, const T1 *, cudnnTensorStruct, T1 *, cudnnTensorStruct, const T2 *, const T2 *, const T2 *, const T2 *, T2)"
65427219,2784,9571,588,1,1,128,1,1,17,0.000,0.000,,,,,NVIDIA A100 80GB PCIe (0),1,7,"void at::native::vectorized_elementwise_kernel<(int)4, at::native::<unnamed>::launch_clamp_scalar(at::TensorIteratorBase &, c10::Scalar, c10::Scalar, at::native::detail::ClampLimits)::[lambda() (instance 1)]::operator ()() const::[lambda() (instance 7)]::operator ()() const::[lambda(float) (instance 1)], at::detail::Array<char *, (int)2>>(int, T2, T3)"
65453076,3616,9591,25,6,2,256,1,1,32,0.004,0.000,,,,,NVIDIA A100 80GB PCIe (0),1,7,"void cudnn::ops::nchwToNhwcKernel<float, float, float, (bool)0, (bool)1, (cudnnKernelDataType_t)2>(cudnn::ops::nchw2nhwc_params_t<T3>, const T1 *, T2 *)"
65457876,3808,9593,1,6,48,256,1,1,32,0.004,0.000,,,,,NVIDIA A100 80GB PCIe (0),1,7,"void cudnn::ops::nchwToNhwcKernel<float, float, float, (bool)0, (bool)1, (cudnnKernelDataType_t)2>(cudnn::ops::nchw2nhwc_params_t<T3>, const T1 *, T2 *)"
65463252,1152,9595,,,,,,,,,,0.000,347.222,Device,,NVIDIA A100 80GB PCIe (0),1,7,[CUDA memset]
65466644,19456,9598,2,25,3,128,1,1,117,0.000,0.124,,,,,NVIDIA A100 80GB PCIe (0),1,7,sm80_xmma_fprop_implicit_gemm_indexed_tf32f32_tf32f32_f32_nhwckrsc_nchw_tilesize64x32x64_stage5_warpsize2x2x1_g1_tensor16x8x8_alignc4_execute_kernel_cudnn_infer
65490452,6368,9611,588,5,1,128,1,1,32,0.000,0.000,,,,,NVIDIA A100 80GB PCIe (0),1,7,"void at::native::<unnamed>::CatArrayBatchedCopy_aligned16_contig<float, unsigned int, (int)4, (int)128, (int)1>(T1 *, at::native::<unnamed>::CatArrInputTensorMetadata<T1, T2, T4, T5>, at::native::<unnamed>::TensorSizeStride<T2, (unsigned int)4>, int, T2)"
65525940,5056,9650,384,2,1,256,1,1,19,0.000,0.000,,,,,NVIDIA A100 80GB PCIe (0),1,7,"void cudnn::bn_fw_inf_1C11_kernel_NCHW<float, float, (bool)1, (int)1>(T2, T2, cudnnTensorStruct, const T1 *, cudnnTensorStruct, T1 *, cudnnTensorStruct, const T2 *, const T2 *, const T2 *, const T2 *, T2)"
65538740,3552,9657,1176,1,1,128,1,1,17,0.000,0.000,,,,,NVIDIA A100 80GB PCIe (0),1,7,"void at::native::vectorized_elementwise_kernel<(int)4, at::native::<unnamed>::launch_clamp_scalar(at::TensorIteratorBase &, c10::Scalar, c10::Scalar, at::native::detail::ClampLimits)::[lambda() (instance 1)]::operator ()() const::[lambda() (instance 7)]::operator ()() const::[lambda(float) (instance 1)], at::detail::Array<char *, (int)2>>(int, T2, T3)"
65571220,10432,9679,24,2,2,128,1,1,90,0.000,0.049,,,,,NVIDIA A100 80GB PCIe (0),1,7,void cutlass::Kernel<cutlass_80_tensorop_s1688gemm_64x64_16x6_nn_align4>(T1::Params)
65609684,4384,9720,192,2,1,256,1,1,19,0.000,0.000,,,,,NVIDIA A100 80GB PCIe (0),1,7,"void cudnn::bn_fw_inf_1C11_kernel_NCHW<float, float, (bool)1, (int)1>(T2, T2, cudnnTensorStruct, const T1 *, cudnnTensorStruct, T1 *, cudnnTensorStruct, const T2 *, const T2 *, const T2 *, const T2 *, T2)"
65620980,2848,9727,588,1,1,128,1,1,17,0.000,0.000,,,,,NVIDIA A100 80GB PCIe (0),1,7,"void at::native::vectorized_elementwise_kernel<(int)4, at::native::<unnamed>::launch_clamp_scalar(at::TensorIteratorBase &, c10::Scalar, c10::Scalar, at::native::detail::ClampLimits)::[lambda() (instance 1)]::operator ()() const::[lambda() (instance 7)]::operator ()() const::[lambda(float) (instance 1)], at::detail::Array<char *, (int)2>>(int, T2, T3)"
65648020,3584,9747,25,6,2,256,1,1,32,0.004,0.000,,,,,NVIDIA A100 80GB PCIe (0),1,7,"void cudnn::ops::nchwToNhwcKernel<float, float, float, (bool)0, (bool)1, (cudnnKernelDataType_t)2>(cudnn::ops::nchw2nhwc_params_t<T3>, const T1 *, T2 *)"
65652692,3776,9749,1,6,48,256,1,1,32,0.004,0.000,,,,,NVIDIA A100 80GB PCIe (0),1,7,"void cudnn::ops::nchwToNhwcKernel<float, float, float, (bool)0, (bool)1, (cudnnKernelDataType_t)2>(cudnn::ops::nchw2nhwc_params_t<T3>, const T1 *, T2 *)"
65657908,1184,9751,,,,,,,,,,0.000,337.838,Device,,NVIDIA A100 80GB PCIe (0),1,7,[CUDA memset]
65661492,19456,9754,2,25,3,128,1,1,117,0.000,0.124,,,,,NVIDIA A100 80GB PCIe (0),1,7,sm80_xmma_fprop_implicit_gemm_indexed_tf32f32_tf32f32_f32_nhwckrsc_nchw_tilesize64x32x64_stage5_warpsize2x2x1_g1_tensor16x8x8_alignc4_execute_kernel_cudnn_infer
65686772,6752,9767,588,6,1,128,1,1,32,0.000,0.000,,,,,NVIDIA A100 80GB PCIe (0),1,7,"void at::native::<unnamed>::CatArrayBatchedCopy_aligned16_contig<float, unsigned int, (int)4, (int)128, (int)1>(T1 *, at::native::<unnamed>::CatArrInputTensorMetadata<T1, T2, T4, T5>, at::native::<unnamed>::TensorSizeStride<T2, (unsigned int)4>, int, T2)"
65723061,5056,9806,432,2,1,256,1,1,19,0.000,0.000,,,,,NVIDIA A100 80GB PCIe (0),1,7,"void cudnn::bn_fw_inf_1C11_kernel_NCHW<float, float, (bool)1, (int)1>(T2, T2, cudnnTensorStruct, const T1 *, cudnnTensorStruct, T1 *, cudnnTensorStruct, const T2 *, const T2 *, const T2 *, const T2 *, T2)"
65735765,3712,9813,1323,1,1,128,1,1,17,0.000,0.000,,,,,NVIDIA A100 80GB PCIe (0),1,7,"void at::native::vectorized_elementwise_kernel<(int)4, at::native::<unnamed>::launch_clamp_scalar(at::TensorIteratorBase &, c10::Scalar, c10::Scalar, at::native::detail::ClampLimits)::[lambda() (instance 1)]::operator ()() const::[lambda() (instance 7)]::operator ()() const::[lambda(float) (instance 1)], at::detail::Array<char *, (int)2>>(int, T2, T3)"
65769909,11104,9835,24,2,2,128,1,1,90,0.000,0.049,,,,,NVIDIA A100 80GB PCIe (0),1,7,void cutlass::Kernel<cutlass_80_tensorop_s1688gemm_64x64_16x6_nn_align4>(T1::Params)
65809141,4448,9876,192,2,1,256,1,1,19,0.000,0.000,,,,,NVIDIA A100 80GB PCIe (0),1,7,"void cudnn::bn_fw_inf_1C11_kernel_NCHW<float, float, (bool)1, (int)1>(T2, T2, cudnnTensorStruct, const T1 *, cudnnTensorStruct, T1 *, cudnnTensorStruct, const T2 *, const T2 *, const T2 *, const T2 *, T2)"
65821045,2784,9883,588,1,1,128,1,1,17,0.000,0.000,,,,,NVIDIA A100 80GB PCIe (0),1,7,"void at::native::vectorized_elementwise_kernel<(int)4, at::native::<unnamed>::launch_clamp_scalar(at::TensorIteratorBase &, c10::Scalar, c10::Scalar, at::native::detail::ClampLimits)::[lambda() (instance 1)]::operator ()() const::[lambda() (instance 7)]::operator ()() const::[lambda(float) (instance 1)], at::detail::Array<char *, (int)2>>(int, T2, T3)"
65847765,3648,9903,25,6,2,256,1,1,32,0.004,0.000,,,,,NVIDIA A100 80GB PCIe (0),1,7,"void cudnn::ops::nchwToNhwcKernel<float, float, float, (bool)0, (bool)1, (cudnnKernelDataType_t)2>(cudnn::ops::nchw2nhwc_params_t<T3>, const T1 *, T2 *)"
65852565,3712,9905,1,6,48,256,1,1,32,0.004,0.000,,,,,NVIDIA A100 80GB PCIe (0),1,7,"void cudnn::ops::nchwToNhwcKernel<float, float, float, (bool)0, (bool)1, (cudnnKernelDataType_t)2>(cudnn::ops::nchw2nhwc_params_t<T3>, const T1 *, T2 *)"
65857877,1152,9907,,,,,,,,,,0.000,347.222,Device,,NVIDIA A100 80GB PCIe (0),1,7,[CUDA memset]
65861429,19488,9910,2,25,3,128,1,1,117,0.000,0.124,,,,,NVIDIA A100 80GB PCIe (0),1,7,sm80_xmma_fprop_implicit_gemm_indexed_tf32f32_tf32f32_f32_nhwckrsc_nchw_tilesize64x32x64_stage5_warpsize2x2x1_g1_tensor16x8x8_alignc4_execute_kernel_cudnn_infer
65886741,6880,9923,588,7,1,128,1,1,32,0.000,0.000,,,,,NVIDIA A100 80GB PCIe (0),1,7,"void at::native::<unnamed>::CatArrayBatchedCopy_aligned16_contig<float, unsigned int, (int)4, (int)128, (int)1>(T1 *, at::native::<unnamed>::CatArrInputTensorMetadata<T1, T2, T4, T5>, at::native::<unnamed>::TensorSizeStride<T2, (unsigned int)4>, int, T2)"
65923125,6592,9962,480,2,1,256,1,1,19,0.000,0.000,,,,,NVIDIA A100 80GB PCIe (0),1,7,"void cudnn::bn_fw_inf_1C11_kernel_NCHW<float, float, (bool)1, (int)1>(T2, T2, cudnnTensorStruct, const T1 *, cudnnTensorStruct, T1 *, cudnnTensorStruct, const T2 *, const T2 *, const T2 *, const T2 *, T2)"
65935477,3808,9969,1470,1,1,128,1,1,17,0.000,0.000,,,,,NVIDIA A100 80GB PCIe (0),1,7,"void at::native::vectorized_elementwise_kernel<(int)4, at::native::<unnamed>::launch_clamp_scalar(at::TensorIteratorBase &, c10::Scalar, c10::Scalar, at::native::detail::ClampLimits)::[lambda() (instance 1)]::operator ()() const::[lambda() (instance 7)]::operator ()() const::[lambda(float) (instance 1)], at::detail::Array<char *, (int)2>>(int, T2, T3)"
65968885,11904,9991,24,2,2,128,1,1,90,0.000,0.049,,,,,NVIDIA A100 80GB PCIe (0),1,7,void cutlass::Kernel<cutlass_80_tensorop_s1688gemm_64x64_16x6_nn_align4>(T1::Params)
66017462,4416,10032,192,2,1,256,1,1,19,0.000,0.000,,,,,NVIDIA A100 80GB PCIe (0),1,7,"void cudnn::bn_fw_inf_1C11_kernel_NCHW<float, float, (bool)1, (int)1>(T2, T2, cudnnTensorStruct, const T1 *, cudnnTensorStruct, T1 *, cudnnTensorStruct, const T2 *, const T2 *, const T2 *, const T2 *, T2)"
66030710,2848,10039,588,1,1,128,1,1,17,0.000,0.000,,,,,NVIDIA A100 80GB PCIe (0),1,7,"void at::native::vectorized_elementwise_kernel<(int)4, at::native::<unnamed>::launch_clamp_scalar(at::TensorIteratorBase &, c10::Scalar, c10::Scalar, at::native::detail::ClampLimits)::[lambda() (instance 1)]::operator ()() const::[lambda() (instance 7)]::operator ()() const::[lambda(float) (instance 1)], at::detail::Array<char *, (int)2>>(int, T2, T3)"
66062198,3616,10059,25,6,2,256,1,1,32,0.004,0.000,,,,,NVIDIA A100 80GB PCIe (0),1,7,"void cudnn::ops::nchwToNhwcKernel<float, float, float, (bool)0, (bool)1, (cudnnKernelDataType_t)2>(cudnn::ops::nchw2nhwc_params_t<T3>, const T1 *, T2 *)"
66066870,3968,10061,1,6,48,256,1,1,32,0.004,0.000,,,,,NVIDIA A100 80GB PCIe (0),1,7,"void cudnn::ops::nchwToNhwcKernel<float, float, float, (bool)0, (bool)1, (cudnnKernelDataType_t)2>(cudnn::ops::nchw2nhwc_params_t<T3>, const T1 *, T2 *)"
66072534,1184,10063,,,,,,,,,,0.000,337.838,Device,,NVIDIA A100 80GB PCIe (0),1,7,[CUDA memset]
66076438,19424,10066,2,25,3,128,1,1,117,0.000,0.124,,,,,NVIDIA A100 80GB PCIe (0),1,7,sm80_xmma_fprop_implicit_gemm_indexed_tf32f32_tf32f32_f32_nhwckrsc_nchw_tilesize64x32x64_stage5_warpsize2x2x1_g1_tensor16x8x8_alignc4_execute_kernel_cudnn_infer
66103510,7520,10079,588,8,1,128,1,1,32,0.000,0.000,,,,,NVIDIA A100 80GB PCIe (0),1,7,"void at::native::<unnamed>::CatArrayBatchedCopy_aligned16_contig<float, unsigned int, (int)4, (int)128, (int)1>(T1 *, at::native::<unnamed>::CatArrInputTensorMetadata<T1, T2, T4, T5>, at::native::<unnamed>::TensorSizeStride<T2, (unsigned int)4>, int, T2)"
66139670,6688,10118,528,2,1,256,1,1,19,0.000,0.000,,,,,NVIDIA A100 80GB PCIe (0),1,7,"void cudnn::bn_fw_inf_1C11_kernel_NCHW<float, float, (bool)1, (int)1>(T2, T2, cudnnTensorStruct, const T1 *, cudnnTensorStruct, T1 *, cudnnTensorStruct, const T2 *, const T2 *, const T2 *, const T2 *, T2)"
66152214,3840,10125,1617,1,1,128,1,1,17,0.000,0.000,,,,,NVIDIA A100 80GB PCIe (0),1,7,"void at::native::vectorized_elementwise_kernel<(int)4, at::native::<unnamed>::launch_clamp_scalar(at::TensorIteratorBase &, c10::Scalar, c10::Scalar, at::native::detail::ClampLimits)::[lambda() (instance 1)]::operator ()() const::[lambda() (instance 7)]::operator ()() const::[lambda(float) (instance 1)], at::detail::Array<char *, (int)2>>(int, T2, T3)"
66185718,12704,10147,24,2,2,128,1,1,90,0.000,0.049,,,,,NVIDIA A100 80GB PCIe (0),1,7,void cutlass::Kernel<cutlass_80_tensorop_s1688gemm_64x64_16x6_nn_align4>(T1::Params)
66226070,4384,10188,192,2,1,256,1,1,19,0.000,0.000,,,,,NVIDIA A100 80GB PCIe (0),1,7,"void cudnn::bn_fw_inf_1C11_kernel_NCHW<float, float, (bool)1, (int)1>(T2, T2, cudnnTensorStruct, const T1 *, cudnnTensorStruct, T1 *, cudnnTensorStruct, const T2 *, const T2 *, const T2 *, const T2 *, T2)"
66237718,2816,10195,588,1,1,128,1,1,17,0.000,0.000,,,,,NVIDIA A100 80GB PCIe (0),1,7,"void at::native::vectorized_elementwise_kernel<(int)4, at::native::<unnamed>::launch_clamp_scalar(at::TensorIteratorBase &, c10::Scalar, c10::Scalar, at::native::detail::ClampLimits)::[lambda() (instance 1)]::operator ()() const::[lambda() (instance 7)]::operator ()() const::[lambda(float) (instance 1)], at::detail::Array<char *, (int)2>>(int, T2, T3)"
66264822,3617,10215,25,6,2,256,1,1,32,0.004,0.000,,,,,NVIDIA A100 80GB PCIe (0),1,7,"void cudnn::ops::nchwToNhwcKernel<float, float, float, (bool)0, (bool)1, (cudnnKernelDataType_t)2>(cudnn::ops::nchw2nhwc_params_t<T3>, const T1 *, T2 *)"
66269430,3744,10217,1,6,48,256,1,1,32,0.004,0.000,,,,,NVIDIA A100 80GB PCIe (0),1,7,"void cudnn::ops::nchwToNhwcKernel<float, float, float, (bool)0, (bool)1, (cudnnKernelDataType_t)2>(cudnn::ops::nchw2nhwc_params_t<T3>, const T1 *, T2 *)"
66275062,1184,10219,,,,,,,,,,0.000,337.838,Device,,NVIDIA A100 80GB PCIe (0),1,7,[CUDA memset]
66279287,19488,10222,2,25,3,128,1,1,117,0.000,0.124,,,,,NVIDIA A100 80GB PCIe (0),1,7,sm80_xmma_fprop_implicit_gemm_indexed_tf32f32_tf32f32_f32_nhwckrsc_nchw_tilesize64x32x64_stage5_warpsize2x2x1_g1_tensor16x8x8_alignc4_execute_kernel_cudnn_infer
66305271,7392,10235,588,9,1,128,1,1,32,0.000,0.000,,,,,NVIDIA A100 80GB PCIe (0),1,7,"void at::native::<unnamed>::CatArrayBatchedCopy_aligned16_contig<float, unsigned int, (int)4, (int)128, (int)1>(T1 *, at::native::<unnamed>::CatArrInputTensorMetadata<T1, T2, T4, T5>, at::native::<unnamed>::TensorSizeStride<T2, (unsigned int)4>, int, T2)"
66340663,6976,10274,576,2,1,256,1,1,19,0.000,0.000,,,,,NVIDIA A100 80GB PCIe (0),1,7,"void cudnn::bn_fw_inf_1C11_kernel_NCHW<float, float, (bool)1, (int)1>(T2, T2, cudnnTensorStruct, const T1 *, cudnnTensorStruct, T1 *, cudnnTensorStruct, const T2 *, const T2 *, const T2 *, const T2 *, T2)"
66353143,4096,10281,1764,1,1,128,1,1,17,0.000,0.000,,,,,NVIDIA A100 80GB PCIe (0),1,7,"void at::native::vectorized_elementwise_kernel<(int)4, at::native::<unnamed>::launch_clamp_scalar(at::TensorIteratorBase &, c10::Scalar, c10::Scalar, at::native::detail::ClampLimits)::[lambda() (instance 1)]::operator ()() const::[lambda() (instance 7)]::operator ()() const::[lambda(float) (instance 1)], at::detail::Array<char *, (int)2>>(int, T2, T3)"
66385207,13536,10303,24,2,2,128,1,1,90,0.000,0.049,,,,,NVIDIA A100 80GB PCIe (0),1,7,void cutlass::Kernel<cutlass_80_tensorop_s1688gemm_64x64_16x6_nn_align4>(T1::Params)
66424183,4416,10344,192,2,1,256,1,1,19,0.000,0.000,,,,,NVIDIA A100 80GB PCIe (0),1,7,"void cudnn::bn_fw_inf_1C11_kernel_NCHW<float, float, (bool)1, (int)1>(T2, T2, cudnnTensorStruct, const T1 *, cudnnTensorStruct, T1 *, cudnnTensorStruct, const T2 *, const T2 *, const T2 *, const T2 *, T2)"
66435767,2816,10351,588,1,1,128,1,1,17,0.000,0.000,,,,,NVIDIA A100 80GB PCIe (0),1,7,"void at::native::vectorized_elementwise_kernel<(int)4, at::native::<unnamed>::launch_clamp_scalar(at::TensorIteratorBase &, c10::Scalar, c10::Scalar, at::native::detail::ClampLimits)::[lambda() (instance 1)]::operator ()() const::[lambda() (instance 7)]::operator ()() const::[lambda(float) (instance 1)], at::detail::Array<char *, (int)2>>(int, T2, T3)"
66463063,3616,10371,25,6,2,256,1,1,32,0.004,0.000,,,,,NVIDIA A100 80GB PCIe (0),1,7,"void cudnn::ops::nchwToNhwcKernel<float, float, float, (bool)0, (bool)1, (cudnnKernelDataType_t)2>(cudnn::ops::nchw2nhwc_params_t<T3>, const T1 *, T2 *)"
66467767,3808,10373,1,6,48,256,1,1,32,0.004,0.000,,,,,NVIDIA A100 80GB PCIe (0),1,7,"void cudnn::ops::nchwToNhwcKernel<float, float, float, (bool)0, (bool)1, (cudnnKernelDataType_t)2>(cudnn::ops::nchw2nhwc_params_t<T3>, const T1 *, T2 *)"
66473047,1184,10375,,,,,,,,,,0.000,337.838,Device,,NVIDIA A100 80GB PCIe (0),1,7,[CUDA memset]
66476759,19488,10378,2,25,3,128,1,1,117,0.000,0.124,,,,,NVIDIA A100 80GB PCIe (0),1,7,sm80_xmma_fprop_implicit_gemm_indexed_tf32f32_tf32f32_f32_nhwckrsc_nchw_tilesize64x32x64_stage5_warpsize2x2x1_g1_tensor16x8x8_alignc4_execute_kernel_cudnn_infer
66502999,8160,10391,588,10,1,128,1,1,32,0.000,0.000,,,,,NVIDIA A100 80GB PCIe (0),1,7,"void at::native::<unnamed>::CatArrayBatchedCopy_aligned16_contig<float, unsigned int, (int)4, (int)128, (int)1>(T1 *, at::native::<unnamed>::CatArrInputTensorMetadata<T1, T2, T4, T5>, at::native::<unnamed>::TensorSizeStride<T2, (unsigned int)4>, int, T2)"
66538167,7008,10430,624,2,1,256,1,1,19,0.000,0.000,,,,,NVIDIA A100 80GB PCIe (0),1,7,"void cudnn::bn_fw_inf_1C11_kernel_NCHW<float, float, (bool)1, (int)1>(T2, T2, cudnnTensorStruct, const T1 *, cudnnTensorStruct, T1 *, cudnnTensorStruct, const T2 *, const T2 *, const T2 *, const T2 *, T2)"
66550455,4416,10437,1911,1,1,128,1,1,17,0.000,0.000,,,,,NVIDIA A100 80GB PCIe (0),1,7,"void at::native::vectorized_elementwise_kernel<(int)4, at::native::<unnamed>::launch_clamp_scalar(at::TensorIteratorBase &, c10::Scalar, c10::Scalar, at::native::detail::ClampLimits)::[lambda() (instance 1)]::operator ()() const::[lambda() (instance 7)]::operator ()() const::[lambda(float) (instance 1)], at::detail::Array<char *, (int)2>>(int, T2, T3)"
66582519,14145,10459,24,2,2,128,1,1,90,0.000,0.049,,,,,NVIDIA A100 80GB PCIe (0),1,7,void cutlass::Kernel<cutlass_80_tensorop_s1688gemm_64x64_16x6_nn_align4>(T1::Params)
66621240,4416,10500,192,2,1,256,1,1,19,0.000,0.000,,,,,NVIDIA A100 80GB PCIe (0),1,7,"void cudnn::bn_fw_inf_1C11_kernel_NCHW<float, float, (bool)1, (int)1>(T2, T2, cudnnTensorStruct, const T1 *, cudnnTensorStruct, T1 *, cudnnTensorStruct, const T2 *, const T2 *, const T2 *, const T2 *, T2)"
66632984,2816,10507,588,1,1,128,1,1,17,0.000,0.000,,,,,NVIDIA A100 80GB PCIe (0),1,7,"void at::native::vectorized_elementwise_kernel<(int)4, at::native::<unnamed>::launch_clamp_scalar(at::TensorIteratorBase &, c10::Scalar, c10::Scalar, at::native::detail::ClampLimits)::[lambda() (instance 1)]::operator ()() const::[lambda() (instance 7)]::operator ()() const::[lambda(float) (instance 1)], at::detail::Array<char *, (int)2>>(int, T2, T3)"
66659288,3584,10527,25,6,2,256,1,1,32,0.004,0.000,,,,,NVIDIA A100 80GB PCIe (0),1,7,"void cudnn::ops::nchwToNhwcKernel<float, float, float, (bool)0, (bool)1, (cudnnKernelDataType_t)2>(cudnn::ops::nchw2nhwc_params_t<T3>, const T1 *, T2 *)"
66664088,3904,10529,1,6,48,256,1,1,32,0.004,0.000,,,,,NVIDIA A100 80GB PCIe (0),1,7,"void cudnn::ops::nchwToNhwcKernel<float, float, float, (bool)0, (bool)1, (cudnnKernelDataType_t)2>(cudnn::ops::nchw2nhwc_params_t<T3>, const T1 *, T2 *)"
66669464,1088,10531,,,,,,,,,,0.000,367.647,Device,,NVIDIA A100 80GB PCIe (0),1,7,[CUDA memset]
66672824,19584,10534,2,25,3,128,1,1,117,0.000,0.124,,,,,NVIDIA A100 80GB PCIe (0),1,7,sm80_xmma_fprop_implicit_gemm_indexed_tf32f32_tf32f32_f32_nhwckrsc_nchw_tilesize64x32x64_stage5_warpsize2x2x1_g1_tensor16x8x8_alignc4_execute_kernel_cudnn_infer
66699032,8288,10547,588,11,1,128,1,1,32,0.000,0.000,,,,,NVIDIA A100 80GB PCIe (0),1,7,"void at::native::<unnamed>::CatArrayBatchedCopy_aligned16_contig<float, unsigned int, (int)4, (int)128, (int)1>(T1 *, at::native::<unnamed>::CatArrInputTensorMetadata<T1, T2, T4, T5>, at::native::<unnamed>::TensorSizeStride<T2, (unsigned int)4>, int, T2)"
66735000,7136,10586,672,2,1,256,1,1,19,0.000,0.000,,,,,NVIDIA A100 80GB PCIe (0),1,7,"void cudnn::bn_fw_inf_1C11_kernel_NCHW<float, float, (bool)1, (int)1>(T2, T2, cudnnTensorStruct, const T1 *, cudnnTensorStruct, T1 *, cudnnTensorStruct, const T2 *, const T2 *, const T2 *, const T2 *, T2)"
66747992,4576,10593,2058,1,1,128,1,1,17,0.000,0.000,,,,,NVIDIA A100 80GB PCIe (0),1,7,"void at::native::vectorized_elementwise_kernel<(int)4, at::native::<unnamed>::launch_clamp_scalar(at::TensorIteratorBase &, c10::Scalar, c10::Scalar, at::native::detail::ClampLimits)::[lambda() (instance 1)]::operator ()() const::[lambda() (instance 7)]::operator ()() const::[lambda(float) (instance 1)], at::detail::Array<char *, (int)2>>(int, T2, T3)"
66780888,14944,10615,24,2,2,128,1,1,90,0.000,0.049,,,,,NVIDIA A100 80GB PCIe (0),1,7,void cutlass::Kernel<cutlass_80_tensorop_s1688gemm_64x64_16x6_nn_align4>(T1::Params)
66819576,4416,10656,192,2,1,256,1,1,19,0.000,0.000,,,,,NVIDIA A100 80GB PCIe (0),1,7,"void cudnn::bn_fw_inf_1C11_kernel_NCHW<float, float, (bool)1, (int)1>(T2, T2, cudnnTensorStruct, const T1 *, cudnnTensorStruct, T1 *, cudnnTensorStruct, const T2 *, const T2 *, const T2 *, const T2 *, T2)"
66831544,2848,10663,588,1,1,128,1,1,17,0.000,0.000,,,,,NVIDIA A100 80GB PCIe (0),1,7,"void at::native::vectorized_elementwise_kernel<(int)4, at::native::<unnamed>::launch_clamp_scalar(at::TensorIteratorBase &, c10::Scalar, c10::Scalar, at::native::detail::ClampLimits)::[lambda() (instance 1)]::operator ()() const::[lambda() (instance 7)]::operator ()() const::[lambda(float) (instance 1)], at::detail::Array<char *, (int)2>>(int, T2, T3)"
66858585,3647,10683,25,6,2,256,1,1,32,0.004,0.000,,,,,NVIDIA A100 80GB PCIe (0),1,7,"void cudnn::ops::nchwToNhwcKernel<float, float, float, (bool)0, (bool)1, (cudnnKernelDataType_t)2>(cudnn::ops::nchw2nhwc_params_t<T3>, const T1 *, T2 *)"
66863416,3840,10685,1,6,48,256,1,1,32,0.004,0.000,,,,,NVIDIA A100 80GB PCIe (0),1,7,"void cudnn::ops::nchwToNhwcKernel<float, float, float, (bool)0, (bool)1, (cudnnKernelDataType_t)2>(cudnn::ops::nchw2nhwc_params_t<T3>, const T1 *, T2 *)"
66868697,1151,10687,,,,,,,,,,0.000,347.524,Device,,NVIDIA A100 80GB PCIe (0),1,7,[CUDA memset]
66872025,19552,10690,2,25,3,128,1,1,117,0.000,0.124,,,,,NVIDIA A100 80GB PCIe (0),1,7,sm80_xmma_fprop_implicit_gemm_indexed_tf32f32_tf32f32_f32_nhwckrsc_nchw_tilesize64x32x64_stage5_warpsize2x2x1_g1_tensor16x8x8_alignc4_execute_kernel_cudnn_infer
66899225,8832,10703,588,12,1,128,1,1,32,0.000,0.000,,,,,NVIDIA A100 80GB PCIe (0),1,7,"void at::native::<unnamed>::CatArrayBatchedCopy_aligned16_contig<float, unsigned int, (int)4, (int)128, (int)1>(T1 *, at::native::<unnamed>::CatArrInputTensorMetadata<T1, T2, T4, T5>, at::native::<unnamed>::TensorSizeStride<T2, (unsigned int)4>, int, T2)"
66934777,7200,10742,720,2,1,256,1,1,19,0.000,0.000,,,,,NVIDIA A100 80GB PCIe (0),1,7,"void cudnn::bn_fw_inf_1C11_kernel_NCHW<float, float, (bool)1, (int)1>(T2, T2, cudnnTensorStruct, const T1 *, cudnnTensorStruct, T1 *, cudnnTensorStruct, const T2 *, const T2 *, const T2 *, const T2 *, T2)"
66947321,4800,10749,2205,1,1,128,1,1,17,0.000,0.000,,,,,NVIDIA A100 80GB PCIe (0),1,7,"void at::native::vectorized_elementwise_kernel<(int)4, at::native::<unnamed>::launch_clamp_scalar(at::TensorIteratorBase &, c10::Scalar, c10::Scalar, at::native::detail::ClampLimits)::[lambda() (instance 1)]::operator ()() const::[lambda() (instance 7)]::operator ()() const::[lambda(float) (instance 1)], at::detail::Array<char *, (int)2>>(int, T2, T3)"
66980537,15584,10771,24,2,2,128,1,1,90,0.000,0.049,,,,,NVIDIA A100 80GB PCIe (0),1,7,void cutlass::Kernel<cutlass_80_tensorop_s1688gemm_64x64_16x6_nn_align4>(T1::Params)
67018905,4384,10812,192,2,1,256,1,1,19,0.000,0.000,,,,,NVIDIA A100 80GB PCIe (0),1,7,"void cudnn::bn_fw_inf_1C11_kernel_NCHW<float, float, (bool)1, (int)1>(T2, T2, cudnnTensorStruct, const T1 *, cudnnTensorStruct, T1 *, cudnnTensorStruct, const T2 *, const T2 *, const T2 *, const T2 *, T2)"
67030393,2816,10819,588,1,1,128,1,1,17,0.000,0.000,,,,,NVIDIA A100 80GB PCIe (0),1,7,"void at::native::vectorized_elementwise_kernel<(int)4, at::native::<unnamed>::launch_clamp_scalar(at::TensorIteratorBase &, c10::Scalar, c10::Scalar, at::native::detail::ClampLimits)::[lambda() (instance 1)]::operator ()() const::[lambda() (instance 7)]::operator ()() const::[lambda(float) (instance 1)], at::detail::Array<char *, (int)2>>(int, T2, T3)"
67056761,3616,10839,25,6,2,256,1,1,32,0.004,0.000,,,,,NVIDIA A100 80GB PCIe (0),1,7,"void cudnn::ops::nchwToNhwcKernel<float, float, float, (bool)0, (bool)1, (cudnnKernelDataType_t)2>(cudnn::ops::nchw2nhwc_params_t<T3>, const T1 *, T2 *)"
67061561,3616,10841,1,6,48,256,1,1,32,0.004,0.000,,,,,NVIDIA A100 80GB PCIe (0),1,7,"void cudnn::ops::nchwToNhwcKernel<float, float, float, (bool)0, (bool)1, (cudnnKernelDataType_t)2>(cudnn::ops::nchw2nhwc_params_t<T3>, const T1 *, T2 *)"
67066905,1184,10843,,,,,,,,,,0.000,337.838,Device,,NVIDIA A100 80GB PCIe (0),1,7,[CUDA memset]
67070265,19520,10846,2,25,3,128,1,1,117,0.000,0.124,,,,,NVIDIA A100 80GB PCIe (0),1,7,sm80_xmma_fprop_implicit_gemm_indexed_tf32f32_tf32f32_f32_nhwckrsc_nchw_tilesize64x32x64_stage5_warpsize2x2x1_g1_tensor16x8x8_alignc4_execute_kernel_cudnn_infer
67094873,9376,10859,588,13,1,128,1,1,32,0.000,0.000,,,,,NVIDIA A100 80GB PCIe (0),1,7,"void at::native::<unnamed>::CatArrayBatchedCopy_aligned16_contig<float, unsigned int, (int)4, (int)128, (int)1>(T1 *, at::native::<unnamed>::CatArrInputTensorMetadata<T1, T2, T4, T5>, at::native::<unnamed>::TensorSizeStride<T2, (unsigned int)4>, int, T2)"
67142585,7392,10898,768,2,1,256,1,1,19,0.000,0.000,,,,,NVIDIA A100 80GB PCIe (0),1,7,"void cudnn::bn_fw_inf_1C11_kernel_NCHW<float, float, (bool)1, (int)1>(T2, T2, cudnnTensorStruct, const T1 *, cudnnTensorStruct, T1 *, cudnnTensorStruct, const T2 *, const T2 *, const T2 *, const T2 *, T2)"
67155641,4801,10905,2352,1,1,128,1,1,17,0.000,0.000,,,,,NVIDIA A100 80GB PCIe (0),1,7,"void at::native::vectorized_elementwise_kernel<(int)4, at::native::<unnamed>::launch_clamp_scalar(at::TensorIteratorBase &, c10::Scalar, c10::Scalar, at::native::detail::ClampLimits)::[lambda() (instance 1)]::operator ()() const::[lambda() (instance 7)]::operator ()() const::[lambda(float) (instance 1)], at::detail::Array<char *, (int)2>>(int, T2, T3)"
67189818,22560,10927,48,2,2,128,1,1,90,0.000,0.049,,,,,NVIDIA A100 80GB PCIe (0),1,7,void cutlass::Kernel<cutlass_80_tensorop_s1688gemm_64x64_16x6_nn_align4>(T1::Params)
67213594,7008,10940,147,1,1,1024,1,1,40,0.000,0.000,,,,,NVIDIA A100 80GB PCIe (0),1,7,"void at::native::<unnamed>::avg_pool2d_out_cuda_frame<float, float>(int, const T1 *, long, long, long, long, int, int, int, int, int, int, int, T1 *, int, bool, bool)"
67239866,2560,10950,,,,,,,,,,0.602,235200.000,Device,Device,NVIDIA A100 80GB PCIe (0),1,7,[CUDA memcpy Device-to-Device]
67281530,4448,10991,384,2,1,64,1,1,19,0.000,0.000,,,,,NVIDIA A100 80GB PCIe (0),1,7,"void cudnn::bn_fw_inf_1C11_kernel_NCHW<float, float, (bool)1, (int)1>(T2, T2, cudnnTensorStruct, const T1 *, cudnnTensorStruct, T1 *, cudnnTensorStruct, const T2 *, const T2 *, const T2 *, const T2 *, T2)"
67294234,2592,10998,294,1,1,128,1,1,17,0.000,0.000,,,,,NVIDIA A100 80GB PCIe (0),1,7,"void at::native::vectorized_elementwise_kernel<(int)4, at::native::<unnamed>::launch_clamp_scalar(at::TensorIteratorBase &, c10::Scalar, c10::Scalar, at::native::detail::ClampLimits)::[lambda() (instance 1)]::operator ()() const::[lambda() (instance 7)]::operator ()() const::[lambda(float) (instance 1)], at::detail::Array<char *, (int)2>>(int, T2, T3)"
67328698,9792,11020,12,1,2,128,1,1,90,0.000,0.049,,,,,NVIDIA A100 80GB PCIe (0),1,7,void cutlass::Kernel<cutlass_80_tensorop_s1688gemm_64x64_16x6_nn_align4>(T1::Params)
67369114,4032,11061,192,2,1,64,1,1,19,0.000,0.000,,,,,NVIDIA A100 80GB PCIe (0),1,7,"void cudnn::bn_fw_inf_1C11_kernel_NCHW<float, float, (bool)1, (int)1>(T2, T2, cudnnTensorStruct, const T1 *, cudnnTensorStruct, T1 *, cudnnTensorStruct, const T2 *, const T2 *, const T2 *, const T2 *, T2)"
67381338,2304,11068,147,1,1,128,1,1,17,0.000,0.000,,,,,NVIDIA A100 80GB PCIe (0),1,7,"void at::native::vectorized_elementwise_kernel<(int)4, at::native::<unnamed>::launch_clamp_scalar(at::TensorIteratorBase &, c10::Scalar, c10::Scalar, at::native::detail::ClampLimits)::[lambda() (instance 1)]::operator ()() const::[lambda() (instance 7)]::operator ()() const::[lambda(float) (instance 1)], at::detail::Array<char *, (int)2>>(int, T2, T3)"
67409434,3104,11088,7,6,2,256,1,1,32,0.004,0.000,,,,,NVIDIA A100 80GB PCIe (0),1,7,"void cudnn::ops::nchwToNhwcKernel<float, float, float, (bool)0, (bool)1, (cudnnKernelDataType_t)2>(cudnn::ops::nchw2nhwc_params_t<T3>, const T1 *, T2 *)"
67413754,3808,11090,1,6,48,256,1,1,32,0.004,0.000,,,,,NVIDIA A100 80GB PCIe (0),1,7,"void cudnn::ops::nchwToNhwcKernel<float, float, float, (bool)0, (bool)1, (cudnnKernelDataType_t)2>(cudnn::ops::nchw2nhwc_params_t<T3>, const T1 *, T2 *)"
67421882,1057,11092,,,,,,,,,,0.000,105.960,Device,,NVIDIA A100 80GB PCIe (0),1,7,[CUDA memset]
67425563,13888,11095,2,7,3,128,1,1,117,0.000,0.124,,,,,NVIDIA A100 80GB PCIe (0),1,7,sm80_xmma_fprop_implicit_gemm_indexed_tf32f32_tf32f32_f32_nhwckrsc_nchw_tilesize64x32x64_stage5_warpsize2x2x1_g1_tensor16x8x8_alignc4_execute_kernel_cudnn_infer
67450171,4159,11108,294,2,1,128,1,1,32,0.000,0.000,,,,,NVIDIA A100 80GB PCIe (0),1,7,"void at::native::<unnamed>::CatArrayBatchedCopy_aligned16_contig<float, unsigned int, (int)4, (int)128, (int)1>(T1 *, at::native::<unnamed>::CatArrInputTensorMetadata<T1, T2, T4, T5>, at::native::<unnamed>::TensorSizeStride<T2, (unsigned int)4>, int, T2)"
67486235,4288,11147,432,2,1,64,1,1,19,0.000,0.000,,,,,NVIDIA A100 80GB PCIe (0),1,7,"void cudnn::bn_fw_inf_1C11_kernel_NCHW<float, float, (bool)1, (int)1>(T2, T2, cudnnTensorStruct, const T1 *, cudnnTensorStruct, T1 *, cudnnTensorStruct, const T2 *, const T2 *, const T2 *, const T2 *, T2)"
67498971,2624,11154,331,1,1,128,1,1,17,0.000,0.000,,,,,NVIDIA A100 80GB PCIe (0),1,7,"void at::native::vectorized_elementwise_kernel<(int)4, at::native::<unnamed>::launch_clamp_scalar(at::TensorIteratorBase &, c10::Scalar, c10::Scalar, at::native::detail::ClampLimits)::[lambda() (instance 1)]::operator ()() const::[lambda() (instance 7)]::operator ()() const::[lambda(float) (instance 1)], at::detail::Array<char *, (int)2>>(int, T2, T3)"
67532155,10688,11176,12,1,2,128,1,1,90,0.000,0.049,,,,,NVIDIA A100 80GB PCIe (0),1,7,void cutlass::Kernel<cutlass_80_tensorop_s1688gemm_64x64_16x6_nn_align4>(T1::Params)
67570939,4000,11217,192,2,1,64,1,1,19,0.000,0.000,,,,,NVIDIA A100 80GB PCIe (0),1,7,"void cudnn::bn_fw_inf_1C11_kernel_NCHW<float, float, (bool)1, (int)1>(T2, T2, cudnnTensorStruct, const T1 *, cudnnTensorStruct, T1 *, cudnnTensorStruct, const T2 *, const T2 *, const T2 *, const T2 *, T2)"
67583419,2336,11224,147,1,1,128,1,1,17,0.000,0.000,,,,,NVIDIA A100 80GB PCIe (0),1,7,"void at::native::vectorized_elementwise_kernel<(int)4, at::native::<unnamed>::launch_clamp_scalar(at::TensorIteratorBase &, c10::Scalar, c10::Scalar, at::native::detail::ClampLimits)::[lambda() (instance 1)]::operator ()() const::[lambda() (instance 7)]::operator ()() const::[lambda(float) (instance 1)], at::detail::Array<char *, (int)2>>(int, T2, T3)"
67610651,3040,11244,7,6,2,256,1,1,32,0.004,0.000,,,,,NVIDIA A100 80GB PCIe (0),1,7,"void cudnn::ops::nchwToNhwcKernel<float, float, float, (bool)0, (bool)1, (cudnnKernelDataType_t)2>(cudnn::ops::nchw2nhwc_params_t<T3>, const T1 *, T2 *)"
67615451,3872,11246,1,6,48,256,1,1,32,0.004,0.000,,,,,NVIDIA A100 80GB PCIe (0),1,7,"void cudnn::ops::nchwToNhwcKernel<float, float, float, (bool)0, (bool)1, (cudnnKernelDataType_t)2>(cudnn::ops::nchw2nhwc_params_t<T3>, const T1 *, T2 *)"
67622107,1024,11248,,,,,,,,,,0.000,109.375,Device,,NVIDIA A100 80GB PCIe (0),1,7,[CUDA memset]
67625723,14048,11251,2,7,3,128,1,1,117,0.000,0.124,,,,,NVIDIA A100 80GB PCIe (0),1,7,sm80_xmma_fprop_implicit_gemm_indexed_tf32f32_tf32f32_f32_nhwckrsc_nchw_tilesize64x32x64_stage5_warpsize2x2x1_g1_tensor16x8x8_alignc4_execute_kernel_cudnn_infer
67649595,4096,11264,294,3,1,128,1,1,32,0.000,0.000,,,,,NVIDIA A100 80GB PCIe (0),1,7,"void at::native::<unnamed>::CatArrayBatchedCopy_aligned16_contig<float, unsigned int, (int)4, (int)128, (int)1>(T1 *, at::native::<unnamed>::CatArrInputTensorMetadata<T1, T2, T4, T5>, at::native::<unnamed>::TensorSizeStride<T2, (unsigned int)4>, int, T2)"
67686491,4384,11303,480,2,1,64,1,1,19,0.000,0.000,,,,,NVIDIA A100 80GB PCIe (0),1,7,"void cudnn::bn_fw_inf_1C11_kernel_NCHW<float, float, (bool)1, (int)1>(T2, T2, cudnnTensorStruct, const T1 *, cudnnTensorStruct, T1 *, cudnnTensorStruct, const T2 *, const T2 *, const T2 *, const T2 *, T2)"
67698971,2592,11310,368,1,1,128,1,1,17,0.000,0.000,,,,,NVIDIA A100 80GB PCIe (0),1,7,"void at::native::vectorized_elementwise_kernel<(int)4, at::native::<unnamed>::launch_clamp_scalar(at::TensorIteratorBase &, c10::Scalar, c10::Scalar, at::native::detail::ClampLimits)::[lambda() (instance 1)]::operator ()() const::[lambda() (instance 7)]::operator ()() const::[lambda(float) (instance 1)], at::detail::Array<char *, (int)2>>(int, T2, T3)"
67732091,11456,11332,12,1,2,128,1,1,90,0.000,0.049,,,,,NVIDIA A100 80GB PCIe (0),1,7,void cutlass::Kernel<cutlass_80_tensorop_s1688gemm_64x64_16x6_nn_align4>(T1::Params)
67770748,4000,11373,192,2,1,64,1,1,19,0.000,0.000,,,,,NVIDIA A100 80GB PCIe (0),1,7,"void cudnn::bn_fw_inf_1C11_kernel_NCHW<float, float, (bool)1, (int)1>(T2, T2, cudnnTensorStruct, const T1 *, cudnnTensorStruct, T1 *, cudnnTensorStruct, const T2 *, const T2 *, const T2 *, const T2 *, T2)"
67782556,2272,11380,147,1,1,128,1,1,17,0.000,0.000,,,,,NVIDIA A100 80GB PCIe (0),1,7,"void at::native::vectorized_elementwise_kernel<(int)4, at::native::<unnamed>::launch_clamp_scalar(at::TensorIteratorBase &, c10::Scalar, c10::Scalar, at::native::detail::ClampLimits)::[lambda() (instance 1)]::operator ()() const::[lambda() (instance 7)]::operator ()() const::[lambda(float) (instance 1)], at::detail::Array<char *, (int)2>>(int, T2, T3)"
67808444,3040,11400,7,6,2,256,1,1,32,0.004,0.000,,,,,NVIDIA A100 80GB PCIe (0),1,7,"void cudnn::ops::nchwToNhwcKernel<float, float, float, (bool)0, (bool)1, (cudnnKernelDataType_t)2>(cudnn::ops::nchw2nhwc_params_t<T3>, const T1 *, T2 *)"
67812732,3776,11402,1,6,48,256,1,1,32,0.004,0.000,,,,,NVIDIA A100 80GB PCIe (0),1,7,"void cudnn::ops::nchwToNhwcKernel<float, float, float, (bool)0, (bool)1, (cudnnKernelDataType_t)2>(cudnn::ops::nchw2nhwc_params_t<T3>, const T1 *, T2 *)"
67818332,1120,11404,,,,,,,,,,0.000,100.000,Device,,NVIDIA A100 80GB PCIe (0),1,7,[CUDA memset]
67822108,14848,11407,2,7,3,128,1,1,117,0.000,0.124,,,,,NVIDIA A100 80GB PCIe (0),1,7,sm80_xmma_fprop_implicit_gemm_indexed_tf32f32_tf32f32_f32_nhwckrsc_nchw_tilesize64x32x64_stage5_warpsize2x2x1_g1_tensor16x8x8_alignc4_execute_kernel_cudnn_infer
67846236,4512,11420,294,4,1,128,1,1,32,0.000,0.000,,,,,NVIDIA A100 80GB PCIe (0),1,7,"void at::native::<unnamed>::CatArrayBatchedCopy_aligned16_contig<float, unsigned int, (int)4, (int)128, (int)1>(T1 *, at::native::<unnamed>::CatArrInputTensorMetadata<T1, T2, T4, T5>, at::native::<unnamed>::TensorSizeStride<T2, (unsigned int)4>, int, T2)"
67882716,4480,11459,528,2,1,64,1,1,19,0.000,0.000,,,,,NVIDIA A100 80GB PCIe (0),1,7,"void cudnn::bn_fw_inf_1C11_kernel_NCHW<float, float, (bool)1, (int)1>(T2, T2, cudnnTensorStruct, const T1 *, cudnnTensorStruct, T1 *, cudnnTensorStruct, const T2 *, const T2 *, const T2 *, const T2 *, T2)"
67895196,2624,11466,405,1,1,128,1,1,17,0.000,0.000,,,,,NVIDIA A100 80GB PCIe (0),1,7,"void at::native::vectorized_elementwise_kernel<(int)4, at::native::<unnamed>::launch_clamp_scalar(at::TensorIteratorBase &, c10::Scalar, c10::Scalar, at::native::detail::ClampLimits)::[lambda() (instance 1)]::operator ()() const::[lambda() (instance 7)]::operator ()() const::[lambda(float) (instance 1)], at::detail::Array<char *, (int)2>>(int, T2, T3)"
67928412,12192,11488,12,1,2,128,1,1,90,0.000,0.049,,,,,NVIDIA A100 80GB PCIe (0),1,7,void cutlass::Kernel<cutlass_80_tensorop_s1688gemm_64x64_16x6_nn_align4>(T1::Params)
67967612,3904,11529,192,2,1,64,1,1,19,0.000,0.000,,,,,NVIDIA A100 80GB PCIe (0),1,7,"void cudnn::bn_fw_inf_1C11_kernel_NCHW<float, float, (bool)1, (int)1>(T2, T2, cudnnTensorStruct, const T1 *, cudnnTensorStruct, T1 *, cudnnTensorStruct, const T2 *, const T2 *, const T2 *, const T2 *, T2)"
67979804,2272,11536,147,1,1,128,1,1,17,0.000,0.000,,,,,NVIDIA A100 80GB PCIe (0),1,7,"void at::native::vectorized_elementwise_kernel<(int)4, at::native::<unnamed>::launch_clamp_scalar(at::TensorIteratorBase &, c10::Scalar, c10::Scalar, at::native::detail::ClampLimits)::[lambda() (instance 1)]::operator ()() const::[lambda() (instance 7)]::operator ()() const::[lambda(float) (instance 1)], at::detail::Array<char *, (int)2>>(int, T2, T3)"
68006556,3041,11556,7,6,2,256,1,1,32,0.004,0.000,,,,,NVIDIA A100 80GB PCIe (0),1,7,"void cudnn::ops::nchwToNhwcKernel<float, float, float, (bool)0, (bool)1, (cudnnKernelDataType_t)2>(cudnn::ops::nchw2nhwc_params_t<T3>, const T1 *, T2 *)"
68010653,3872,11558,1,6,48,256,1,1,32,0.004,0.000,,,,,NVIDIA A100 80GB PCIe (0),1,7,"void cudnn::ops::nchwToNhwcKernel<float, float, float, (bool)0, (bool)1, (cudnnKernelDataType_t)2>(cudnn::ops::nchw2nhwc_params_t<T3>, const T1 *, T2 *)"
68016349,1119,11560,,,,,,,,,,0.000,100.089,Device,,NVIDIA A100 80GB PCIe (0),1,7,[CUDA memset]
68020060,14017,11563,2,7,3,128,1,1,117,0.000,0.124,,,,,NVIDIA A100 80GB PCIe (0),1,7,sm80_xmma_fprop_implicit_gemm_indexed_tf32f32_tf32f32_f32_nhwckrsc_nchw_tilesize64x32x64_stage5_warpsize2x2x1_g1_tensor16x8x8_alignc4_execute_kernel_cudnn_infer
68045021,4544,11576,294,5,1,128,1,1,32,0.000,0.000,,,,,NVIDIA A100 80GB PCIe (0),1,7,"void at::native::<unnamed>::CatArrayBatchedCopy_aligned16_contig<float, unsigned int, (int)4, (int)128, (int)1>(T1 *, at::native::<unnamed>::CatArrInputTensorMetadata<T1, T2, T4, T5>, at::native::<unnamed>::TensorSizeStride<T2, (unsigned int)4>, int, T2)"
68080477,4544,11615,576,2,1,64,1,1,19,0.000,0.000,,,,,NVIDIA A100 80GB PCIe (0),1,7,"void cudnn::bn_fw_inf_1C11_kernel_NCHW<float, float, (bool)1, (int)1>(T2, T2, cudnnTensorStruct, const T1 *, cudnnTensorStruct, T1 *, cudnnTensorStruct, const T2 *, const T2 *, const T2 *, const T2 *, T2)"
68092573,2688,11622,441,1,1,128,1,1,17,0.000,0.000,,,,,NVIDIA A100 80GB PCIe (0),1,7,"void at::native::vectorized_elementwise_kernel<(int)4, at::native::<unnamed>::launch_clamp_scalar(at::TensorIteratorBase &, c10::Scalar, c10::Scalar, at::native::detail::ClampLimits)::[lambda() (instance 1)]::operator ()() const::[lambda() (instance 7)]::operator ()() const::[lambda(float) (instance 1)], at::detail::Array<char *, (int)2>>(int, T2, T3)"
68124925,12928,11644,12,1,2,128,1,1,90,0.000,0.049,,,,,NVIDIA A100 80GB PCIe (0),1,7,void cutlass::Kernel<cutlass_80_tensorop_s1688gemm_64x64_16x6_nn_align4>(T1::Params)
68164285,4000,11685,192,2,1,64,1,1,19,0.000,0.000,,,,,NVIDIA A100 80GB PCIe (0),1,7,"void cudnn::bn_fw_inf_1C11_kernel_NCHW<float, float, (bool)1, (int)1>(T2, T2, cudnnTensorStruct, const T1 *, cudnnTensorStruct, T1 *, cudnnTensorStruct, const T2 *, const T2 *, const T2 *, const T2 *, T2)"
68175901,2368,11692,147,1,1,128,1,1,17,0.000,0.000,,,,,NVIDIA A100 80GB PCIe (0),1,7,"void at::native::vectorized_elementwise_kernel<(int)4, at::native::<unnamed>::launch_clamp_scalar(at::TensorIteratorBase &, c10::Scalar, c10::Scalar, at::native::detail::ClampLimits)::[lambda() (instance 1)]::operator ()() const::[lambda() (instance 7)]::operator ()() const::[lambda(float) (instance 1)], at::detail::Array<char *, (int)2>>(int, T2, T3)"
68201789,3040,11712,7,6,2,256,1,1,32,0.004,0.000,,,,,NVIDIA A100 80GB PCIe (0),1,7,"void cudnn::ops::nchwToNhwcKernel<float, float, float, (bool)0, (bool)1, (cudnnKernelDataType_t)2>(cudnn::ops::nchw2nhwc_params_t<T3>, const T1 *, T2 *)"
68205821,3744,11714,1,6,48,256,1,1,32,0.004,0.000,,,,,NVIDIA A100 80GB PCIe (0),1,7,"void cudnn::ops::nchwToNhwcKernel<float, float, float, (bool)0, (bool)1, (cudnnKernelDataType_t)2>(cudnn::ops::nchw2nhwc_params_t<T3>, const T1 *, T2 *)"
68212541,1120,11716,,,,,,,,,,0.000,100.000,Device,,NVIDIA A100 80GB PCIe (0),1,7,[CUDA memset]
68216573,14368,11719,2,7,3,128,1,1,117,0.000,0.124,,,,,NVIDIA A100 80GB PCIe (0),1,7,sm80_xmma_fprop_implicit_gemm_indexed_tf32f32_tf32f32_f32_nhwckrsc_nchw_tilesize64x32x64_stage5_warpsize2x2x1_g1_tensor16x8x8_alignc4_execute_kernel_cudnn_infer
68240925,4576,11732,294,6,1,128,1,1,32,0.000,0.000,,,,,NVIDIA A100 80GB PCIe (0),1,7,"void at::native::<unnamed>::CatArrayBatchedCopy_aligned16_contig<float, unsigned int, (int)4, (int)128, (int)1>(T1 *, at::native::<unnamed>::CatArrInputTensorMetadata<T1, T2, T4, T5>, at::native::<unnamed>::TensorSizeStride<T2, (unsigned int)4>, int, T2)"
68276573,4768,11771,624,2,1,64,1,1,19,0.000,0.000,,,,,NVIDIA A100 80GB PCIe (0),1,7,"void cudnn::bn_fw_inf_1C11_kernel_NCHW<float, float, (bool)1, (int)1>(T2, T2, cudnnTensorStruct, const T1 *, cudnnTensorStruct, T1 *, cudnnTensorStruct, const T2 *, const T2 *, const T2 *, const T2 *, T2)"
68288637,2656,11778,478,1,1,128,1,1,17,0.000,0.000,,,,,NVIDIA A100 80GB PCIe (0),1,7,"void at::native::vectorized_elementwise_kernel<(int)4, at::native::<unnamed>::launch_clamp_scalar(at::TensorIteratorBase &, c10::Scalar, c10::Scalar, at::native::detail::ClampLimits)::[lambda() (instance 1)]::operator ()() const::[lambda() (instance 7)]::operator ()() const::[lambda(float) (instance 1)], at::detail::Array<char *, (int)2>>(int, T2, T3)"
68321757,13665,11800,12,1,2,128,1,1,90,0.000,0.049,,,,,NVIDIA A100 80GB PCIe (0),1,7,void cutlass::Kernel<cutlass_80_tensorop_s1688gemm_64x64_16x6_nn_align4>(T1::Params)
68359934,4064,11841,192,2,1,64,1,1,19,0.000,0.000,,,,,NVIDIA A100 80GB PCIe (0),1,7,"void cudnn::bn_fw_inf_1C11_kernel_NCHW<float, float, (bool)1, (int)1>(T2, T2, cudnnTensorStruct, const T1 *, cudnnTensorStruct, T1 *, cudnnTensorStruct, const T2 *, const T2 *, const T2 *, const T2 *, T2)"
68371422,2368,11848,147,1,1,128,1,1,17,0.000,0.000,,,,,NVIDIA A100 80GB PCIe (0),1,7,"void at::native::vectorized_elementwise_kernel<(int)4, at::native::<unnamed>::launch_clamp_scalar(at::TensorIteratorBase &, c10::Scalar, c10::Scalar, at::native::detail::ClampLimits)::[lambda() (instance 1)]::operator ()() const::[lambda() (instance 7)]::operator ()() const::[lambda(float) (instance 1)], at::detail::Array<char *, (int)2>>(int, T2, T3)"
68397278,3040,11868,7,6,2,256,1,1,32,0.004,0.000,,,,,NVIDIA A100 80GB PCIe (0),1,7,"void cudnn::ops::nchwToNhwcKernel<float, float, float, (bool)0, (bool)1, (cudnnKernelDataType_t)2>(cudnn::ops::nchw2nhwc_params_t<T3>, const T1 *, T2 *)"
68401470,3968,11870,1,6,48,256,1,1,32,0.004,0.000,,,,,NVIDIA A100 80GB PCIe (0),1,7,"void cudnn::ops::nchwToNhwcKernel<float, float, float, (bool)0, (bool)1, (cudnnKernelDataType_t)2>(cudnn::ops::nchw2nhwc_params_t<T3>, const T1 *, T2 *)"
68407070,1120,11872,,,,,,,,,,0.000,100.000,Device,,NVIDIA A100 80GB PCIe (0),1,7,[CUDA memset]
68410654,14048,11875,2,7,3,128,1,1,117,0.000,0.124,,,,,NVIDIA A100 80GB PCIe (0),1,7,sm80_xmma_fprop_implicit_gemm_indexed_tf32f32_tf32f32_f32_nhwckrsc_nchw_tilesize64x32x64_stage5_warpsize2x2x1_g1_tensor16x8x8_alignc4_execute_kernel_cudnn_infer
68435966,4544,11888,294,7,1,128,1,1,32,0.000,0.000,,,,,NVIDIA A100 80GB PCIe (0),1,7,"void at::native::<unnamed>::CatArrayBatchedCopy_aligned16_contig<float, unsigned int, (int)4, (int)128, (int)1>(T1 *, at::native::<unnamed>::CatArrInputTensorMetadata<T1, T2, T4, T5>, at::native::<unnamed>::TensorSizeStride<T2, (unsigned int)4>, int, T2)"
68470782,4832,11927,672,2,1,64,1,1,19,0.000,0.000,,,,,NVIDIA A100 80GB PCIe (0),1,7,"void cudnn::bn_fw_inf_1C11_kernel_NCHW<float, float, (bool)1, (int)1>(T2, T2, cudnnTensorStruct, const T1 *, cudnnTensorStruct, T1 *, cudnnTensorStruct, const T2 *, const T2 *, const T2 *, const T2 *, T2)"
68482494,2720,11934,515,1,1,128,1,1,17,0.000,0.000,,,,,NVIDIA A100 80GB PCIe (0),1,7,"void at::native::vectorized_elementwise_kernel<(int)4, at::native::<unnamed>::launch_clamp_scalar(at::TensorIteratorBase &, c10::Scalar, c10::Scalar, at::native::detail::ClampLimits)::[lambda() (instance 1)]::operator ()() const::[lambda() (instance 7)]::operator ()() const::[lambda(float) (instance 1)], at::detail::Array<char *, (int)2>>(int, T2, T3)"
68524158,14368,11956,12,1,2,128,1,1,90,0.000,0.049,,,,,NVIDIA A100 80GB PCIe (0),1,7,void cutlass::Kernel<cutlass_80_tensorop_s1688gemm_64x64_16x6_nn_align4>(T1::Params)
68565278,4001,11997,192,2,1,64,1,1,19,0.000,0.000,,,,,NVIDIA A100 80GB PCIe (0),1,7,"void cudnn::bn_fw_inf_1C11_kernel_NCHW<float, float, (bool)1, (int)1>(T2, T2, cudnnTensorStruct, const T1 *, cudnnTensorStruct, T1 *, cudnnTensorStruct, const T2 *, const T2 *, const T2 *, const T2 *, T2)"
68577599,2367,12004,147,1,1,128,1,1,17,0.000,0.000,,,,,NVIDIA A100 80GB PCIe (0),1,7,"void at::native::vectorized_elementwise_kernel<(int)4, at::native::<unnamed>::launch_clamp_scalar(at::TensorIteratorBase &, c10::Scalar, c10::Scalar, at::native::detail::ClampLimits)::[lambda() (instance 1)]::operator ()() const::[lambda() (instance 7)]::operator ()() const::[lambda(float) (instance 1)], at::detail::Array<char *, (int)2>>(int, T2, T3)"
68605182,3009,12024,7,6,2,256,1,1,32,0.004,0.000,,,,,NVIDIA A100 80GB PCIe (0),1,7,"void cudnn::ops::nchwToNhwcKernel<float, float, float, (bool)0, (bool)1, (cudnnKernelDataType_t)2>(cudnn::ops::nchw2nhwc_params_t<T3>, const T1 *, T2 *)"
68609279,3808,12026,1,6,48,256,1,1,32,0.004,0.000,,,,,NVIDIA A100 80GB PCIe (0),1,7,"void cudnn::ops::nchwToNhwcKernel<float, float, float, (bool)0, (bool)1, (cudnnKernelDataType_t)2>(cudnn::ops::nchw2nhwc_params_t<T3>, const T1 *, T2 *)"
68615551,1023,12028,,,,,,,,,,0.000,109.482,Device,,NVIDIA A100 80GB PCIe (0),1,7,[CUDA memset]
68619359,14240,12031,2,7,3,128,1,1,117,0.000,0.124,,,,,NVIDIA A100 80GB PCIe (0),1,7,sm80_xmma_fprop_implicit_gemm_indexed_tf32f32_tf32f32_f32_nhwckrsc_nchw_tilesize64x32x64_stage5_warpsize2x2x1_g1_tensor16x8x8_alignc4_execute_kernel_cudnn_infer
68645471,4768,12044,294,8,1,128,1,1,32,0.000,0.000,,,,,NVIDIA A100 80GB PCIe (0),1,7,"void at::native::<unnamed>::CatArrayBatchedCopy_aligned16_contig<float, unsigned int, (int)4, (int)128, (int)1>(T1 *, at::native::<unnamed>::CatArrInputTensorMetadata<T1, T2, T4, T5>, at::native::<unnamed>::TensorSizeStride<T2, (unsigned int)4>, int, T2)"
68680351,5184,12083,720,2,1,64,1,1,19,0.000,0.000,,,,,NVIDIA A100 80GB PCIe (0),1,7,"void cudnn::bn_fw_inf_1C11_kernel_NCHW<float, float, (bool)1, (int)1>(T2, T2, cudnnTensorStruct, const T1 *, cudnnTensorStruct, T1 *, cudnnTensorStruct, const T2 *, const T2 *, const T2 *, const T2 *, T2)"
68692255,2784,12090,552,1,1,128,1,1,17,0.000,0.000,,,,,NVIDIA A100 80GB PCIe (0),1,7,"void at::native::vectorized_elementwise_kernel<(int)4, at::native::<unnamed>::launch_clamp_scalar(at::TensorIteratorBase &, c10::Scalar, c10::Scalar, at::native::detail::ClampLimits)::[lambda() (instance 1)]::operator ()() const::[lambda() (instance 7)]::operator ()() const::[lambda(float) (instance 1)], at::detail::Array<char *, (int)2>>(int, T2, T3)"
68724927,15136,12112,12,1,2,128,1,1,90,0.000,0.049,,,,,NVIDIA A100 80GB PCIe (0),1,7,void cutlass::Kernel<cutlass_80_tensorop_s1688gemm_64x64_16x6_nn_align4>(T1::Params)
68762719,3968,12153,192,2,1,64,1,1,19,0.000,0.000,,,,,NVIDIA A100 80GB PCIe (0),1,7,"void cudnn::bn_fw_inf_1C11_kernel_NCHW<float, float, (bool)1, (int)1>(T2, T2, cudnnTensorStruct, const T1 *, cudnnTensorStruct, T1 *, cudnnTensorStruct, const T2 *, const T2 *, const T2 *, const T2 *, T2)"
68774431,2368,12160,147,1,1,128,1,1,17,0.000,0.000,,,,,NVIDIA A100 80GB PCIe (0),1,7,"void at::native::vectorized_elementwise_kernel<(int)4, at::native::<unnamed>::launch_clamp_scalar(at::TensorIteratorBase &, c10::Scalar, c10::Scalar, at::native::detail::ClampLimits)::[lambda() (instance 1)]::operator ()() const::[lambda() (instance 7)]::operator ()() const::[lambda(float) (instance 1)], at::detail::Array<char *, (int)2>>(int, T2, T3)"
68800415,3008,12180,7,6,2,256,1,1,32,0.004,0.000,,,,,NVIDIA A100 80GB PCIe (0),1,7,"void cudnn::ops::nchwToNhwcKernel<float, float, float, (bool)0, (bool)1, (cudnnKernelDataType_t)2>(cudnn::ops::nchw2nhwc_params_t<T3>, const T1 *, T2 *)"
68804511,3904,12182,1,6,48,256,1,1,32,0.004,0.000,,,,,NVIDIA A100 80GB PCIe (0),1,7,"void cudnn::ops::nchwToNhwcKernel<float, float, float, (bool)0, (bool)1, (cudnnKernelDataType_t)2>(cudnn::ops::nchw2nhwc_params_t<T3>, const T1 *, T2 *)"
68809951,1024,12184,,,,,,,,,,0.000,109.375,Device,,NVIDIA A100 80GB PCIe (0),1,7,[CUDA memset]
68813759,13888,12187,2,7,3,128,1,1,117,0.000,0.124,,,,,NVIDIA A100 80GB PCIe (0),1,7,sm80_xmma_fprop_implicit_gemm_indexed_tf32f32_tf32f32_f32_nhwckrsc_nchw_tilesize64x32x64_stage5_warpsize2x2x1_g1_tensor16x8x8_alignc4_execute_kernel_cudnn_infer
68839967,5024,12200,294,9,1,128,1,1,32,0.000,0.000,,,,,NVIDIA A100 80GB PCIe (0),1,7,"void at::native::<unnamed>::CatArrayBatchedCopy_aligned16_contig<float, unsigned int, (int)4, (int)128, (int)1>(T1 *, at::native::<unnamed>::CatArrInputTensorMetadata<T1, T2, T4, T5>, at::native::<unnamed>::TensorSizeStride<T2, (unsigned int)4>, int, T2)"
68875263,5152,12239,768,2,1,64,1,1,19,0.000,0.000,,,,,NVIDIA A100 80GB PCIe (0),1,7,"void cudnn::bn_fw_inf_1C11_kernel_NCHW<float, float, (bool)1, (int)1>(T2, T2, cudnnTensorStruct, const T1 *, cudnnTensorStruct, T1 *, cudnnTensorStruct, const T2 *, const T2 *, const T2 *, const T2 *, T2)"
68887231,2785,12246,588,1,1,128,1,1,17,0.000,0.000,,,,,NVIDIA A100 80GB PCIe (0),1,7,"void at::native::vectorized_elementwise_kernel<(int)4, at::native::<unnamed>::launch_clamp_scalar(at::TensorIteratorBase &, c10::Scalar, c10::Scalar, at::native::detail::ClampLimits)::[lambda() (instance 1)]::operator ()() const::[lambda() (instance 7)]::operator ()() const::[lambda(float) (instance 1)], at::detail::Array<char *, (int)2>>(int, T2, T3)"
68919456,15872,12268,12,1,2,128,1,1,90,0.000,0.049,,,,,NVIDIA A100 80GB PCIe (0),1,7,void cutlass::Kernel<cutlass_80_tensorop_s1688gemm_64x64_16x6_nn_align4>(T1::Params)
68958112,4160,12309,192,2,1,64,1,1,19,0.000,0.000,,,,,NVIDIA A100 80GB PCIe (0),1,7,"void cudnn::bn_fw_inf_1C11_kernel_NCHW<float, float, (bool)1, (int)1>(T2, T2, cudnnTensorStruct, const T1 *, cudnnTensorStruct, T1 *, cudnnTensorStruct, const T2 *, const T2 *, const T2 *, const T2 *, T2)"
68969728,2368,12316,147,1,1,128,1,1,17,0.000,0.000,,,,,NVIDIA A100 80GB PCIe (0),1,7,"void at::native::vectorized_elementwise_kernel<(int)4, at::native::<unnamed>::launch_clamp_scalar(at::TensorIteratorBase &, c10::Scalar, c10::Scalar, at::native::detail::ClampLimits)::[lambda() (instance 1)]::operator ()() const::[lambda() (instance 7)]::operator ()() const::[lambda(float) (instance 1)], at::detail::Array<char *, (int)2>>(int, T2, T3)"
68996064,3040,12336,7,6,2,256,1,1,32,0.004,0.000,,,,,NVIDIA A100 80GB PCIe (0),1,7,"void cudnn::ops::nchwToNhwcKernel<float, float, float, (bool)0, (bool)1, (cudnnKernelDataType_t)2>(cudnn::ops::nchw2nhwc_params_t<T3>, const T1 *, T2 *)"
69000352,3776,12338,1,6,48,256,1,1,32,0.004,0.000,,,,,NVIDIA A100 80GB PCIe (0),1,7,"void cudnn::ops::nchwToNhwcKernel<float, float, float, (bool)0, (bool)1, (cudnnKernelDataType_t)2>(cudnn::ops::nchw2nhwc_params_t<T3>, const T1 *, T2 *)"
69006016,1024,12340,,,,,,,,,,0.000,109.375,Device,,NVIDIA A100 80GB PCIe (0),1,7,[CUDA memset]
69009568,13984,12343,2,7,3,128,1,1,117,0.000,0.124,,,,,NVIDIA A100 80GB PCIe (0),1,7,sm80_xmma_fprop_implicit_gemm_indexed_tf32f32_tf32f32_f32_nhwckrsc_nchw_tilesize64x32x64_stage5_warpsize2x2x1_g1_tensor16x8x8_alignc4_execute_kernel_cudnn_infer
69036576,5024,12356,294,10,1,128,1,1,32,0.000,0.000,,,,,NVIDIA A100 80GB PCIe (0),1,7,"void at::native::<unnamed>::CatArrayBatchedCopy_aligned16_contig<float, unsigned int, (int)4, (int)128, (int)1>(T1 *, at::native::<unnamed>::CatArrInputTensorMetadata<T1, T2, T4, T5>, at::native::<unnamed>::TensorSizeStride<T2, (unsigned int)4>, int, T2)"
69072160,5056,12395,816,2,1,64,1,1,19,0.000,0.000,,,,,NVIDIA A100 80GB PCIe (0),1,7,"void cudnn::bn_fw_inf_1C11_kernel_NCHW<float, float, (bool)1, (int)1>(T2, T2, cudnnTensorStruct, const T1 *, cudnnTensorStruct, T1 *, cudnnTensorStruct, const T2 *, const T2 *, const T2 *, const T2 *, T2)"
69084288,2848,12402,625,1,1,128,1,1,17,0.000,0.000,,,,,NVIDIA A100 80GB PCIe (0),1,7,"void at::native::vectorized_elementwise_kernel<(int)4, at::native::<unnamed>::launch_clamp_scalar(at::TensorIteratorBase &, c10::Scalar, c10::Scalar, at::native::detail::ClampLimits)::[lambda() (instance 1)]::operator ()() const::[lambda() (instance 7)]::operator ()() const::[lambda(float) (instance 1)], at::detail::Array<char *, (int)2>>(int, T2, T3)"
69121440,16576,12424,12,1,2,128,1,1,90,0.000,0.049,,,,,NVIDIA A100 80GB PCIe (0),1,7,void cutlass::Kernel<cutlass_80_tensorop_s1688gemm_64x64_16x6_nn_align4>(T1::Params)
69162049,3968,12465,192,2,1,64,1,1,19,0.000,0.000,,,,,NVIDIA A100 80GB PCIe (0),1,7,"void cudnn::bn_fw_inf_1C11_kernel_NCHW<float, float, (bool)1, (int)1>(T2, T2, cudnnTensorStruct, const T1 *, cudnnTensorStruct, T1 *, cudnnTensorStruct, const T2 *, const T2 *, const T2 *, const T2 *, T2)"
69173920,2369,12472,147,1,1,128,1,1,17,0.000,0.000,,,,,NVIDIA A100 80GB PCIe (0),1,7,"void at::native::vectorized_elementwise_kernel<(int)4, at::native::<unnamed>::launch_clamp_scalar(at::TensorIteratorBase &, c10::Scalar, c10::Scalar, at::native::detail::ClampLimits)::[lambda() (instance 1)]::operator ()() const::[lambda() (instance 7)]::operator ()() const::[lambda(float) (instance 1)], at::detail::Array<char *, (int)2>>(int, T2, T3)"
69201313,3040,12492,7,6,2,256,1,1,32,0.004,0.000,,,,,NVIDIA A100 80GB PCIe (0),1,7,"void cudnn::ops::nchwToNhwcKernel<float, float, float, (bool)0, (bool)1, (cudnnKernelDataType_t)2>(cudnn::ops::nchw2nhwc_params_t<T3>, const T1 *, T2 *)"
69205505,3808,12494,1,6,48,256,1,1,32,0.004,0.000,,,,,NVIDIA A100 80GB PCIe (0),1,7,"void cudnn::ops::nchwToNhwcKernel<float, float, float, (bool)0, (bool)1, (cudnnKernelDataType_t)2>(cudnn::ops::nchw2nhwc_params_t<T3>, const T1 *, T2 *)"
69211201,1024,12496,,,,,,,,,,0.000,109.375,Device,,NVIDIA A100 80GB PCIe (0),1,7,[CUDA memset]
69214945,13952,12499,2,7,3,128,1,1,117,0.000,0.124,,,,,NVIDIA A100 80GB PCIe (0),1,7,sm80_xmma_fprop_implicit_gemm_indexed_tf32f32_tf32f32_f32_nhwckrsc_nchw_tilesize64x32x64_stage5_warpsize2x2x1_g1_tensor16x8x8_alignc4_execute_kernel_cudnn_infer
69242241,5024,12512,294,11,1,128,1,1,32,0.000,0.000,,,,,NVIDIA A100 80GB PCIe (0),1,7,"void at::native::<unnamed>::CatArrayBatchedCopy_aligned16_contig<float, unsigned int, (int)4, (int)128, (int)1>(T1 *, at::native::<unnamed>::CatArrInputTensorMetadata<T1, T2, T4, T5>, at::native::<unnamed>::TensorSizeStride<T2, (unsigned int)4>, int, T2)"
69276801,5184,12551,864,2,1,64,1,1,19,0.000,0.000,,,,,NVIDIA A100 80GB PCIe (0),1,7,"void cudnn::bn_fw_inf_1C11_kernel_NCHW<float, float, (bool)1, (int)1>(T2, T2, cudnnTensorStruct, const T1 *, cudnnTensorStruct, T1 *, cudnnTensorStruct, const T2 *, const T2 *, const T2 *, const T2 *, T2)"
69289409,2912,12558,662,1,1,128,1,1,17,0.000,0.000,,,,,NVIDIA A100 80GB PCIe (0),1,7,"void at::native::vectorized_elementwise_kernel<(int)4, at::native::<unnamed>::launch_clamp_scalar(at::TensorIteratorBase &, c10::Scalar, c10::Scalar, at::native::detail::ClampLimits)::[lambda() (instance 1)]::operator ()() const::[lambda() (instance 7)]::operator ()() const::[lambda(float) (instance 1)], at::detail::Array<char *, (int)2>>(int, T2, T3)"
69321537,17376,12580,12,1,2,128,1,1,90,0.000,0.049,,,,,NVIDIA A100 80GB PCIe (0),1,7,void cutlass::Kernel<cutlass_80_tensorop_s1688gemm_64x64_16x6_nn_align4>(T1::Params)
69359841,4000,12621,192,2,1,64,1,1,19,0.000,0.000,,,,,NVIDIA A100 80GB PCIe (0),1,7,"void cudnn::bn_fw_inf_1C11_kernel_NCHW<float, float, (bool)1, (int)1>(T2, T2, cudnnTensorStruct, const T1 *, cudnnTensorStruct, T1 *, cudnnTensorStruct, const T2 *, const T2 *, const T2 *, const T2 *, T2)"
69372033,2368,12628,147,1,1,128,1,1,17,0.000,0.000,,,,,NVIDIA A100 80GB PCIe (0),1,7,"void at::native::vectorized_elementwise_kernel<(int)4, at::native::<unnamed>::launch_clamp_scalar(at::TensorIteratorBase &, c10::Scalar, c10::Scalar, at::native::detail::ClampLimits)::[lambda() (instance 1)]::operator ()() const::[lambda() (instance 7)]::operator ()() const::[lambda(float) (instance 1)], at::detail::Array<char *, (int)2>>(int, T2, T3)"
69398241,3008,12648,7,6,2,256,1,1,32,0.004,0.000,,,,,NVIDIA A100 80GB PCIe (0),1,7,"void cudnn::ops::nchwToNhwcKernel<float, float, float, (bool)0, (bool)1, (cudnnKernelDataType_t)2>(cudnn::ops::nchw2nhwc_params_t<T3>, const T1 *, T2 *)"
69402401,3744,12650,1,6,48,256,1,1,32,0.004,0.000,,,,,NVIDIA A100 80GB PCIe (0),1,7,"void cudnn::ops::nchwToNhwcKernel<float, float, float, (bool)0, (bool)1, (cudnnKernelDataType_t)2>(cudnn::ops::nchw2nhwc_params_t<T3>, const T1 *, T2 *)"
69407681,1024,12652,,,,,,,,,,0.000,109.375,Device,,NVIDIA A100 80GB PCIe (0),1,7,[CUDA memset]
69411585,14016,12655,2,7,3,128,1,1,117,0.000,0.124,,,,,NVIDIA A100 80GB PCIe (0),1,7,sm80_xmma_fprop_implicit_gemm_indexed_tf32f32_tf32f32_f32_nhwckrsc_nchw_tilesize64x32x64_stage5_warpsize2x2x1_g1_tensor16x8x8_alignc4_execute_kernel_cudnn_infer
69438177,5280,12668,294,12,1,128,1,1,32,0.000,0.000,,,,,NVIDIA A100 80GB PCIe (0),1,7,"void at::native::<unnamed>::CatArrayBatchedCopy_aligned16_contig<float, unsigned int, (int)4, (int)128, (int)1>(T1 *, at::native::<unnamed>::CatArrInputTensorMetadata<T1, T2, T4, T5>, at::native::<unnamed>::TensorSizeStride<T2, (unsigned int)4>, int, T2)"
69472866,5216,12707,912,2,1,64,1,1,19,0.000,0.000,,,,,NVIDIA A100 80GB PCIe (0),1,7,"void cudnn::bn_fw_inf_1C11_kernel_NCHW<float, float, (bool)1, (int)1>(T2, T2, cudnnTensorStruct, const T1 *, cudnnTensorStruct, T1 *, cudnnTensorStruct, const T2 *, const T2 *, const T2 *, const T2 *, T2)"
69485185,2913,12714,699,1,1,128,1,1,17,0.000,0.000,,,,,NVIDIA A100 80GB PCIe (0),1,7,"void at::native::vectorized_elementwise_kernel<(int)4, at::native::<unnamed>::launch_clamp_scalar(at::TensorIteratorBase &, c10::Scalar, c10::Scalar, at::native::detail::ClampLimits)::[lambda() (instance 1)]::operator ()() const::[lambda() (instance 7)]::operator ()() const::[lambda(float) (instance 1)], at::detail::Array<char *, (int)2>>(int, T2, T3)"
69517154,18112,12736,12,1,2,128,1,1,90,0.000,0.049,,,,,NVIDIA A100 80GB PCIe (0),1,7,void cutlass::Kernel<cutlass_80_tensorop_s1688gemm_64x64_16x6_nn_align4>(T1::Params)
69555202,4064,12777,192,2,1,64,1,1,19,0.000,0.000,,,,,NVIDIA A100 80GB PCIe (0),1,7,"void cudnn::bn_fw_inf_1C11_kernel_NCHW<float, float, (bool)1, (int)1>(T2, T2, cudnnTensorStruct, const T1 *, cudnnTensorStruct, T1 *, cudnnTensorStruct, const T2 *, const T2 *, const T2 *, const T2 *, T2)"
69567010,2400,12784,147,1,1,128,1,1,17,0.000,0.000,,,,,NVIDIA A100 80GB PCIe (0),1,7,"void at::native::vectorized_elementwise_kernel<(int)4, at::native::<unnamed>::launch_clamp_scalar(at::TensorIteratorBase &, c10::Scalar, c10::Scalar, at::native::detail::ClampLimits)::[lambda() (instance 1)]::operator ()() const::[lambda() (instance 7)]::operator ()() const::[lambda(float) (instance 1)], at::detail::Array<char *, (int)2>>(int, T2, T3)"
69596258,3008,12804,7,6,2,256,1,1,32,0.004,0.000,,,,,NVIDIA A100 80GB PCIe (0),1,7,"void cudnn::ops::nchwToNhwcKernel<float, float, float, (bool)0, (bool)1, (cudnnKernelDataType_t)2>(cudnn::ops::nchw2nhwc_params_t<T3>, const T1 *, T2 *)"
69600418,3840,12806,1,6,48,256,1,1,32,0.004,0.000,,,,,NVIDIA A100 80GB PCIe (0),1,7,"void cudnn::ops::nchwToNhwcKernel<float, float, float, (bool)0, (bool)1, (cudnnKernelDataType_t)2>(cudnn::ops::nchw2nhwc_params_t<T3>, const T1 *, T2 *)"
69606274,1024,12808,,,,,,,,,,0.000,109.375,Device,,NVIDIA A100 80GB PCIe (0),1,7,[CUDA memset]
69609922,14048,12811,2,7,3,128,1,1,117,0.000,0.124,,,,,NVIDIA A100 80GB PCIe (0),1,7,sm80_xmma_fprop_implicit_gemm_indexed_tf32f32_tf32f32_f32_nhwckrsc_nchw_tilesize64x32x64_stage5_warpsize2x2x1_g1_tensor16x8x8_alignc4_execute_kernel_cudnn_infer
69638754,5376,12824,294,13,1,128,1,1,32,0.000,0.000,,,,,NVIDIA A100 80GB PCIe (0),1,7,"void at::native::<unnamed>::CatArrayBatchedCopy_aligned16_contig<float, unsigned int, (int)4, (int)128, (int)1>(T1 *, at::native::<unnamed>::CatArrInputTensorMetadata<T1, T2, T4, T5>, at::native::<unnamed>::TensorSizeStride<T2, (unsigned int)4>, int, T2)"
69674722,5312,12863,960,2,1,64,1,1,19,0.000,0.000,,,,,NVIDIA A100 80GB PCIe (0),1,7,"void cudnn::bn_fw_inf_1C11_kernel_NCHW<float, float, (bool)1, (int)1>(T2, T2, cudnnTensorStruct, const T1 *, cudnnTensorStruct, T1 *, cudnnTensorStruct, const T2 *, const T2 *, const T2 *, const T2 *, T2)"
69687362,2944,12870,735,1,1,128,1,1,17,0.000,0.000,,,,,NVIDIA A100 80GB PCIe (0),1,7,"void at::native::vectorized_elementwise_kernel<(int)4, at::native::<unnamed>::launch_clamp_scalar(at::TensorIteratorBase &, c10::Scalar, c10::Scalar, at::native::detail::ClampLimits)::[lambda() (instance 1)]::operator ()() const::[lambda() (instance 7)]::operator ()() const::[lambda(float) (instance 1)], at::detail::Array<char *, (int)2>>(int, T2, T3)"
69721186,18880,12892,12,1,2,128,1,1,90,0.000,0.049,,,,,NVIDIA A100 80GB PCIe (0),1,7,void cutlass::Kernel<cutlass_80_tensorop_s1688gemm_64x64_16x6_nn_align4>(T1::Params)
69760707,4000,12933,192,2,1,64,1,1,19,0.000,0.000,,,,,NVIDIA A100 80GB PCIe (0),1,7,"void cudnn::bn_fw_inf_1C11_kernel_NCHW<float, float, (bool)1, (int)1>(T2, T2, cudnnTensorStruct, const T1 *, cudnnTensorStruct, T1 *, cudnnTensorStruct, const T2 *, const T2 *, const T2 *, const T2 *, T2)"
69772259,2400,12940,147,1,1,128,1,1,17,0.000,0.000,,,,,NVIDIA A100 80GB PCIe (0),1,7,"void at::native::vectorized_elementwise_kernel<(int)4, at::native::<unnamed>::launch_clamp_scalar(at::TensorIteratorBase &, c10::Scalar, c10::Scalar, at::native::detail::ClampLimits)::[lambda() (instance 1)]::operator ()() const::[lambda() (instance 7)]::operator ()() const::[lambda(float) (instance 1)], at::detail::Array<char *, (int)2>>(int, T2, T3)"
69798659,3008,12960,7,6,2,256,1,1,32,0.004,0.000,,,,,NVIDIA A100 80GB PCIe (0),1,7,"void cudnn::ops::nchwToNhwcKernel<float, float, float, (bool)0, (bool)1, (cudnnKernelDataType_t)2>(cudnn::ops::nchw2nhwc_params_t<T3>, const T1 *, T2 *)"
69802883,3776,12962,1,6,48,256,1,1,32,0.004,0.000,,,,,NVIDIA A100 80GB PCIe (0),1,7,"void cudnn::ops::nchwToNhwcKernel<float, float, float, (bool)0, (bool)1, (cudnnKernelDataType_t)2>(cudnn::ops::nchw2nhwc_params_t<T3>, const T1 *, T2 *)"
69808419,1024,12964,,,,,,,,,,0.000,109.375,Device,,NVIDIA A100 80GB PCIe (0),1,7,[CUDA memset]
69812355,14048,12967,2,7,3,128,1,1,117,0.000,0.124,,,,,NVIDIA A100 80GB PCIe (0),1,7,sm80_xmma_fprop_implicit_gemm_indexed_tf32f32_tf32f32_f32_nhwckrsc_nchw_tilesize64x32x64_stage5_warpsize2x2x1_g1_tensor16x8x8_alignc4_execute_kernel_cudnn_infer
69839587,5440,12980,294,14,1,128,1,1,32,0.000,0.000,,,,,NVIDIA A100 80GB PCIe (0),1,7,"void at::native::<unnamed>::CatArrayBatchedCopy_aligned16_contig<float, unsigned int, (int)4, (int)128, (int)1>(T1 *, at::native::<unnamed>::CatArrInputTensorMetadata<T1, T2, T4, T5>, at::native::<unnamed>::TensorSizeStride<T2, (unsigned int)4>, int, T2)"
69874403,5344,13019,1008,2,1,64,1,1,19,0.000,0.000,,,,,NVIDIA A100 80GB PCIe (0),1,7,"void cudnn::bn_fw_inf_1C11_kernel_NCHW<float, float, (bool)1, (int)1>(T2, T2, cudnnTensorStruct, const T1 *, cudnnTensorStruct, T1 *, cudnnTensorStruct, const T2 *, const T2 *, const T2 *, const T2 *, T2)"
69886499,2976,13026,772,1,1,128,1,1,17,0.000,0.000,,,,,NVIDIA A100 80GB PCIe (0),1,7,"void at::native::vectorized_elementwise_kernel<(int)4, at::native::<unnamed>::launch_clamp_scalar(at::TensorIteratorBase &, c10::Scalar, c10::Scalar, at::native::detail::ClampLimits)::[lambda() (instance 1)]::operator ()() const::[lambda() (instance 7)]::operator ()() const::[lambda(float) (instance 1)], at::detail::Array<char *, (int)2>>(int, T2, T3)"
69919075,19616,13048,12,1,2,128,1,1,90,0.000,0.049,,,,,NVIDIA A100 80GB PCIe (0),1,7,void cutlass::Kernel<cutlass_80_tensorop_s1688gemm_64x64_16x6_nn_align4>(T1::Params)
69957123,4000,13089,192,2,1,64,1,1,19,0.000,0.000,,,,,NVIDIA A100 80GB PCIe (0),1,7,"void cudnn::bn_fw_inf_1C11_kernel_NCHW<float, float, (bool)1, (int)1>(T2, T2, cudnnTensorStruct, const T1 *, cudnnTensorStruct, T1 *, cudnnTensorStruct, const T2 *, const T2 *, const T2 *, const T2 *, T2)"
69968899,2368,13096,147,1,1,128,1,1,17,0.000,0.000,,,,,NVIDIA A100 80GB PCIe (0),1,7,"void at::native::vectorized_elementwise_kernel<(int)4, at::native::<unnamed>::launch_clamp_scalar(at::TensorIteratorBase &, c10::Scalar, c10::Scalar, at::native::detail::ClampLimits)::[lambda() (instance 1)]::operator ()() const::[lambda() (instance 7)]::operator ()() const::[lambda(float) (instance 1)], at::detail::Array<char *, (int)2>>(int, T2, T3)"
69995075,3008,13116,7,6,2,256,1,1,32,0.004,0.000,,,,,NVIDIA A100 80GB PCIe (0),1,7,"void cudnn::ops::nchwToNhwcKernel<float, float, float, (bool)0, (bool)1, (cudnnKernelDataType_t)2>(cudnn::ops::nchw2nhwc_params_t<T3>, const T1 *, T2 *)"
69999204,3680,13118,1,6,48,256,1,1,32,0.004,0.000,,,,,NVIDIA A100 80GB PCIe (0),1,7,"void cudnn::ops::nchwToNhwcKernel<float, float, float, (bool)0, (bool)1, (cudnnKernelDataType_t)2>(cudnn::ops::nchw2nhwc_params_t<T3>, const T1 *, T2 *)"
70011172,1055,13120,,,,,,,,,,0.000,106.161,Device,,NVIDIA A100 80GB PCIe (0),1,7,[CUDA memset]
70015107,14048,13123,2,7,3,128,1,1,117,0.000,0.124,,,,,NVIDIA A100 80GB PCIe (0),1,7,sm80_xmma_fprop_implicit_gemm_indexed_tf32f32_tf32f32_f32_nhwckrsc_nchw_tilesize64x32x64_stage5_warpsize2x2x1_g1_tensor16x8x8_alignc4_execute_kernel_cudnn_infer
70046468,5344,13136,294,15,1,128,1,1,32,0.000,0.000,,,,,NVIDIA A100 80GB PCIe (0),1,7,"void at::native::<unnamed>::CatArrayBatchedCopy_aligned16_contig<float, unsigned int, (int)4, (int)128, (int)1>(T1 *, at::native::<unnamed>::CatArrInputTensorMetadata<T1, T2, T4, T5>, at::native::<unnamed>::TensorSizeStride<T2, (unsigned int)4>, int, T2)"
70085636,5632,13175,1056,2,1,64,1,1,19,0.000,0.000,,,,,NVIDIA A100 80GB PCIe (0),1,7,"void cudnn::bn_fw_inf_1C11_kernel_NCHW<float, float, (bool)1, (int)1>(T2, T2, cudnnTensorStruct, const T1 *, cudnnTensorStruct, T1 *, cudnnTensorStruct, const T2 *, const T2 *, const T2 *, const T2 *, T2)"
70098436,2976,13182,809,1,1,128,1,1,17,0.000,0.000,,,,,NVIDIA A100 80GB PCIe (0),1,7,"void at::native::vectorized_elementwise_kernel<(int)4, at::native::<unnamed>::launch_clamp_scalar(at::TensorIteratorBase &, c10::Scalar, c10::Scalar, at::native::detail::ClampLimits)::[lambda() (instance 1)]::operator ()() const::[lambda() (instance 7)]::operator ()() const::[lambda(float) (instance 1)], at::detail::Array<char *, (int)2>>(int, T2, T3)"
70132420,20416,13204,12,1,2,128,1,1,90,0.000,0.049,,,,,NVIDIA A100 80GB PCIe (0),1,7,void cutlass::Kernel<cutlass_80_tensorop_s1688gemm_64x64_16x6_nn_align4>(T1::Params)
70170756,3936,13245,192,2,1,64,1,1,19,0.000,0.000,,,,,NVIDIA A100 80GB PCIe (0),1,7,"void cudnn::bn_fw_inf_1C11_kernel_NCHW<float, float, (bool)1, (int)1>(T2, T2, cudnnTensorStruct, const T1 *, cudnnTensorStruct, T1 *, cudnnTensorStruct, const T2 *, const T2 *, const T2 *, const T2 *, T2)"
70182468,2368,13252,147,1,1,128,1,1,17,0.000,0.000,,,,,NVIDIA A100 80GB PCIe (0),1,7,"void at::native::vectorized_elementwise_kernel<(int)4, at::native::<unnamed>::launch_clamp_scalar(at::TensorIteratorBase &, c10::Scalar, c10::Scalar, at::native::detail::ClampLimits)::[lambda() (instance 1)]::operator ()() const::[lambda() (instance 7)]::operator ()() const::[lambda(float) (instance 1)], at::detail::Array<char *, (int)2>>(int, T2, T3)"
70208772,3040,13272,7,6,2,256,1,1,32,0.004,0.000,,,,,NVIDIA A100 80GB PCIe (0),1,7,"void cudnn::ops::nchwToNhwcKernel<float, float, float, (bool)0, (bool)1, (cudnnKernelDataType_t)2>(cudnn::ops::nchw2nhwc_params_t<T3>, const T1 *, T2 *)"
70212836,3712,13274,1,6,48,256,1,1,32,0.004,0.000,,,,,NVIDIA A100 80GB PCIe (0),1,7,"void cudnn::ops::nchwToNhwcKernel<float, float, float, (bool)0, (bool)1, (cudnnKernelDataType_t)2>(cudnn::ops::nchw2nhwc_params_t<T3>, const T1 *, T2 *)"
70218308,1056,13276,,,,,,,,,,0.000,106.061,Device,,NVIDIA A100 80GB PCIe (0),1,7,[CUDA memset]
70221988,14336,13279,2,7,3,128,1,1,117,0.000,0.124,,,,,NVIDIA A100 80GB PCIe (0),1,7,sm80_xmma_fprop_implicit_gemm_indexed_tf32f32_tf32f32_f32_nhwckrsc_nchw_tilesize64x32x64_stage5_warpsize2x2x1_g1_tensor16x8x8_alignc4_execute_kernel_cudnn_infer
70251652,5600,13292,294,16,1,128,1,1,32,0.000,0.000,,,,,NVIDIA A100 80GB PCIe (0),1,7,"void at::native::<unnamed>::CatArrayBatchedCopy_aligned16_contig<float, unsigned int, (int)4, (int)128, (int)1>(T1 *, at::native::<unnamed>::CatArrInputTensorMetadata<T1, T2, T4, T5>, at::native::<unnamed>::TensorSizeStride<T2, (unsigned int)4>, int, T2)"
70286788,5632,13331,1104,2,1,64,1,1,19,0.000,0.000,,,,,NVIDIA A100 80GB PCIe (0),1,7,"void cudnn::bn_fw_inf_1C11_kernel_NCHW<float, float, (bool)1, (int)1>(T2, T2, cudnnTensorStruct, const T1 *, cudnnTensorStruct, T1 *, cudnnTensorStruct, const T2 *, const T2 *, const T2 *, const T2 *, T2)"
70298756,3040,13338,846,1,1,128,1,1,17,0.000,0.000,,,,,NVIDIA A100 80GB PCIe (0),1,7,"void at::native::vectorized_elementwise_kernel<(int)4, at::native::<unnamed>::launch_clamp_scalar(at::TensorIteratorBase &, c10::Scalar, c10::Scalar, at::native::detail::ClampLimits)::[lambda() (instance 1)]::operator ()() const::[lambda() (instance 7)]::operator ()() const::[lambda(float) (instance 1)], at::detail::Array<char *, (int)2>>(int, T2, T3)"
70330404,20961,13360,12,1,2,128,1,1,90,0.000,0.049,,,,,NVIDIA A100 80GB PCIe (0),1,7,void cutlass::Kernel<cutlass_80_tensorop_s1688gemm_64x64_16x6_nn_align4>(T1::Params)
70368645,3968,13401,192,2,1,64,1,1,19,0.000,0.000,,,,,NVIDIA A100 80GB PCIe (0),1,7,"void cudnn::bn_fw_inf_1C11_kernel_NCHW<float, float, (bool)1, (int)1>(T2, T2, cudnnTensorStruct, const T1 *, cudnnTensorStruct, T1 *, cudnnTensorStruct, const T2 *, const T2 *, const T2 *, const T2 *, T2)"
70380389,2368,13408,147,1,1,128,1,1,17,0.000,0.000,,,,,NVIDIA A100 80GB PCIe (0),1,7,"void at::native::vectorized_elementwise_kernel<(int)4, at::native::<unnamed>::launch_clamp_scalar(at::TensorIteratorBase &, c10::Scalar, c10::Scalar, at::native::detail::ClampLimits)::[lambda() (instance 1)]::operator ()() const::[lambda() (instance 7)]::operator ()() const::[lambda(float) (instance 1)], at::detail::Array<char *, (int)2>>(int, T2, T3)"
70406469,3008,13428,7,6,2,256,1,1,32,0.004,0.000,,,,,NVIDIA A100 80GB PCIe (0),1,7,"void cudnn::ops::nchwToNhwcKernel<float, float, float, (bool)0, (bool)1, (cudnnKernelDataType_t)2>(cudnn::ops::nchw2nhwc_params_t<T3>, const T1 *, T2 *)"
70410661,3872,13430,1,6,48,256,1,1,32,0.004,0.000,,,,,NVIDIA A100 80GB PCIe (0),1,7,"void cudnn::ops::nchwToNhwcKernel<float, float, float, (bool)0, (bool)1, (cudnnKernelDataType_t)2>(cudnn::ops::nchw2nhwc_params_t<T3>, const T1 *, T2 *)"
70416997,1024,13432,,,,,,,,,,0.000,109.375,Device,,NVIDIA A100 80GB PCIe (0),1,7,[CUDA memset]
70420517,13952,13435,2,7,3,128,1,1,117,0.000,0.124,,,,,NVIDIA A100 80GB PCIe (0),1,7,sm80_xmma_fprop_implicit_gemm_indexed_tf32f32_tf32f32_f32_nhwckrsc_nchw_tilesize64x32x64_stage5_warpsize2x2x1_g1_tensor16x8x8_alignc4_execute_kernel_cudnn_infer
70449061,5728,13448,294,17,1,128,1,1,32,0.000,0.000,,,,,NVIDIA A100 80GB PCIe (0),1,7,"void at::native::<unnamed>::CatArrayBatchedCopy_aligned16_contig<float, unsigned int, (int)4, (int)128, (int)1>(T1 *, at::native::<unnamed>::CatArrInputTensorMetadata<T1, T2, T4, T5>, at::native::<unnamed>::TensorSizeStride<T2, (unsigned int)4>, int, T2)"
70484389,5568,13487,1152,2,1,64,1,1,19,0.000,0.000,,,,,NVIDIA A100 80GB PCIe (0),1,7,"void cudnn::bn_fw_inf_1C11_kernel_NCHW<float, float, (bool)1, (int)1>(T2, T2, cudnnTensorStruct, const T1 *, cudnnTensorStruct, T1 *, cudnnTensorStruct, const T2 *, const T2 *, const T2 *, const T2 *, T2)"
70496485,3136,13494,882,1,1,128,1,1,17,0.000,0.000,,,,,NVIDIA A100 80GB PCIe (0),1,7,"void at::native::vectorized_elementwise_kernel<(int)4, at::native::<unnamed>::launch_clamp_scalar(at::TensorIteratorBase &, c10::Scalar, c10::Scalar, at::native::detail::ClampLimits)::[lambda() (instance 1)]::operator ()() const::[lambda() (instance 7)]::operator ()() const::[lambda(float) (instance 1)], at::detail::Array<char *, (int)2>>(int, T2, T3)"
70532133,21792,13516,12,1,2,128,1,1,90,0.000,0.049,,,,,NVIDIA A100 80GB PCIe (0),1,7,void cutlass::Kernel<cutlass_80_tensorop_s1688gemm_64x64_16x6_nn_align4>(T1::Params)
70571845,4064,13557,192,2,1,64,1,1,19,0.000,0.000,,,,,NVIDIA A100 80GB PCIe (0),1,7,"void cudnn::bn_fw_inf_1C11_kernel_NCHW<float, float, (bool)1, (int)1>(T2, T2, cudnnTensorStruct, const T1 *, cudnnTensorStruct, T1 *, cudnnTensorStruct, const T2 *, const T2 *, const T2 *, const T2 *, T2)"
70583909,2369,13564,147,1,1,128,1,1,17,0.000,0.000,,,,,NVIDIA A100 80GB PCIe (0),1,7,"void at::native::vectorized_elementwise_kernel<(int)4, at::native::<unnamed>::launch_clamp_scalar(at::TensorIteratorBase &, c10::Scalar, c10::Scalar, at::native::detail::ClampLimits)::[lambda() (instance 1)]::operator ()() const::[lambda() (instance 7)]::operator ()() const::[lambda(float) (instance 1)], at::detail::Array<char *, (int)2>>(int, T2, T3)"
70611237,3009,13584,7,6,2,256,1,1,32,0.004,0.000,,,,,NVIDIA A100 80GB PCIe (0),1,7,"void cudnn::ops::nchwToNhwcKernel<float, float, float, (bool)0, (bool)1, (cudnnKernelDataType_t)2>(cudnn::ops::nchw2nhwc_params_t<T3>, const T1 *, T2 *)"
70615430,3680,13586,1,6,48,256,1,1,32,0.004,0.000,,,,,NVIDIA A100 80GB PCIe (0),1,7,"void cudnn::ops::nchwToNhwcKernel<float, float, float, (bool)0, (bool)1, (cudnnKernelDataType_t)2>(cudnn::ops::nchw2nhwc_params_t<T3>, const T1 *, T2 *)"
70621318,1120,13588,,,,,,,,,,0.000,100.000,Device,,NVIDIA A100 80GB PCIe (0),1,7,[CUDA memset]
70625126,14688,13591,2,7,3,128,1,1,117,0.000,0.124,,,,,NVIDIA A100 80GB PCIe (0),1,7,sm80_xmma_fprop_implicit_gemm_indexed_tf32f32_tf32f32_f32_nhwckrsc_nchw_tilesize64x32x64_stage5_warpsize2x2x1_g1_tensor16x8x8_alignc4_execute_kernel_cudnn_infer
70655718,5888,13604,294,18,1,128,1,1,32,0.000,0.000,,,,,NVIDIA A100 80GB PCIe (0),1,7,"void at::native::<unnamed>::CatArrayBatchedCopy_aligned16_contig<float, unsigned int, (int)4, (int)128, (int)1>(T1 *, at::native::<unnamed>::CatArrInputTensorMetadata<T1, T2, T4, T5>, at::native::<unnamed>::TensorSizeStride<T2, (unsigned int)4>, int, T2)"
70690630,5632,13643,1200,2,1,64,1,1,19,0.000,0.000,,,,,NVIDIA A100 80GB PCIe (0),1,7,"void cudnn::bn_fw_inf_1C11_kernel_NCHW<float, float, (bool)1, (int)1>(T2, T2, cudnnTensorStruct, const T1 *, cudnnTensorStruct, T1 *, cudnnTensorStruct, const T2 *, const T2 *, const T2 *, const T2 *, T2)"
70702854,3200,13650,919,1,1,128,1,1,17,0.000,0.000,,,,,NVIDIA A100 80GB PCIe (0),1,7,"void at::native::vectorized_elementwise_kernel<(int)4, at::native::<unnamed>::launch_clamp_scalar(at::TensorIteratorBase &, c10::Scalar, c10::Scalar, at::native::detail::ClampLimits)::[lambda() (instance 1)]::operator ()() const::[lambda() (instance 7)]::operator ()() const::[lambda(float) (instance 1)], at::detail::Array<char *, (int)2>>(int, T2, T3)"
70735590,22464,13672,12,1,2,128,1,1,90,0.000,0.049,,,,,NVIDIA A100 80GB PCIe (0),1,7,void cutlass::Kernel<cutlass_80_tensorop_s1688gemm_64x64_16x6_nn_align4>(T1::Params)
70774278,3968,13713,192,2,1,64,1,1,19,0.000,0.000,,,,,NVIDIA A100 80GB PCIe (0),1,7,"void cudnn::bn_fw_inf_1C11_kernel_NCHW<float, float, (bool)1, (int)1>(T2, T2, cudnnTensorStruct, const T1 *, cudnnTensorStruct, T1 *, cudnnTensorStruct, const T2 *, const T2 *, const T2 *, const T2 *, T2)"
70785542,2368,13720,147,1,1,128,1,1,17,0.000,0.000,,,,,NVIDIA A100 80GB PCIe (0),1,7,"void at::native::vectorized_elementwise_kernel<(int)4, at::native::<unnamed>::launch_clamp_scalar(at::TensorIteratorBase &, c10::Scalar, c10::Scalar, at::native::detail::ClampLimits)::[lambda() (instance 1)]::operator ()() const::[lambda() (instance 7)]::operator ()() const::[lambda(float) (instance 1)], at::detail::Array<char *, (int)2>>(int, T2, T3)"
70810950,3008,13740,7,6,2,256,1,1,32,0.004,0.000,,,,,NVIDIA A100 80GB PCIe (0),1,7,"void cudnn::ops::nchwToNhwcKernel<float, float, float, (bool)0, (bool)1, (cudnnKernelDataType_t)2>(cudnn::ops::nchw2nhwc_params_t<T3>, const T1 *, T2 *)"
70815206,3680,13742,1,6,48,256,1,1,32,0.004,0.000,,,,,NVIDIA A100 80GB PCIe (0),1,7,"void cudnn::ops::nchwToNhwcKernel<float, float, float, (bool)0, (bool)1, (cudnnKernelDataType_t)2>(cudnn::ops::nchw2nhwc_params_t<T3>, const T1 *, T2 *)"
70820486,1152,13744,,,,,,,,,,0.000,97.222,Device,,NVIDIA A100 80GB PCIe (0),1,7,[CUDA memset]
70823814,13728,13747,2,7,3,128,1,1,117,0.000,0.124,,,,,NVIDIA A100 80GB PCIe (0),1,7,sm80_xmma_fprop_implicit_gemm_indexed_tf32f32_tf32f32_f32_nhwckrsc_nchw_tilesize64x32x64_stage5_warpsize2x2x1_g1_tensor16x8x8_alignc4_execute_kernel_cudnn_infer
70853702,6048,13760,294,19,1,128,1,1,32,0.000,0.000,,,,,NVIDIA A100 80GB PCIe (0),1,7,"void at::native::<unnamed>::CatArrayBatchedCopy_aligned16_contig<float, unsigned int, (int)4, (int)128, (int)1>(T1 *, at::native::<unnamed>::CatArrInputTensorMetadata<T1, T2, T4, T5>, at::native::<unnamed>::TensorSizeStride<T2, (unsigned int)4>, int, T2)"
70889255,5792,13799,1248,2,1,64,1,1,19,0.000,0.000,,,,,NVIDIA A100 80GB PCIe (0),1,7,"void cudnn::bn_fw_inf_1C11_kernel_NCHW<float, float, (bool)1, (int)1>(T2, T2, cudnnTensorStruct, const T1 *, cudnnTensorStruct, T1 *, cudnnTensorStruct, const T2 *, const T2 *, const T2 *, const T2 *, T2)"
70906215,3168,13806,956,1,1,128,1,1,17,0.000,0.000,,,,,NVIDIA A100 80GB PCIe (0),1,7,"void at::native::vectorized_elementwise_kernel<(int)4, at::native::<unnamed>::launch_clamp_scalar(at::TensorIteratorBase &, c10::Scalar, c10::Scalar, at::native::detail::ClampLimits)::[lambda() (instance 1)]::operator ()() const::[lambda() (instance 7)]::operator ()() const::[lambda(float) (instance 1)], at::detail::Array<char *, (int)2>>(int, T2, T3)"
70939847,23200,13828,12,1,2,128,1,1,90,0.000,0.049,,,,,NVIDIA A100 80GB PCIe (0),1,7,void cutlass::Kernel<cutlass_80_tensorop_s1688gemm_64x64_16x6_nn_align4>(T1::Params)
70979015,3968,13869,192,2,1,64,1,1,19,0.000,0.000,,,,,NVIDIA A100 80GB PCIe (0),1,7,"void cudnn::bn_fw_inf_1C11_kernel_NCHW<float, float, (bool)1, (int)1>(T2, T2, cudnnTensorStruct, const T1 *, cudnnTensorStruct, T1 *, cudnnTensorStruct, const T2 *, const T2 *, const T2 *, const T2 *, T2)"
70990759,2368,13876,147,1,1,128,1,1,17,0.000,0.000,,,,,NVIDIA A100 80GB PCIe (0),1,7,"void at::native::vectorized_elementwise_kernel<(int)4, at::native::<unnamed>::launch_clamp_scalar(at::TensorIteratorBase &, c10::Scalar, c10::Scalar, at::native::detail::ClampLimits)::[lambda() (instance 1)]::operator ()() const::[lambda() (instance 7)]::operator ()() const::[lambda(float) (instance 1)], at::detail::Array<char *, (int)2>>(int, T2, T3)"
71016615,3040,13896,7,6,2,256,1,1,32,0.004,0.000,,,,,NVIDIA A100 80GB PCIe (0),1,7,"void cudnn::ops::nchwToNhwcKernel<float, float, float, (bool)0, (bool)1, (cudnnKernelDataType_t)2>(cudnn::ops::nchw2nhwc_params_t<T3>, const T1 *, T2 *)"
71020711,3776,13898,1,6,48,256,1,1,32,0.004,0.000,,,,,NVIDIA A100 80GB PCIe (0),1,7,"void cudnn::ops::nchwToNhwcKernel<float, float, float, (bool)0, (bool)1, (cudnnKernelDataType_t)2>(cudnn::ops::nchw2nhwc_params_t<T3>, const T1 *, T2 *)"
71027143,1056,13900,,,,,,,,,,0.000,106.061,Device,,NVIDIA A100 80GB PCIe (0),1,7,[CUDA memset]
71030791,13632,13903,2,7,3,128,1,1,117,0.000,0.124,,,,,NVIDIA A100 80GB PCIe (0),1,7,sm80_xmma_fprop_implicit_gemm_indexed_tf32f32_tf32f32_f32_nhwckrsc_nchw_tilesize64x32x64_stage5_warpsize2x2x1_g1_tensor16x8x8_alignc4_execute_kernel_cudnn_infer
71060295,6112,13916,294,20,1,128,1,1,32,0.000,0.000,,,,,NVIDIA A100 80GB PCIe (0),1,7,"void at::native::<unnamed>::CatArrayBatchedCopy_aligned16_contig<float, unsigned int, (int)4, (int)128, (int)1>(T1 *, at::native::<unnamed>::CatArrInputTensorMetadata<T1, T2, T4, T5>, at::native::<unnamed>::TensorSizeStride<T2, (unsigned int)4>, int, T2)"
71095591,5824,13955,1296,2,1,64,1,1,19,0.000,0.000,,,,,NVIDIA A100 80GB PCIe (0),1,7,"void cudnn::bn_fw_inf_1C11_kernel_NCHW<float, float, (bool)1, (int)1>(T2, T2, cudnnTensorStruct, const T1 *, cudnnTensorStruct, T1 *, cudnnTensorStruct, const T2 *, const T2 *, const T2 *, const T2 *, T2)"
71107719,3264,13962,993,1,1,128,1,1,17,0.000,0.000,,,,,NVIDIA A100 80GB PCIe (0),1,7,"void at::native::vectorized_elementwise_kernel<(int)4, at::native::<unnamed>::launch_clamp_scalar(at::TensorIteratorBase &, c10::Scalar, c10::Scalar, at::native::detail::ClampLimits)::[lambda() (instance 1)]::operator ()() const::[lambda() (instance 7)]::operator ()() const::[lambda(float) (instance 1)], at::detail::Array<char *, (int)2>>(int, T2, T3)"
71143943,23872,13984,12,1,2,128,1,1,90,0.000,0.049,,,,,NVIDIA A100 80GB PCIe (0),1,7,void cutlass::Kernel<cutlass_80_tensorop_s1688gemm_64x64_16x6_nn_align4>(T1::Params)
71182920,3936,14025,192,2,1,64,1,1,19,0.000,0.000,,,,,NVIDIA A100 80GB PCIe (0),1,7,"void cudnn::bn_fw_inf_1C11_kernel_NCHW<float, float, (bool)1, (int)1>(T2, T2, cudnnTensorStruct, const T1 *, cudnnTensorStruct, T1 *, cudnnTensorStruct, const T2 *, const T2 *, const T2 *, const T2 *, T2)"
71195815,2369,14032,147,1,1,128,1,1,17,0.000,0.000,,,,,NVIDIA A100 80GB PCIe (0),1,7,"void at::native::vectorized_elementwise_kernel<(int)4, at::native::<unnamed>::launch_clamp_scalar(at::TensorIteratorBase &, c10::Scalar, c10::Scalar, at::native::detail::ClampLimits)::[lambda() (instance 1)]::operator ()() const::[lambda() (instance 7)]::operator ()() const::[lambda(float) (instance 1)], at::detail::Array<char *, (int)2>>(int, T2, T3)"
71222824,3008,14052,7,6,2,256,1,1,32,0.004,0.000,,,,,NVIDIA A100 80GB PCIe (0),1,7,"void cudnn::ops::nchwToNhwcKernel<float, float, float, (bool)0, (bool)1, (cudnnKernelDataType_t)2>(cudnn::ops::nchw2nhwc_params_t<T3>, const T1 *, T2 *)"
71227016,3648,14054,1,6,48,256,1,1,32,0.004,0.000,,,,,NVIDIA A100 80GB PCIe (0),1,7,"void cudnn::ops::nchwToNhwcKernel<float, float, float, (bool)0, (bool)1, (cudnnKernelDataType_t)2>(cudnn::ops::nchw2nhwc_params_t<T3>, const T1 *, T2 *)"
71233448,1056,14056,,,,,,,,,,0.000,106.061,Device,,NVIDIA A100 80GB PCIe (0),1,7,[CUDA memset]
71236776,13792,14059,2,7,3,128,1,1,117,0.000,0.124,,,,,NVIDIA A100 80GB PCIe (0),1,7,sm80_xmma_fprop_implicit_gemm_indexed_tf32f32_tf32f32_f32_nhwckrsc_nchw_tilesize64x32x64_stage5_warpsize2x2x1_g1_tensor16x8x8_alignc4_execute_kernel_cudnn_infer
71267432,6336,14072,294,21,1,128,1,1,32,0.000,0.000,,,,,NVIDIA A100 80GB PCIe (0),1,7,"void at::native::<unnamed>::CatArrayBatchedCopy_aligned16_contig<float, unsigned int, (int)4, (int)128, (int)1>(T1 *, at::native::<unnamed>::CatArrInputTensorMetadata<T1, T2, T4, T5>, at::native::<unnamed>::TensorSizeStride<T2, (unsigned int)4>, int, T2)"
71302760,6016,14111,1344,2,1,64,1,1,19,0.000,0.000,,,,,NVIDIA A100 80GB PCIe (0),1,7,"void cudnn::bn_fw_inf_1C11_kernel_NCHW<float, float, (bool)1, (int)1>(T2, T2, cudnnTensorStruct, const T1 *, cudnnTensorStruct, T1 *, cudnnTensorStruct, const T2 *, const T2 *, const T2 *, const T2 *, T2)"
71314760,3264,14118,1029,1,1,128,1,1,17,0.000,0.000,,,,,NVIDIA A100 80GB PCIe (0),1,7,"void at::native::vectorized_elementwise_kernel<(int)4, at::native::<unnamed>::launch_clamp_scalar(at::TensorIteratorBase &, c10::Scalar, c10::Scalar, at::native::detail::ClampLimits)::[lambda() (instance 1)]::operator ()() const::[lambda() (instance 7)]::operator ()() const::[lambda(float) (instance 1)], at::detail::Array<char *, (int)2>>(int, T2, T3)"
71347368,24704,14140,12,1,2,128,1,1,90,0.000,0.049,,,,,NVIDIA A100 80GB PCIe (0),1,7,void cutlass::Kernel<cutlass_80_tensorop_s1688gemm_64x64_16x6_nn_align4>(T1::Params)
71386120,3968,14181,192,2,1,64,1,1,19,0.000,0.000,,,,,NVIDIA A100 80GB PCIe (0),1,7,"void cudnn::bn_fw_inf_1C11_kernel_NCHW<float, float, (bool)1, (int)1>(T2, T2, cudnnTensorStruct, const T1 *, cudnnTensorStruct, T1 *, cudnnTensorStruct, const T2 *, const T2 *, const T2 *, const T2 *, T2)"
71398152,2336,14188,147,1,1,128,1,1,17,0.000,0.000,,,,,NVIDIA A100 80GB PCIe (0),1,7,"void at::native::vectorized_elementwise_kernel<(int)4, at::native::<unnamed>::launch_clamp_scalar(at::TensorIteratorBase &, c10::Scalar, c10::Scalar, at::native::detail::ClampLimits)::[lambda() (instance 1)]::operator ()() const::[lambda() (instance 7)]::operator ()() const::[lambda(float) (instance 1)], at::detail::Array<char *, (int)2>>(int, T2, T3)"
71425160,3008,14208,7,6,2,256,1,1,32,0.004,0.000,,,,,NVIDIA A100 80GB PCIe (0),1,7,"void cudnn::ops::nchwToNhwcKernel<float, float, float, (bool)0, (bool)1, (cudnnKernelDataType_t)2>(cudnn::ops::nchw2nhwc_params_t<T3>, const T1 *, T2 *)"
71429256,3680,14210,1,6,48,256,1,1,32,0.004,0.000,,,,,NVIDIA A100 80GB PCIe (0),1,7,"void cudnn::ops::nchwToNhwcKernel<float, float, float, (bool)0, (bool)1, (cudnnKernelDataType_t)2>(cudnn::ops::nchw2nhwc_params_t<T3>, const T1 *, T2 *)"
71434824,1121,14212,,,,,,,,,,0.000,99.911,Device,,NVIDIA A100 80GB PCIe (0),1,7,[CUDA memset]
71438345,14112,14215,2,7,3,128,1,1,117,0.000,0.124,,,,,NVIDIA A100 80GB PCIe (0),1,7,sm80_xmma_fprop_implicit_gemm_indexed_tf32f32_tf32f32_f32_nhwckrsc_nchw_tilesize64x32x64_stage5_warpsize2x2x1_g1_tensor16x8x8_alignc4_execute_kernel_cudnn_infer
71469609,6591,14228,294,22,1,128,1,1,32,0.000,0.000,,,,,NVIDIA A100 80GB PCIe (0),1,7,"void at::native::<unnamed>::CatArrayBatchedCopy_aligned16_contig<float, unsigned int, (int)4, (int)128, (int)1>(T1 *, at::native::<unnamed>::CatArrInputTensorMetadata<T1, T2, T4, T5>, at::native::<unnamed>::TensorSizeStride<T2, (unsigned int)4>, int, T2)"
71504521,6016,14267,1392,2,1,64,1,1,19,0.000,0.000,,,,,NVIDIA A100 80GB PCIe (0),1,7,"void cudnn::bn_fw_inf_1C11_kernel_NCHW<float, float, (bool)1, (int)1>(T2, T2, cudnnTensorStruct, const T1 *, cudnnTensorStruct, T1 *, cudnnTensorStruct, const T2 *, const T2 *, const T2 *, const T2 *, T2)"
71516841,3296,14274,1066,1,1,128,1,1,17,0.000,0.000,,,,,NVIDIA A100 80GB PCIe (0),1,7,"void at::native::vectorized_elementwise_kernel<(int)4, at::native::<unnamed>::launch_clamp_scalar(at::TensorIteratorBase &, c10::Scalar, c10::Scalar, at::native::detail::ClampLimits)::[lambda() (instance 1)]::operator ()() const::[lambda() (instance 7)]::operator ()() const::[lambda(float) (instance 1)], at::detail::Array<char *, (int)2>>(int, T2, T3)"
71549385,25472,14296,12,1,2,128,1,1,90,0.000,0.049,,,,,NVIDIA A100 80GB PCIe (0),1,7,void cutlass::Kernel<cutlass_80_tensorop_s1688gemm_64x64_16x6_nn_align4>(T1::Params)
71587913,3968,14337,192,2,1,64,1,1,19,0.000,0.000,,,,,NVIDIA A100 80GB PCIe (0),1,7,"void cudnn::bn_fw_inf_1C11_kernel_NCHW<float, float, (bool)1, (int)1>(T2, T2, cudnnTensorStruct, const T1 *, cudnnTensorStruct, T1 *, cudnnTensorStruct, const T2 *, const T2 *, const T2 *, const T2 *, T2)"
71599273,2368,14344,147,1,1,128,1,1,17,0.000,0.000,,,,,NVIDIA A100 80GB PCIe (0),1,7,"void at::native::vectorized_elementwise_kernel<(int)4, at::native::<unnamed>::launch_clamp_scalar(at::TensorIteratorBase &, c10::Scalar, c10::Scalar, at::native::detail::ClampLimits)::[lambda() (instance 1)]::operator ()() const::[lambda() (instance 7)]::operator ()() const::[lambda(float) (instance 1)], at::detail::Array<char *, (int)2>>(int, T2, T3)"
71628521,3040,14364,7,6,2,256,1,1,32,0.004,0.000,,,,,NVIDIA A100 80GB PCIe (0),1,7,"void cudnn::ops::nchwToNhwcKernel<float, float, float, (bool)0, (bool)1, (cudnnKernelDataType_t)2>(cudnn::ops::nchw2nhwc_params_t<T3>, const T1 *, T2 *)"
71632617,3712,14366,1,6,48,256,1,1,32,0.004,0.000,,,,,NVIDIA A100 80GB PCIe (0),1,7,"void cudnn::ops::nchwToNhwcKernel<float, float, float, (bool)0, (bool)1, (cudnnKernelDataType_t)2>(cudnn::ops::nchw2nhwc_params_t<T3>, const T1 *, T2 *)"
71638697,1024,14368,,,,,,,,,,0.000,109.375,Device,,NVIDIA A100 80GB PCIe (0),1,7,[CUDA memset]
71642409,14016,14371,2,7,3,128,1,1,117,0.000,0.124,,,,,NVIDIA A100 80GB PCIe (0),1,7,sm80_xmma_fprop_implicit_gemm_indexed_tf32f32_tf32f32_f32_nhwckrsc_nchw_tilesize64x32x64_stage5_warpsize2x2x1_g1_tensor16x8x8_alignc4_execute_kernel_cudnn_infer
71674377,6784,14384,294,23,1,128,1,1,32,0.000,0.000,,,,,NVIDIA A100 80GB PCIe (0),1,7,"void at::native::<unnamed>::CatArrayBatchedCopy_aligned16_contig<float, unsigned int, (int)4, (int)128, (int)1>(T1 *, at::native::<unnamed>::CatArrInputTensorMetadata<T1, T2, T4, T5>, at::native::<unnamed>::TensorSizeStride<T2, (unsigned int)4>, int, T2)"
71710985,6080,14423,1440,2,1,64,1,1,19,0.000,0.000,,,,,NVIDIA A100 80GB PCIe (0),1,7,"void cudnn::bn_fw_inf_1C11_kernel_NCHW<float, float, (bool)1, (int)1>(T2, T2, cudnnTensorStruct, const T1 *, cudnnTensorStruct, T1 *, cudnnTensorStruct, const T2 *, const T2 *, const T2 *, const T2 *, T2)"
71722953,3361,14430,1103,1,1,128,1,1,17,0.000,0.000,,,,,NVIDIA A100 80GB PCIe (0),1,7,"void at::native::vectorized_elementwise_kernel<(int)4, at::native::<unnamed>::launch_clamp_scalar(at::TensorIteratorBase &, c10::Scalar, c10::Scalar, at::native::detail::ClampLimits)::[lambda() (instance 1)]::operator ()() const::[lambda() (instance 7)]::operator ()() const::[lambda(float) (instance 1)], at::detail::Array<char *, (int)2>>(int, T2, T3)"
71755849,26273,14452,12,1,2,128,1,1,90,0.000,0.049,,,,,NVIDIA A100 80GB PCIe (0),1,7,void cutlass::Kernel<cutlass_80_tensorop_s1688gemm_64x64_16x6_nn_align4>(T1::Params)
71794250,3936,14493,192,2,1,64,1,1,19,0.000,0.000,,,,,NVIDIA A100 80GB PCIe (0),1,7,"void cudnn::bn_fw_inf_1C11_kernel_NCHW<float, float, (bool)1, (int)1>(T2, T2, cudnnTensorStruct, const T1 *, cudnnTensorStruct, T1 *, cudnnTensorStruct, const T2 *, const T2 *, const T2 *, const T2 *, T2)"
71806442,2368,14500,147,1,1,128,1,1,17,0.000,0.000,,,,,NVIDIA A100 80GB PCIe (0),1,7,"void at::native::vectorized_elementwise_kernel<(int)4, at::native::<unnamed>::launch_clamp_scalar(at::TensorIteratorBase &, c10::Scalar, c10::Scalar, at::native::detail::ClampLimits)::[lambda() (instance 1)]::operator ()() const::[lambda() (instance 7)]::operator ()() const::[lambda(float) (instance 1)], at::detail::Array<char *, (int)2>>(int, T2, T3)"
71832810,3040,14520,7,6,2,256,1,1,32,0.004,0.000,,,,,NVIDIA A100 80GB PCIe (0),1,7,"void cudnn::ops::nchwToNhwcKernel<float, float, float, (bool)0, (bool)1, (cudnnKernelDataType_t)2>(cudnn::ops::nchw2nhwc_params_t<T3>, const T1 *, T2 *)"
71836970,3648,14522,1,6,48,256,1,1,32,0.004,0.000,,,,,NVIDIA A100 80GB PCIe (0),1,7,"void cudnn::ops::nchwToNhwcKernel<float, float, float, (bool)0, (bool)1, (cudnnKernelDataType_t)2>(cudnn::ops::nchw2nhwc_params_t<T3>, const T1 *, T2 *)"
71842698,1056,14524,,,,,,,,,,0.000,106.061,Device,,NVIDIA A100 80GB PCIe (0),1,7,[CUDA memset]
71846506,13664,14527,2,7,3,128,1,1,117,0.000,0.124,,,,,NVIDIA A100 80GB PCIe (0),1,7,sm80_xmma_fprop_implicit_gemm_indexed_tf32f32_tf32f32_f32_nhwckrsc_nchw_tilesize64x32x64_stage5_warpsize2x2x1_g1_tensor16x8x8_alignc4_execute_kernel_cudnn_infer
71878186,7264,14540,294,24,1,128,1,1,32,0.000,0.000,,,,,NVIDIA A100 80GB PCIe (0),1,7,"void at::native::<unnamed>::CatArrayBatchedCopy_aligned16_contig<float, unsigned int, (int)4, (int)128, (int)1>(T1 *, at::native::<unnamed>::CatArrInputTensorMetadata<T1, T2, T4, T5>, at::native::<unnamed>::TensorSizeStride<T2, (unsigned int)4>, int, T2)"
71913994,6176,14579,1488,2,1,64,1,1,19,0.000,0.000,,,,,NVIDIA A100 80GB PCIe (0),1,7,"void cudnn::bn_fw_inf_1C11_kernel_NCHW<float, float, (bool)1, (int)1>(T2, T2, cudnnTensorStruct, const T1 *, cudnnTensorStruct, T1 *, cudnnTensorStruct, const T2 *, const T2 *, const T2 *, const T2 *, T2)"
71926410,3360,14586,1140,1,1,128,1,1,17,0.000,0.000,,,,,NVIDIA A100 80GB PCIe (0),1,7,"void at::native::vectorized_elementwise_kernel<(int)4, at::native::<unnamed>::launch_clamp_scalar(at::TensorIteratorBase &, c10::Scalar, c10::Scalar, at::native::detail::ClampLimits)::[lambda() (instance 1)]::operator ()() const::[lambda() (instance 7)]::operator ()() const::[lambda(float) (instance 1)], at::detail::Array<char *, (int)2>>(int, T2, T3)"
71958698,26880,14608,12,1,2,128,1,1,90,0.000,0.049,,,,,NVIDIA A100 80GB PCIe (0),1,7,void cutlass::Kernel<cutlass_80_tensorop_s1688gemm_64x64_16x6_nn_align4>(T1::Params)
71996938,3905,14649,192,2,1,64,1,1,19,0.000,0.000,,,,,NVIDIA A100 80GB PCIe (0),1,7,"void cudnn::bn_fw_inf_1C11_kernel_NCHW<float, float, (bool)1, (int)1>(T2, T2, cudnnTensorStruct, const T1 *, cudnnTensorStruct, T1 *, cudnnTensorStruct, const T2 *, const T2 *, const T2 *, const T2 *, T2)"
72008682,2368,14656,147,1,1,128,1,1,17,0.000,0.000,,,,,NVIDIA A100 80GB PCIe (0),1,7,"void at::native::vectorized_elementwise_kernel<(int)4, at::native::<unnamed>::launch_clamp_scalar(at::TensorIteratorBase &, c10::Scalar, c10::Scalar, at::native::detail::ClampLimits)::[lambda() (instance 1)]::operator ()() const::[lambda() (instance 7)]::operator ()() const::[lambda(float) (instance 1)], at::detail::Array<char *, (int)2>>(int, T2, T3)"
72035147,3040,14676,7,6,2,256,1,1,32,0.004,0.000,,,,,NVIDIA A100 80GB PCIe (0),1,7,"void cudnn::ops::nchwToNhwcKernel<float, float, float, (bool)0, (bool)1, (cudnnKernelDataType_t)2>(cudnn::ops::nchw2nhwc_params_t<T3>, const T1 *, T2 *)"
72039339,3615,14678,1,6,48,256,1,1,32,0.004,0.000,,,,,NVIDIA A100 80GB PCIe (0),1,7,"void cudnn::ops::nchwToNhwcKernel<float, float, float, (bool)0, (bool)1, (cudnnKernelDataType_t)2>(cudnn::ops::nchw2nhwc_params_t<T3>, const T1 *, T2 *)"
72045067,1023,14680,,,,,,,,,,0.000,109.482,Device,,NVIDIA A100 80GB PCIe (0),1,7,[CUDA memset]
72048586,14273,14683,2,7,3,128,1,1,117,0.000,0.124,,,,,NVIDIA A100 80GB PCIe (0),1,7,sm80_xmma_fprop_implicit_gemm_indexed_tf32f32_tf32f32_f32_nhwckrsc_nchw_tilesize64x32x64_stage5_warpsize2x2x1_g1_tensor16x8x8_alignc4_execute_kernel_cudnn_infer
72081419,7328,14696,294,25,1,128,1,1,32,0.000,0.000,,,,,NVIDIA A100 80GB PCIe (0),1,7,"void at::native::<unnamed>::CatArrayBatchedCopy_aligned16_contig<float, unsigned int, (int)4, (int)128, (int)1>(T1 *, at::native::<unnamed>::CatArrInputTensorMetadata<T1, T2, T4, T5>, at::native::<unnamed>::TensorSizeStride<T2, (unsigned int)4>, int, T2)"
72117355,6336,14735,1536,2,1,64,1,1,19,0.000,0.000,,,,,NVIDIA A100 80GB PCIe (0),1,7,"void cudnn::bn_fw_inf_1C11_kernel_NCHW<float, float, (bool)1, (int)1>(T2, T2, cudnnTensorStruct, const T1 *, cudnnTensorStruct, T1 *, cudnnTensorStruct, const T2 *, const T2 *, const T2 *, const T2 *, T2)"
72129899,3552,14742,1176,1,1,128,1,1,17,0.000,0.000,,,,,NVIDIA A100 80GB PCIe (0),1,7,"void at::native::vectorized_elementwise_kernel<(int)4, at::native::<unnamed>::launch_clamp_scalar(at::TensorIteratorBase &, c10::Scalar, c10::Scalar, at::native::detail::ClampLimits)::[lambda() (instance 1)]::operator ()() const::[lambda() (instance 7)]::operator ()() const::[lambda(float) (instance 1)], at::detail::Array<char *, (int)2>>(int, T2, T3)"
72165771,27552,14764,12,1,2,128,1,1,90,0.000,0.049,,,,,NVIDIA A100 80GB PCIe (0),1,7,void cutlass::Kernel<cutlass_80_tensorop_s1688gemm_64x64_16x6_nn_align4>(T1::Params)
72205547,4000,14805,192,2,1,64,1,1,19,0.000,0.000,,,,,NVIDIA A100 80GB PCIe (0),1,7,"void cudnn::bn_fw_inf_1C11_kernel_NCHW<float, float, (bool)1, (int)1>(T2, T2, cudnnTensorStruct, const T1 *, cudnnTensorStruct, T1 *, cudnnTensorStruct, const T2 *, const T2 *, const T2 *, const T2 *, T2)"
72217867,2368,14812,147,1,1,128,1,1,17,0.000,0.000,,,,,NVIDIA A100 80GB PCIe (0),1,7,"void at::native::vectorized_elementwise_kernel<(int)4, at::native::<unnamed>::launch_clamp_scalar(at::TensorIteratorBase &, c10::Scalar, c10::Scalar, at::native::detail::ClampLimits)::[lambda() (instance 1)]::operator ()() const::[lambda() (instance 7)]::operator ()() const::[lambda(float) (instance 1)], at::detail::Array<char *, (int)2>>(int, T2, T3)"
72244715,3008,14832,7,6,2,256,1,1,32,0.004,0.000,,,,,NVIDIA A100 80GB PCIe (0),1,7,"void cudnn::ops::nchwToNhwcKernel<float, float, float, (bool)0, (bool)1, (cudnnKernelDataType_t)2>(cudnn::ops::nchw2nhwc_params_t<T3>, const T1 *, T2 *)"
72249003,3712,14834,1,6,48,256,1,1,32,0.004,0.000,,,,,NVIDIA A100 80GB PCIe (0),1,7,"void cudnn::ops::nchwToNhwcKernel<float, float, float, (bool)0, (bool)1, (cudnnKernelDataType_t)2>(cudnn::ops::nchw2nhwc_params_t<T3>, const T1 *, T2 *)"
72254763,1024,14836,,,,,,,,,,0.000,109.375,Device,,NVIDIA A100 80GB PCIe (0),1,7,[CUDA memset]
72258443,14080,14839,2,7,3,128,1,1,117,0.000,0.124,,,,,NVIDIA A100 80GB PCIe (0),1,7,sm80_xmma_fprop_implicit_gemm_indexed_tf32f32_tf32f32_f32_nhwckrsc_nchw_tilesize64x32x64_stage5_warpsize2x2x1_g1_tensor16x8x8_alignc4_execute_kernel_cudnn_infer
72291499,7552,14852,294,26,1,128,1,1,32,0.000,0.000,,,,,NVIDIA A100 80GB PCIe (0),1,7,"void at::native::<unnamed>::CatArrayBatchedCopy_aligned16_contig<float, unsigned int, (int)4, (int)128, (int)1>(T1 *, at::native::<unnamed>::CatArrInputTensorMetadata<T1, T2, T4, T5>, at::native::<unnamed>::TensorSizeStride<T2, (unsigned int)4>, int, T2)"
72327852,6304,14891,1584,2,1,64,1,1,19,0.000,0.000,,,,,NVIDIA A100 80GB PCIe (0),1,7,"void cudnn::bn_fw_inf_1C11_kernel_NCHW<float, float, (bool)1, (int)1>(T2, T2, cudnnTensorStruct, const T1 *, cudnnTensorStruct, T1 *, cudnnTensorStruct, const T2 *, const T2 *, const T2 *, const T2 *, T2)"
72340076,3455,14898,1213,1,1,128,1,1,17,0.000,0.000,,,,,NVIDIA A100 80GB PCIe (0),1,7,"void at::native::vectorized_elementwise_kernel<(int)4, at::native::<unnamed>::launch_clamp_scalar(at::TensorIteratorBase &, c10::Scalar, c10::Scalar, at::native::detail::ClampLimits)::[lambda() (instance 1)]::operator ()() const::[lambda() (instance 7)]::operator ()() const::[lambda(float) (instance 1)], at::detail::Array<char *, (int)2>>(int, T2, T3)"
72372268,28384,14920,12,1,2,128,1,1,90,0.000,0.049,,,,,NVIDIA A100 80GB PCIe (0),1,7,void cutlass::Kernel<cutlass_80_tensorop_s1688gemm_64x64_16x6_nn_align4>(T1::Params)
72411340,3936,14961,192,2,1,64,1,1,19,0.000,0.000,,,,,NVIDIA A100 80GB PCIe (0),1,7,"void cudnn::bn_fw_inf_1C11_kernel_NCHW<float, float, (bool)1, (int)1>(T2, T2, cudnnTensorStruct, const T1 *, cudnnTensorStruct, T1 *, cudnnTensorStruct, const T2 *, const T2 *, const T2 *, const T2 *, T2)"
72423052,2368,14968,147,1,1,128,1,1,17,0.000,0.000,,,,,NVIDIA A100 80GB PCIe (0),1,7,"void at::native::vectorized_elementwise_kernel<(int)4, at::native::<unnamed>::launch_clamp_scalar(at::TensorIteratorBase &, c10::Scalar, c10::Scalar, at::native::detail::ClampLimits)::[lambda() (instance 1)]::operator ()() const::[lambda() (instance 7)]::operator ()() const::[lambda(float) (instance 1)], at::detail::Array<char *, (int)2>>(int, T2, T3)"
72449132,3008,14988,7,6,2,256,1,1,32,0.004,0.000,,,,,NVIDIA A100 80GB PCIe (0),1,7,"void cudnn::ops::nchwToNhwcKernel<float, float, float, (bool)0, (bool)1, (cudnnKernelDataType_t)2>(cudnn::ops::nchw2nhwc_params_t<T3>, const T1 *, T2 *)"
72453324,3584,14990,1,6,48,256,1,1,32,0.004,0.000,,,,,NVIDIA A100 80GB PCIe (0),1,7,"void cudnn::ops::nchwToNhwcKernel<float, float, float, (bool)0, (bool)1, (cudnnKernelDataType_t)2>(cudnn::ops::nchw2nhwc_params_t<T3>, const T1 *, T2 *)"
72459020,1056,14992,,,,,,,,,,0.000,106.061,Device,,NVIDIA A100 80GB PCIe (0),1,7,[CUDA memset]
72462380,13728,14995,2,7,3,128,1,1,117,0.000,0.124,,,,,NVIDIA A100 80GB PCIe (0),1,7,sm80_xmma_fprop_implicit_gemm_indexed_tf32f32_tf32f32_f32_nhwckrsc_nchw_tilesize64x32x64_stage5_warpsize2x2x1_g1_tensor16x8x8_alignc4_execute_kernel_cudnn_infer
72494828,7904,15008,294,27,1,128,1,1,32,0.000,0.000,,,,,NVIDIA A100 80GB PCIe (0),1,7,"void at::native::<unnamed>::CatArrayBatchedCopy_aligned16_contig<float, unsigned int, (int)4, (int)128, (int)1>(T1 *, at::native::<unnamed>::CatArrInputTensorMetadata<T1, T2, T4, T5>, at::native::<unnamed>::TensorSizeStride<T2, (unsigned int)4>, int, T2)"
72531692,6368,15047,1632,2,1,64,1,1,19,0.000,0.000,,,,,NVIDIA A100 80GB PCIe (0),1,7,"void cudnn::bn_fw_inf_1C11_kernel_NCHW<float, float, (bool)1, (int)1>(T2, T2, cudnnTensorStruct, const T1 *, cudnnTensorStruct, T1 *, cudnnTensorStruct, const T2 *, const T2 *, const T2 *, const T2 *, T2)"
72544012,3424,15054,1250,1,1,128,1,1,17,0.000,0.000,,,,,NVIDIA A100 80GB PCIe (0),1,7,"void at::native::vectorized_elementwise_kernel<(int)4, at::native::<unnamed>::launch_clamp_scalar(at::TensorIteratorBase &, c10::Scalar, c10::Scalar, at::native::detail::ClampLimits)::[lambda() (instance 1)]::operator ()() const::[lambda() (instance 7)]::operator ()() const::[lambda(float) (instance 1)], at::detail::Array<char *, (int)2>>(int, T2, T3)"
72575917,29120,15076,12,1,2,128,1,1,90,0.000,0.049,,,,,NVIDIA A100 80GB PCIe (0),1,7,void cutlass::Kernel<cutlass_80_tensorop_s1688gemm_64x64_16x6_nn_align4>(T1::Params)
72613644,3969,15117,192,2,1,64,1,1,19,0.000,0.000,,,,,NVIDIA A100 80GB PCIe (0),1,7,"void cudnn::bn_fw_inf_1C11_kernel_NCHW<float, float, (bool)1, (int)1>(T2, T2, cudnnTensorStruct, const T1 *, cudnnTensorStruct, T1 *, cudnnTensorStruct, const T2 *, const T2 *, const T2 *, const T2 *, T2)"
72625389,2336,15124,147,1,1,128,1,1,17,0.000,0.000,,,,,NVIDIA A100 80GB PCIe (0),1,7,"void at::native::vectorized_elementwise_kernel<(int)4, at::native::<unnamed>::launch_clamp_scalar(at::TensorIteratorBase &, c10::Scalar, c10::Scalar, at::native::detail::ClampLimits)::[lambda() (instance 1)]::operator ()() const::[lambda() (instance 7)]::operator ()() const::[lambda(float) (instance 1)], at::detail::Array<char *, (int)2>>(int, T2, T3)"
72655405,3040,15144,7,6,2,256,1,1,32,0.004,0.000,,,,,NVIDIA A100 80GB PCIe (0),1,7,"void cudnn::ops::nchwToNhwcKernel<float, float, float, (bool)0, (bool)1, (cudnnKernelDataType_t)2>(cudnn::ops::nchw2nhwc_params_t<T3>, const T1 *, T2 *)"
72659661,3776,15146,1,6,48,256,1,1,32,0.004,0.000,,,,,NVIDIA A100 80GB PCIe (0),1,7,"void cudnn::ops::nchwToNhwcKernel<float, float, float, (bool)0, (bool)1, (cudnnKernelDataType_t)2>(cudnn::ops::nchw2nhwc_params_t<T3>, const T1 *, T2 *)"
72665453,1056,15148,,,,,,,,,,0.000,106.061,Device,,NVIDIA A100 80GB PCIe (0),1,7,[CUDA memset]
72669133,13760,15151,2,7,3,128,1,1,117,0.000,0.124,,,,,NVIDIA A100 80GB PCIe (0),1,7,sm80_xmma_fprop_implicit_gemm_indexed_tf32f32_tf32f32_f32_nhwckrsc_nchw_tilesize64x32x64_stage5_warpsize2x2x1_g1_tensor16x8x8_alignc4_execute_kernel_cudnn_infer
72703757,8064,15164,294,28,1,128,1,1,32,0.000,0.000,,,,,NVIDIA A100 80GB PCIe (0),1,7,"void at::native::<unnamed>::CatArrayBatchedCopy_aligned16_contig<float, unsigned int, (int)4, (int)128, (int)1>(T1 *, at::native::<unnamed>::CatArrInputTensorMetadata<T1, T2, T4, T5>, at::native::<unnamed>::TensorSizeStride<T2, (unsigned int)4>, int, T2)"
72740813,6432,15203,1680,2,1,64,1,1,19,0.000,0.000,,,,,NVIDIA A100 80GB PCIe (0),1,7,"void cudnn::bn_fw_inf_1C11_kernel_NCHW<float, float, (bool)1, (int)1>(T2, T2, cudnnTensorStruct, const T1 *, cudnnTensorStruct, T1 *, cudnnTensorStruct, const T2 *, const T2 *, const T2 *, const T2 *, T2)"
72753037,3520,15210,1287,1,1,128,1,1,17,0.000,0.000,,,,,NVIDIA A100 80GB PCIe (0),1,7,"void at::native::vectorized_elementwise_kernel<(int)4, at::native::<unnamed>::launch_clamp_scalar(at::TensorIteratorBase &, c10::Scalar, c10::Scalar, at::native::detail::ClampLimits)::[lambda() (instance 1)]::operator ()() const::[lambda() (instance 7)]::operator ()() const::[lambda(float) (instance 1)], at::detail::Array<char *, (int)2>>(int, T2, T3)"
72787117,29792,15232,12,1,2,128,1,1,90,0.000,0.049,,,,,NVIDIA A100 80GB PCIe (0),1,7,void cutlass::Kernel<cutlass_80_tensorop_s1688gemm_64x64_16x6_nn_align4>(T1::Params)
72825677,4096,15273,192,2,1,64,1,1,19,0.000,0.000,,,,,NVIDIA A100 80GB PCIe (0),1,7,"void cudnn::bn_fw_inf_1C11_kernel_NCHW<float, float, (bool)1, (int)1>(T2, T2, cudnnTensorStruct, const T1 *, cudnnTensorStruct, T1 *, cudnnTensorStruct, const T2 *, const T2 *, const T2 *, const T2 *, T2)"
72837357,2368,15280,147,1,1,128,1,1,17,0.000,0.000,,,,,NVIDIA A100 80GB PCIe (0),1,7,"void at::native::vectorized_elementwise_kernel<(int)4, at::native::<unnamed>::launch_clamp_scalar(at::TensorIteratorBase &, c10::Scalar, c10::Scalar, at::native::detail::ClampLimits)::[lambda() (instance 1)]::operator ()() const::[lambda() (instance 7)]::operator ()() const::[lambda(float) (instance 1)], at::detail::Array<char *, (int)2>>(int, T2, T3)"
72863917,3041,15300,7,6,2,256,1,1,32,0.004,0.000,,,,,NVIDIA A100 80GB PCIe (0),1,7,"void cudnn::ops::nchwToNhwcKernel<float, float, float, (bool)0, (bool)1, (cudnnKernelDataType_t)2>(cudnn::ops::nchw2nhwc_params_t<T3>, const T1 *, T2 *)"
72868109,3744,15302,1,6,48,256,1,1,32,0.004,0.000,,,,,NVIDIA A100 80GB PCIe (0),1,7,"void cudnn::ops::nchwToNhwcKernel<float, float, float, (bool)0, (bool)1, (cudnnKernelDataType_t)2>(cudnn::ops::nchw2nhwc_params_t<T3>, const T1 *, T2 *)"
72873805,1024,15304,,,,,,,,,,0.000,109.375,Device,,NVIDIA A100 80GB PCIe (0),1,7,[CUDA memset]
72879022,14047,15307,2,7,3,128,1,1,117,0.000,0.124,,,,,NVIDIA A100 80GB PCIe (0),1,7,sm80_xmma_fprop_implicit_gemm_indexed_tf32f32_tf32f32_f32_nhwckrsc_nchw_tilesize64x32x64_stage5_warpsize2x2x1_g1_tensor16x8x8_alignc4_execute_kernel_cudnn_infer
72913485,8417,15320,294,29,1,128,1,1,32,0.000,0.000,,,,,NVIDIA A100 80GB PCIe (0),1,7,"void at::native::<unnamed>::CatArrayBatchedCopy_aligned16_contig<float, unsigned int, (int)4, (int)128, (int)1>(T1 *, at::native::<unnamed>::CatArrInputTensorMetadata<T1, T2, T4, T5>, at::native::<unnamed>::TensorSizeStride<T2, (unsigned int)4>, int, T2)"
72949326,6688,15359,1728,2,1,64,1,1,19,0.000,0.000,,,,,NVIDIA A100 80GB PCIe (0),1,7,"void cudnn::bn_fw_inf_1C11_kernel_NCHW<float, float, (bool)1, (int)1>(T2, T2, cudnnTensorStruct, const T1 *, cudnnTensorStruct, T1 *, cudnnTensorStruct, const T2 *, const T2 *, const T2 *, const T2 *, T2)"
72961326,3616,15366,1323,1,1,128,1,1,17,0.000,0.000,,,,,NVIDIA A100 80GB PCIe (0),1,7,"void at::native::vectorized_elementwise_kernel<(int)4, at::native::<unnamed>::launch_clamp_scalar(at::TensorIteratorBase &, c10::Scalar, c10::Scalar, at::native::detail::ClampLimits)::[lambda() (instance 1)]::operator ()() const::[lambda() (instance 7)]::operator ()() const::[lambda(float) (instance 1)], at::detail::Array<char *, (int)2>>(int, T2, T3)"
72994126,30560,15388,12,1,2,128,1,1,90,0.000,0.049,,,,,NVIDIA A100 80GB PCIe (0),1,7,void cutlass::Kernel<cutlass_80_tensorop_s1688gemm_64x64_16x6_nn_align4>(T1::Params)
73032014,3968,15429,192,2,1,64,1,1,19,0.000,0.000,,,,,NVIDIA A100 80GB PCIe (0),1,7,"void cudnn::bn_fw_inf_1C11_kernel_NCHW<float, float, (bool)1, (int)1>(T2, T2, cudnnTensorStruct, const T1 *, cudnnTensorStruct, T1 *, cudnnTensorStruct, const T2 *, const T2 *, const T2 *, const T2 *, T2)"
73043630,2368,15436,147,1,1,128,1,1,17,0.000,0.000,,,,,NVIDIA A100 80GB PCIe (0),1,7,"void at::native::vectorized_elementwise_kernel<(int)4, at::native::<unnamed>::launch_clamp_scalar(at::TensorIteratorBase &, c10::Scalar, c10::Scalar, at::native::detail::ClampLimits)::[lambda() (instance 1)]::operator ()() const::[lambda() (instance 7)]::operator ()() const::[lambda(float) (instance 1)], at::detail::Array<char *, (int)2>>(int, T2, T3)"
73069134,3040,15456,7,6,2,256,1,1,32,0.004,0.000,,,,,NVIDIA A100 80GB PCIe (0),1,7,"void cudnn::ops::nchwToNhwcKernel<float, float, float, (bool)0, (bool)1, (cudnnKernelDataType_t)2>(cudnn::ops::nchw2nhwc_params_t<T3>, const T1 *, T2 *)"
73073262,3776,15458,1,6,48,256,1,1,32,0.004,0.000,,,,,NVIDIA A100 80GB PCIe (0),1,7,"void cudnn::ops::nchwToNhwcKernel<float, float, float, (bool)0, (bool)1, (cudnnKernelDataType_t)2>(cudnn::ops::nchw2nhwc_params_t<T3>, const T1 *, T2 *)"
73079022,1056,15460,,,,,,,,,,0.000,106.061,Device,,NVIDIA A100 80GB PCIe (0),1,7,[CUDA memset]
73082894,14720,15463,2,7,3,128,1,1,117,0.000,0.124,,,,,NVIDIA A100 80GB PCIe (0),1,7,sm80_xmma_fprop_implicit_gemm_indexed_tf32f32_tf32f32_f32_nhwckrsc_nchw_tilesize64x32x64_stage5_warpsize2x2x1_g1_tensor16x8x8_alignc4_execute_kernel_cudnn_infer
73117166,8640,15476,294,30,1,128,1,1,32,0.000,0.000,,,,,NVIDIA A100 80GB PCIe (0),1,7,"void at::native::<unnamed>::CatArrayBatchedCopy_aligned16_contig<float, unsigned int, (int)4, (int)128, (int)1>(T1 *, at::native::<unnamed>::CatArrInputTensorMetadata<T1, T2, T4, T5>, at::native::<unnamed>::TensorSizeStride<T2, (unsigned int)4>, int, T2)"
73152622,6529,15515,1776,2,1,64,1,1,19,0.000,0.000,,,,,NVIDIA A100 80GB PCIe (0),1,7,"void cudnn::bn_fw_inf_1C11_kernel_NCHW<float, float, (bool)1, (int)1>(T2, T2, cudnnTensorStruct, const T1 *, cudnnTensorStruct, T1 *, cudnnTensorStruct, const T2 *, const T2 *, const T2 *, const T2 *, T2)"
73164975,3680,15522,1360,1,1,128,1,1,17,0.000,0.000,,,,,NVIDIA A100 80GB PCIe (0),1,7,"void at::native::vectorized_elementwise_kernel<(int)4, at::native::<unnamed>::launch_clamp_scalar(at::TensorIteratorBase &, c10::Scalar, c10::Scalar, at::native::detail::ClampLimits)::[lambda() (instance 1)]::operator ()() const::[lambda() (instance 7)]::operator ()() const::[lambda(float) (instance 1)], at::detail::Array<char *, (int)2>>(int, T2, T3)"
73197167,31360,15544,12,1,2,128,1,1,90,0.000,0.049,,,,,NVIDIA A100 80GB PCIe (0),1,7,void cutlass::Kernel<cutlass_80_tensorop_s1688gemm_64x64_16x6_nn_align4>(T1::Params)
73234959,4000,15585,192,2,1,64,1,1,19,0.000,0.000,,,,,NVIDIA A100 80GB PCIe (0),1,7,"void cudnn::bn_fw_inf_1C11_kernel_NCHW<float, float, (bool)1, (int)1>(T2, T2, cudnnTensorStruct, const T1 *, cudnnTensorStruct, T1 *, cudnnTensorStruct, const T2 *, const T2 *, const T2 *, const T2 *, T2)"
73246191,2368,15592,147,1,1,128,1,1,17,0.000,0.000,,,,,NVIDIA A100 80GB PCIe (0),1,7,"void at::native::vectorized_elementwise_kernel<(int)4, at::native::<unnamed>::launch_clamp_scalar(at::TensorIteratorBase &, c10::Scalar, c10::Scalar, at::native::detail::ClampLimits)::[lambda() (instance 1)]::operator ()() const::[lambda() (instance 7)]::operator ()() const::[lambda(float) (instance 1)], at::detail::Array<char *, (int)2>>(int, T2, T3)"
73271695,3040,15612,7,6,2,256,1,1,32,0.004,0.000,,,,,NVIDIA A100 80GB PCIe (0),1,7,"void cudnn::ops::nchwToNhwcKernel<float, float, float, (bool)0, (bool)1, (cudnnKernelDataType_t)2>(cudnn::ops::nchw2nhwc_params_t<T3>, const T1 *, T2 *)"
73275823,3808,15614,1,6,48,256,1,1,32,0.004,0.000,,,,,NVIDIA A100 80GB PCIe (0),1,7,"void cudnn::ops::nchwToNhwcKernel<float, float, float, (bool)0, (bool)1, (cudnnKernelDataType_t)2>(cudnn::ops::nchw2nhwc_params_t<T3>, const T1 *, T2 *)"
73281551,1088,15616,,,,,,,,,,0.000,102.941,Device,,NVIDIA A100 80GB PCIe (0),1,7,[CUDA memset]
73285007,13664,15619,2,7,3,128,1,1,117,0.000,0.124,,,,,NVIDIA A100 80GB PCIe (0),1,7,sm80_xmma_fprop_implicit_gemm_indexed_tf32f32_tf32f32_f32_nhwckrsc_nchw_tilesize64x32x64_stage5_warpsize2x2x1_g1_tensor16x8x8_alignc4_execute_kernel_cudnn_infer
73319599,8640,15632,294,31,1,128,1,1,32,0.000,0.000,,,,,NVIDIA A100 80GB PCIe (0),1,7,"void at::native::<unnamed>::CatArrayBatchedCopy_aligned16_contig<float, unsigned int, (int)4, (int)128, (int)1>(T1 *, at::native::<unnamed>::CatArrInputTensorMetadata<T1, T2, T4, T5>, at::native::<unnamed>::TensorSizeStride<T2, (unsigned int)4>, int, T2)"
73355087,6624,15671,1824,2,1,64,1,1,19,0.000,0.000,,,,,NVIDIA A100 80GB PCIe (0),1,7,"void cudnn::bn_fw_inf_1C11_kernel_NCHW<float, float, (bool)1, (int)1>(T2, T2, cudnnTensorStruct, const T1 *, cudnnTensorStruct, T1 *, cudnnTensorStruct, const T2 *, const T2 *, const T2 *, const T2 *, T2)"
73367247,3680,15678,1397,1,1,128,1,1,17,0.000,0.000,,,,,NVIDIA A100 80GB PCIe (0),1,7,"void at::native::vectorized_elementwise_kernel<(int)4, at::native::<unnamed>::launch_clamp_scalar(at::TensorIteratorBase &, c10::Scalar, c10::Scalar, at::native::detail::ClampLimits)::[lambda() (instance 1)]::operator ()() const::[lambda() (instance 7)]::operator ()() const::[lambda(float) (instance 1)], at::detail::Array<char *, (int)2>>(int, T2, T3)"
73399535,32064,15700,12,1,2,128,1,1,90,0.000,0.049,,,,,NVIDIA A100 80GB PCIe (0),1,7,void cutlass::Kernel<cutlass_80_tensorop_s1688gemm_64x64_16x6_nn_align4>(T1::Params)
73437327,4001,15741,192,2,1,64,1,1,19,0.000,0.000,,,,,NVIDIA A100 80GB PCIe (0),1,7,"void cudnn::bn_fw_inf_1C11_kernel_NCHW<float, float, (bool)1, (int)1>(T2, T2, cudnnTensorStruct, const T1 *, cudnnTensorStruct, T1 *, cudnnTensorStruct, const T2 *, const T2 *, const T2 *, const T2 *, T2)"
73449327,2368,15748,147,1,1,128,1,1,17,0.000,0.000,,,,,NVIDIA A100 80GB PCIe (0),1,7,"void at::native::vectorized_elementwise_kernel<(int)4, at::native::<unnamed>::launch_clamp_scalar(at::TensorIteratorBase &, c10::Scalar, c10::Scalar, at::native::detail::ClampLimits)::[lambda() (instance 1)]::operator ()() const::[lambda() (instance 7)]::operator ()() const::[lambda(float) (instance 1)], at::detail::Array<char *, (int)2>>(int, T2, T3)"
73475408,3039,15768,7,6,2,256,1,1,32,0.004,0.000,,,,,NVIDIA A100 80GB PCIe (0),1,7,"void cudnn::ops::nchwToNhwcKernel<float, float, float, (bool)0, (bool)1, (cudnnKernelDataType_t)2>(cudnn::ops::nchw2nhwc_params_t<T3>, const T1 *, T2 *)"
73479504,3744,15770,1,6,48,256,1,1,32,0.004,0.000,,,,,NVIDIA A100 80GB PCIe (0),1,7,"void cudnn::ops::nchwToNhwcKernel<float, float, float, (bool)0, (bool)1, (cudnnKernelDataType_t)2>(cudnn::ops::nchw2nhwc_params_t<T3>, const T1 *, T2 *)"
73485232,1024,15772,,,,,,,,,,0.000,109.375,Device,,NVIDIA A100 80GB PCIe (0),1,7,[CUDA memset]
73488816,14080,15775,2,7,3,128,1,1,117,0.000,0.124,,,,,NVIDIA A100 80GB PCIe (0),1,7,sm80_xmma_fprop_implicit_gemm_indexed_tf32f32_tf32f32_f32_nhwckrsc_nchw_tilesize64x32x64_stage5_warpsize2x2x1_g1_tensor16x8x8_alignc4_execute_kernel_cudnn_infer
73524464,8928,15788,294,32,1,128,1,1,32,0.000,0.000,,,,,NVIDIA A100 80GB PCIe (0),1,7,"void at::native::<unnamed>::CatArrayBatchedCopy_aligned16_contig<float, unsigned int, (int)4, (int)128, (int)1>(T1 *, at::native::<unnamed>::CatArrInputTensorMetadata<T1, T2, T4, T5>, at::native::<unnamed>::TensorSizeStride<T2, (unsigned int)4>, int, T2)"
73560560,6720,15827,1872,2,1,64,1,1,19,0.000,0.000,,,,,NVIDIA A100 80GB PCIe (0),1,7,"void cudnn::bn_fw_inf_1C11_kernel_NCHW<float, float, (bool)1, (int)1>(T2, T2, cudnnTensorStruct, const T1 *, cudnnTensorStruct, T1 *, cudnnTensorStruct, const T2 *, const T2 *, const T2 *, const T2 *, T2)"
73573072,3648,15834,1434,1,1,128,1,1,17,0.000,0.000,,,,,NVIDIA A100 80GB PCIe (0),1,7,"void at::native::vectorized_elementwise_kernel<(int)4, at::native::<unnamed>::launch_clamp_scalar(at::TensorIteratorBase &, c10::Scalar, c10::Scalar, at::native::detail::ClampLimits)::[lambda() (instance 1)]::operator ()() const::[lambda() (instance 7)]::operator ()() const::[lambda(float) (instance 1)], at::detail::Array<char *, (int)2>>(int, T2, T3)"
73605296,32736,15856,12,1,2,128,1,1,90,0.000,0.049,,,,,NVIDIA A100 80GB PCIe (0),1,7,void cutlass::Kernel<cutlass_80_tensorop_s1688gemm_64x64_16x6_nn_align4>(T1::Params)
73644016,3968,15897,192,2,1,64,1,1,19,0.000,0.000,,,,,NVIDIA A100 80GB PCIe (0),1,7,"void cudnn::bn_fw_inf_1C11_kernel_NCHW<float, float, (bool)1, (int)1>(T2, T2, cudnnTensorStruct, const T1 *, cudnnTensorStruct, T1 *, cudnnTensorStruct, const T2 *, const T2 *, const T2 *, const T2 *, T2)"
73655568,2368,15904,147,1,1,128,1,1,17,0.000,0.000,,,,,NVIDIA A100 80GB PCIe (0),1,7,"void at::native::vectorized_elementwise_kernel<(int)4, at::native::<unnamed>::launch_clamp_scalar(at::TensorIteratorBase &, c10::Scalar, c10::Scalar, at::native::detail::ClampLimits)::[lambda() (instance 1)]::operator ()() const::[lambda() (instance 7)]::operator ()() const::[lambda(float) (instance 1)], at::detail::Array<char *, (int)2>>(int, T2, T3)"
73684880,3008,15924,7,6,2,256,1,1,32,0.004,0.000,,,,,NVIDIA A100 80GB PCIe (0),1,7,"void cudnn::ops::nchwToNhwcKernel<float, float, float, (bool)0, (bool)1, (cudnnKernelDataType_t)2>(cudnn::ops::nchw2nhwc_params_t<T3>, const T1 *, T2 *)"
73688880,3808,15926,1,6,48,256,1,1,32,0.004,0.000,,,,,NVIDIA A100 80GB PCIe (0),1,7,"void cudnn::ops::nchwToNhwcKernel<float, float, float, (bool)0, (bool)1, (cudnnKernelDataType_t)2>(cudnn::ops::nchw2nhwc_params_t<T3>, const T1 *, T2 *)"
73694800,1056,15928,,,,,,,,,,0.000,106.061,Device,,NVIDIA A100 80GB PCIe (0),1,7,[CUDA memset]
73698576,13984,15931,2,7,3,128,1,1,117,0.000,0.124,,,,,NVIDIA A100 80GB PCIe (0),1,7,sm80_xmma_fprop_implicit_gemm_indexed_tf32f32_tf32f32_f32_nhwckrsc_nchw_tilesize64x32x64_stage5_warpsize2x2x1_g1_tensor16x8x8_alignc4_execute_kernel_cudnn_infer
73735537,8992,15944,294,33,1,128,1,1,32,0.000,0.000,,,,,NVIDIA A100 80GB PCIe (0),1,7,"void at::native::<unnamed>::CatArrayBatchedCopy_aligned16_contig<float, unsigned int, (int)4, (int)128, (int)1>(T1 *, at::native::<unnamed>::CatArrInputTensorMetadata<T1, T2, T4, T5>, at::native::<unnamed>::TensorSizeStride<T2, (unsigned int)4>, int, T2)"
73772401,6912,15983,1920,2,1,64,1,1,19,0.000,0.000,,,,,NVIDIA A100 80GB PCIe (0),1,7,"void cudnn::bn_fw_inf_1C11_kernel_NCHW<float, float, (bool)1, (int)1>(T2, T2, cudnnTensorStruct, const T1 *, cudnnTensorStruct, T1 *, cudnnTensorStruct, const T2 *, const T2 *, const T2 *, const T2 *, T2)"
73784720,3809,15990,1470,1,1,128,1,1,17,0.000,0.000,,,,,NVIDIA A100 80GB PCIe (0),1,7,"void at::native::vectorized_elementwise_kernel<(int)4, at::native::<unnamed>::launch_clamp_scalar(at::TensorIteratorBase &, c10::Scalar, c10::Scalar, at::native::detail::ClampLimits)::[lambda() (instance 1)]::operator ()() const::[lambda() (instance 7)]::operator ()() const::[lambda(float) (instance 1)], at::detail::Array<char *, (int)2>>(int, T2, T3)"
73817905,33664,16012,12,1,2,128,1,1,90,0.000,0.049,,,,,NVIDIA A100 80GB PCIe (0),1,7,void cutlass::Kernel<cutlass_80_tensorop_s1688gemm_64x64_16x6_nn_align4>(T1::Params)
73857297,3968,16053,192,2,1,64,1,1,19,0.000,0.000,,,,,NVIDIA A100 80GB PCIe (0),1,7,"void cudnn::bn_fw_inf_1C11_kernel_NCHW<float, float, (bool)1, (int)1>(T2, T2, cudnnTensorStruct, const T1 *, cudnnTensorStruct, T1 *, cudnnTensorStruct, const T2 *, const T2 *, const T2 *, const T2 *, T2)"
73870417,2368,16060,147,1,1,128,1,1,17,0.000,0.000,,,,,NVIDIA A100 80GB PCIe (0),1,7,"void at::native::vectorized_elementwise_kernel<(int)4, at::native::<unnamed>::launch_clamp_scalar(at::TensorIteratorBase &, c10::Scalar, c10::Scalar, at::native::detail::ClampLimits)::[lambda() (instance 1)]::operator ()() const::[lambda() (instance 7)]::operator ()() const::[lambda(float) (instance 1)], at::detail::Array<char *, (int)2>>(int, T2, T3)"
73896881,3008,16080,7,6,2,256,1,1,32,0.004,0.000,,,,,NVIDIA A100 80GB PCIe (0),1,7,"void cudnn::ops::nchwToNhwcKernel<float, float, float, (bool)0, (bool)1, (cudnnKernelDataType_t)2>(cudnn::ops::nchw2nhwc_params_t<T3>, const T1 *, T2 *)"
73901073,3776,16082,1,6,48,256,1,1,32,0.004,0.000,,,,,NVIDIA A100 80GB PCIe (0),1,7,"void cudnn::ops::nchwToNhwcKernel<float, float, float, (bool)0, (bool)1, (cudnnKernelDataType_t)2>(cudnn::ops::nchw2nhwc_params_t<T3>, const T1 *, T2 *)"
73906609,1088,16084,,,,,,,,,,0.000,102.941,Device,,NVIDIA A100 80GB PCIe (0),1,7,[CUDA memset]
73910225,13792,16087,2,7,3,128,1,1,117,0.000,0.124,,,,,NVIDIA A100 80GB PCIe (0),1,7,sm80_xmma_fprop_implicit_gemm_indexed_tf32f32_tf32f32_f32_nhwckrsc_nchw_tilesize64x32x64_stage5_warpsize2x2x1_g1_tensor16x8x8_alignc4_execute_kernel_cudnn_infer
73946737,9248,16100,294,34,1,128,1,1,32,0.000,0.000,,,,,NVIDIA A100 80GB PCIe (0),1,7,"void at::native::<unnamed>::CatArrayBatchedCopy_aligned16_contig<float, unsigned int, (int)4, (int)128, (int)1>(T1 *, at::native::<unnamed>::CatArrInputTensorMetadata<T1, T2, T4, T5>, at::native::<unnamed>::TensorSizeStride<T2, (unsigned int)4>, int, T2)"
73982449,7936,16139,1968,2,1,64,1,1,19,0.000,0.000,,,,,NVIDIA A100 80GB PCIe (0),1,7,"void cudnn::bn_fw_inf_1C11_kernel_NCHW<float, float, (bool)1, (int)1>(T2, T2, cudnnTensorStruct, const T1 *, cudnnTensorStruct, T1 *, cudnnTensorStruct, const T2 *, const T2 *, const T2 *, const T2 *, T2)"
73994865,3712,16146,1507,1,1,128,1,1,17,0.000,0.000,,,,,NVIDIA A100 80GB PCIe (0),1,7,"void at::native::vectorized_elementwise_kernel<(int)4, at::native::<unnamed>::launch_clamp_scalar(at::TensorIteratorBase &, c10::Scalar, c10::Scalar, at::native::detail::ClampLimits)::[lambda() (instance 1)]::operator ()() const::[lambda() (instance 7)]::operator ()() const::[lambda(float) (instance 1)], at::detail::Array<char *, (int)2>>(int, T2, T3)"
74034641,34177,16168,12,1,2,128,1,1,90,0.000,0.049,,,,,NVIDIA A100 80GB PCIe (0),1,7,void cutlass::Kernel<cutlass_80_tensorop_s1688gemm_64x64_16x6_nn_align4>(T1::Params)
74076850,3936,16209,192,2,1,64,1,1,19,0.000,0.000,,,,,NVIDIA A100 80GB PCIe (0),1,7,"void cudnn::bn_fw_inf_1C11_kernel_NCHW<float, float, (bool)1, (int)1>(T2, T2, cudnnTensorStruct, const T1 *, cudnnTensorStruct, T1 *, cudnnTensorStruct, const T2 *, const T2 *, const T2 *, const T2 *, T2)"
74089426,2368,16216,147,1,1,128,1,1,17,0.000,0.000,,,,,NVIDIA A100 80GB PCIe (0),1,7,"void at::native::vectorized_elementwise_kernel<(int)4, at::native::<unnamed>::launch_clamp_scalar(at::TensorIteratorBase &, c10::Scalar, c10::Scalar, at::native::detail::ClampLimits)::[lambda() (instance 1)]::operator ()() const::[lambda() (instance 7)]::operator ()() const::[lambda(float) (instance 1)], at::detail::Array<char *, (int)2>>(int, T2, T3)"
74116850,3008,16236,7,6,2,256,1,1,32,0.004,0.000,,,,,NVIDIA A100 80GB PCIe (0),1,7,"void cudnn::ops::nchwToNhwcKernel<float, float, float, (bool)0, (bool)1, (cudnnKernelDataType_t)2>(cudnn::ops::nchw2nhwc_params_t<T3>, const T1 *, T2 *)"
74121106,3712,16238,1,6,48,256,1,1,32,0.004,0.000,,,,,NVIDIA A100 80GB PCIe (0),1,7,"void cudnn::ops::nchwToNhwcKernel<float, float, float, (bool)0, (bool)1, (cudnnKernelDataType_t)2>(cudnn::ops::nchw2nhwc_params_t<T3>, const T1 *, T2 *)"
74127762,1024,16240,,,,,,,,,,0.000,109.375,Device,,NVIDIA A100 80GB PCIe (0),1,7,[CUDA memset]
74131282,14048,16243,2,7,3,128,1,1,117,0.000,0.124,,,,,NVIDIA A100 80GB PCIe (0),1,7,sm80_xmma_fprop_implicit_gemm_indexed_tf32f32_tf32f32_f32_nhwckrsc_nchw_tilesize64x32x64_stage5_warpsize2x2x1_g1_tensor16x8x8_alignc4_execute_kernel_cudnn_infer
74168498,9472,16256,294,35,1,128,1,1,32,0.000,0.000,,,,,NVIDIA A100 80GB PCIe (0),1,7,"void at::native::<unnamed>::CatArrayBatchedCopy_aligned16_contig<float, unsigned int, (int)4, (int)128, (int)1>(T1 *, at::native::<unnamed>::CatArrInputTensorMetadata<T1, T2, T4, T5>, at::native::<unnamed>::TensorSizeStride<T2, (unsigned int)4>, int, T2)"
74204562,7840,16295,2016,2,1,64,1,1,19,0.000,0.000,,,,,NVIDIA A100 80GB PCIe (0),1,7,"void cudnn::bn_fw_inf_1C11_kernel_NCHW<float, float, (bool)1, (int)1>(T2, T2, cudnnTensorStruct, const T1 *, cudnnTensorStruct, T1 *, cudnnTensorStruct, const T2 *, const T2 *, const T2 *, const T2 *, T2)"
74216594,3744,16302,1544,1,1,128,1,1,17,0.000,0.000,,,,,NVIDIA A100 80GB PCIe (0),1,7,"void at::native::vectorized_elementwise_kernel<(int)4, at::native::<unnamed>::launch_clamp_scalar(at::TensorIteratorBase &, c10::Scalar, c10::Scalar, at::native::detail::ClampLimits)::[lambda() (instance 1)]::operator ()() const::[lambda() (instance 7)]::operator ()() const::[lambda(float) (instance 1)], at::detail::Array<char *, (int)2>>(int, T2, T3)"
74252082,35168,16324,12,1,2,128,1,1,90,0.000,0.049,,,,,NVIDIA A100 80GB PCIe (0),1,7,void cutlass::Kernel<cutlass_80_tensorop_s1688gemm_64x64_16x6_nn_align4>(T1::Params)
74291602,3936,16365,192,2,1,64,1,1,19,0.000,0.000,,,,,NVIDIA A100 80GB PCIe (0),1,7,"void cudnn::bn_fw_inf_1C11_kernel_NCHW<float, float, (bool)1, (int)1>(T2, T2, cudnnTensorStruct, const T1 *, cudnnTensorStruct, T1 *, cudnnTensorStruct, const T2 *, const T2 *, const T2 *, const T2 *, T2)"
74303826,2369,16372,147,1,1,128,1,1,17,0.000,0.000,,,,,NVIDIA A100 80GB PCIe (0),1,7,"void at::native::vectorized_elementwise_kernel<(int)4, at::native::<unnamed>::launch_clamp_scalar(at::TensorIteratorBase &, c10::Scalar, c10::Scalar, at::native::detail::ClampLimits)::[lambda() (instance 1)]::operator ()() const::[lambda() (instance 7)]::operator ()() const::[lambda(float) (instance 1)], at::detail::Array<char *, (int)2>>(int, T2, T3)"
74329970,3008,16392,7,6,2,256,1,1,32,0.004,0.000,,,,,NVIDIA A100 80GB PCIe (0),1,7,"void cudnn::ops::nchwToNhwcKernel<float, float, float, (bool)0, (bool)1, (cudnnKernelDataType_t)2>(cudnn::ops::nchw2nhwc_params_t<T3>, const T1 *, T2 *)"
74334227,3680,16394,1,6,48,256,1,1,32,0.004,0.000,,,,,NVIDIA A100 80GB PCIe (0),1,7,"void cudnn::ops::nchwToNhwcKernel<float, float, float, (bool)0, (bool)1, (cudnnKernelDataType_t)2>(cudnn::ops::nchw2nhwc_params_t<T3>, const T1 *, T2 *)"
74339859,1024,16396,,,,,,,,,,0.000,109.375,Device,,NVIDIA A100 80GB PCIe (0),1,7,[CUDA memset]
74343667,14528,16399,2,7,3,128,1,1,117,0.000,0.124,,,,,NVIDIA A100 80GB PCIe (0),1,7,sm80_xmma_fprop_implicit_gemm_indexed_tf32f32_tf32f32_f32_nhwckrsc_nchw_tilesize64x32x64_stage5_warpsize2x2x1_g1_tensor16x8x8_alignc4_execute_kernel_cudnn_infer
74380403,9664,16412,294,36,1,128,1,1,32,0.000,0.000,,,,,NVIDIA A100 80GB PCIe (0),1,7,"void at::native::<unnamed>::CatArrayBatchedCopy_aligned16_contig<float, unsigned int, (int)4, (int)128, (int)1>(T1 *, at::native::<unnamed>::CatArrInputTensorMetadata<T1, T2, T4, T5>, at::native::<unnamed>::TensorSizeStride<T2, (unsigned int)4>, int, T2)"
74416211,7872,16451,2064,2,1,64,1,1,19,0.000,0.000,,,,,NVIDIA A100 80GB PCIe (0),1,7,"void cudnn::bn_fw_inf_1C11_kernel_NCHW<float, float, (bool)1, (int)1>(T2, T2, cudnnTensorStruct, const T1 *, cudnnTensorStruct, T1 *, cudnnTensorStruct, const T2 *, const T2 *, const T2 *, const T2 *, T2)"
74427923,3872,16458,1581,1,1,128,1,1,17,0.000,0.000,,,,,NVIDIA A100 80GB PCIe (0),1,7,"void at::native::vectorized_elementwise_kernel<(int)4, at::native::<unnamed>::launch_clamp_scalar(at::TensorIteratorBase &, c10::Scalar, c10::Scalar, at::native::detail::ClampLimits)::[lambda() (instance 1)]::operator ()() const::[lambda() (instance 7)]::operator ()() const::[lambda(float) (instance 1)], at::detail::Array<char *, (int)2>>(int, T2, T3)"
74461011,35776,16480,12,1,2,128,1,1,90,0.000,0.049,,,,,NVIDIA A100 80GB PCIe (0),1,7,void cutlass::Kernel<cutlass_80_tensorop_s1688gemm_64x64_16x6_nn_align4>(T1::Params)
74499507,3968,16521,192,2,1,64,1,1,19,0.000,0.000,,,,,NVIDIA A100 80GB PCIe (0),1,7,"void cudnn::bn_fw_inf_1C11_kernel_NCHW<float, float, (bool)1, (int)1>(T2, T2, cudnnTensorStruct, const T1 *, cudnnTensorStruct, T1 *, cudnnTensorStruct, const T2 *, const T2 *, const T2 *, const T2 *, T2)"
74510835,2368,16528,147,1,1,128,1,1,17,0.000,0.000,,,,,NVIDIA A100 80GB PCIe (0),1,7,"void at::native::vectorized_elementwise_kernel<(int)4, at::native::<unnamed>::launch_clamp_scalar(at::TensorIteratorBase &, c10::Scalar, c10::Scalar, at::native::detail::ClampLimits)::[lambda() (instance 1)]::operator ()() const::[lambda() (instance 7)]::operator ()() const::[lambda(float) (instance 1)], at::detail::Array<char *, (int)2>>(int, T2, T3)"
74537331,3040,16548,7,6,2,256,1,1,32,0.004,0.000,,,,,NVIDIA A100 80GB PCIe (0),1,7,"void cudnn::ops::nchwToNhwcKernel<float, float, float, (bool)0, (bool)1, (cudnnKernelDataType_t)2>(cudnn::ops::nchw2nhwc_params_t<T3>, const T1 *, T2 *)"
74541619,3616,16550,1,6,48,256,1,1,32,0.004,0.000,,,,,NVIDIA A100 80GB PCIe (0),1,7,"void cudnn::ops::nchwToNhwcKernel<float, float, float, (bool)0, (bool)1, (cudnnKernelDataType_t)2>(cudnn::ops::nchw2nhwc_params_t<T3>, const T1 *, T2 *)"
74546803,992,16552,,,,,,,,,,0.000,112.903,Device,,NVIDIA A100 80GB PCIe (0),1,7,[CUDA memset]
74550451,14016,16555,2,7,3,128,1,1,117,0.000,0.124,,,,,NVIDIA A100 80GB PCIe (0),1,7,sm80_xmma_fprop_implicit_gemm_indexed_tf32f32_tf32f32_f32_nhwckrsc_nchw_tilesize64x32x64_stage5_warpsize2x2x1_g1_tensor16x8x8_alignc4_execute_kernel_cudnn_infer
74585587,9952,16568,294,37,1,128,1,1,32,0.000,0.000,,,,,NVIDIA A100 80GB PCIe (0),1,7,"void at::native::<unnamed>::CatArrayBatchedCopy_aligned16_contig<float, unsigned int, (int)4, (int)128, (int)1>(T1 *, at::native::<unnamed>::CatArrInputTensorMetadata<T1, T2, T4, T5>, at::native::<unnamed>::TensorSizeStride<T2, (unsigned int)4>, int, T2)"
74647924,8032,16607,2112,2,1,64,1,1,19,0.000,0.000,,,,,NVIDIA A100 80GB PCIe (0),1,7,"void cudnn::bn_fw_inf_1C11_kernel_NCHW<float, float, (bool)1, (int)1>(T2, T2, cudnnTensorStruct, const T1 *, cudnnTensorStruct, T1 *, cudnnTensorStruct, const T2 *, const T2 *, const T2 *, const T2 *, T2)"
74660980,3808,16614,1617,1,1,128,1,1,17,0.000,0.000,,,,,NVIDIA A100 80GB PCIe (0),1,7,"void at::native::vectorized_elementwise_kernel<(int)4, at::native::<unnamed>::launch_clamp_scalar(at::TensorIteratorBase &, c10::Scalar, c10::Scalar, at::native::detail::ClampLimits)::[lambda() (instance 1)]::operator ()() const::[lambda() (instance 7)]::operator ()() const::[lambda(float) (instance 1)], at::detail::Array<char *, (int)2>>(int, T2, T3)"
74696788,54784,16636,68,1,2,128,1,1,90,0.000,0.049,,,,,NVIDIA A100 80GB PCIe (0),1,7,void cutlass::Kernel<cutlass_80_tensorop_s1688gemm_64x64_16x6_nn_align4>(T1::Params)
74752724,4512,16649,102,1,1,1024,1,1,40,0.000,0.000,,,,,NVIDIA A100 80GB PCIe (0),1,7,"void at::native::<unnamed>::avg_pool2d_out_cuda_frame<float, float>(int, const T1 *, long, long, long, long, int, int, int, int, int, int, int, T1 *, int, bool, bool)"
74758260,2400,16659,,,,,,,,,,0.414,172479.724,Device,Device,NVIDIA A100 80GB PCIe (0),1,7,[CUDA memcpy Device-to-Device]
74786868,4672,16700,1056,2,1,64,1,1,19,0.000,0.000,,,,,NVIDIA A100 80GB PCIe (0),1,7,"void cudnn::bn_fw_inf_1C11_kernel_NCHW<float, float, (bool)1, (int)1>(T2, T2, cudnnTensorStruct, const T1 *, cudnnTensorStruct, T1 *, cudnnTensorStruct, const T2 *, const T2 *, const T2 *, const T2 *, T2)"
74799700,2432,16707,203,1,1,128,1,1,17,0.000,0.000,,,,,NVIDIA A100 80GB PCIe (0),1,7,"void at::native::vectorized_elementwise_kernel<(int)4, at::native::<unnamed>::launch_clamp_scalar(at::TensorIteratorBase &, c10::Scalar, c10::Scalar, at::native::detail::ClampLimits)::[lambda() (instance 1)]::operator ()() const::[lambda() (instance 7)]::operator ()() const::[lambda(float) (instance 1)], at::detail::Array<char *, (int)2>>(int, T2, T3)"
74832276,2976,16727,2,33,2,256,1,1,32,0.004,0.000,,,,,NVIDIA A100 80GB PCIe (0),1,7,"void cudnn::ops::nchwToNhwcKernel<float, float, float, (bool)0, (bool)1, (cudnnKernelDataType_t)2>(cudnn::ops::nchw2nhwc_params_t<T3>, const T1 *, T2 *)"
74837204,15136,16729,1,33,192,256,1,1,32,0.004,0.000,,,,,NVIDIA A100 80GB PCIe (0),1,7,"void cudnn::ops::nchwToNhwcKernel<float, float, float, (bool)0, (bool)1, (cudnnKernelDataType_t)2>(cudnn::ops::nchw2nhwc_params_t<T3>, const T1 *, T2 *)"
74853396,13152,16733,6,2,1,128,1,1,120,0.000,0.123,,,,,NVIDIA A100 80GB PCIe (0),1,7,sm80_xmma_fprop_implicit_gemm_tf32f32_tf32f32_f32_nhwckrsc_nchw_tilesize64x32x64_stage5_warpsize2x2x1_g1_tensor16x8x8_alignc4_execute_kernel_cudnn_infer
74887029,3231,16774,192,2,1,64,1,1,19,0.000,0.000,,,,,NVIDIA A100 80GB PCIe (0),1,7,"void cudnn::bn_fw_inf_1C11_kernel_NCHW<float, float, (bool)1, (int)1>(T2, T2, cudnnTensorStruct, const T1 *, cudnnTensorStruct, T1 *, cudnnTensorStruct, const T2 *, const T2 *, const T2 *, const T2 *, T2)"
74898997,2111,16781,37,1,1,128,1,1,17,0.000,0.000,,,,,NVIDIA A100 80GB PCIe (0),1,7,"void at::native::vectorized_elementwise_kernel<(int)4, at::native::<unnamed>::launch_clamp_scalar(at::TensorIteratorBase &, c10::Scalar, c10::Scalar, at::native::detail::ClampLimits)::[lambda() (instance 1)]::operator ()() const::[lambda() (instance 7)]::operator ()() const::[lambda(float) (instance 1)], at::detail::Array<char *, (int)2>>(int, T2, T3)"
74926901,2592,16801,2,6,2,256,1,1,32,0.004,0.000,,,,,NVIDIA A100 80GB PCIe (0),1,7,"void cudnn::ops::nchwToNhwcKernel<float, float, float, (bool)0, (bool)1, (cudnnKernelDataType_t)2>(cudnn::ops::nchw2nhwc_params_t<T3>, const T1 *, T2 *)"
74930996,3776,16803,1,6,48,256,1,1,32,0.004,0.000,,,,,NVIDIA A100 80GB PCIe (0),1,7,"void cudnn::ops::nchwToNhwcKernel<float, float, float, (bool)0, (bool)1, (cudnnKernelDataType_t)2>(cudnn::ops::nchw2nhwc_params_t<T3>, const T1 *, T2 *)"
74936437,16864,16807,2,2,1,128,1,1,120,0.000,0.123,,,,,NVIDIA A100 80GB PCIe (0),1,7,sm80_xmma_fprop_implicit_gemm_tf32f32_tf32f32_f32_nhwckrsc_nchw_tilesize64x32x64_stage5_warpsize2x2x1_g1_tensor16x8x8_alignc4_execute_kernel_cudnn_infer
74960277,3648,16820,203,2,1,128,1,1,32,0.000,0.000,,,,,NVIDIA A100 80GB PCIe (0),1,7,"void at::native::<unnamed>::CatArrayBatchedCopy_aligned16_contig<float, unsigned int, (int)4, (int)128, (int)1>(T1 *, at::native::<unnamed>::CatArrInputTensorMetadata<T1, T2, T4, T5>, at::native::<unnamed>::TensorSizeStride<T2, (unsigned int)4>, int, T2)"
74995701,4704,16859,1104,2,1,64,1,1,19,0.000,0.000,,,,,NVIDIA A100 80GB PCIe (0),1,7,"void cudnn::bn_fw_inf_1C11_kernel_NCHW<float, float, (bool)1, (int)1>(T2, T2, cudnnTensorStruct, const T1 *, cudnnTensorStruct, T1 *, cudnnTensorStruct, const T2 *, const T2 *, const T2 *, const T2 *, T2)"
75007765,2464,16866,212,1,1,128,1,1,17,0.000,0.000,,,,,NVIDIA A100 80GB PCIe (0),1,7,"void at::native::vectorized_elementwise_kernel<(int)4, at::native::<unnamed>::launch_clamp_scalar(at::TensorIteratorBase &, c10::Scalar, c10::Scalar, at::native::detail::ClampLimits)::[lambda() (instance 1)]::operator ()() const::[lambda() (instance 7)]::operator ()() const::[lambda(float) (instance 1)], at::detail::Array<char *, (int)2>>(int, T2, T3)"
75036085,2912,16886,2,35,2,256,1,1,32,0.004,0.000,,,,,NVIDIA A100 80GB PCIe (0),1,7,"void cudnn::ops::nchwToNhwcKernel<float, float, float, (bool)0, (bool)1, (cudnnKernelDataType_t)2>(cudnn::ops::nchw2nhwc_params_t<T3>, const T1 *, T2 *)"
75040085,15456,16888,1,35,192,256,1,1,32,0.004,0.000,,,,,NVIDIA A100 80GB PCIe (0),1,7,"void cudnn::ops::nchwToNhwcKernel<float, float, float, (bool)0, (bool)1, (cudnnKernelDataType_t)2>(cudnn::ops::nchw2nhwc_params_t<T3>, const T1 *, T2 *)"
75056693,13248,16892,6,2,1,128,1,1,120,0.000,0.123,,,,,NVIDIA A100 80GB PCIe (0),1,7,sm80_xmma_fprop_implicit_gemm_tf32f32_tf32f32_f32_nhwckrsc_nchw_tilesize64x32x64_stage5_warpsize2x2x1_g1_tensor16x8x8_alignc4_execute_kernel_cudnn_infer
75085493,3136,16933,192,2,1,64,1,1,19,0.000,0.000,,,,,NVIDIA A100 80GB PCIe (0),1,7,"void cudnn::bn_fw_inf_1C11_kernel_NCHW<float, float, (bool)1, (int)1>(T2, T2, cudnnTensorStruct, const T1 *, cudnnTensorStruct, T1 *, cudnnTensorStruct, const T2 *, const T2 *, const T2 *, const T2 *, T2)"
75097109,2112,16940,37,1,1,128,1,1,17,0.000,0.000,,,,,NVIDIA A100 80GB PCIe (0),1,7,"void at::native::vectorized_elementwise_kernel<(int)4, at::native::<unnamed>::launch_clamp_scalar(at::TensorIteratorBase &, c10::Scalar, c10::Scalar, at::native::detail::ClampLimits)::[lambda() (instance 1)]::operator ()() const::[lambda() (instance 7)]::operator ()() const::[lambda(float) (instance 1)], at::detail::Array<char *, (int)2>>(int, T2, T3)"
75122325,2592,16960,2,6,2,256,1,1,32,0.004,0.000,,,,,NVIDIA A100 80GB PCIe (0),1,7,"void cudnn::ops::nchwToNhwcKernel<float, float, float, (bool)0, (bool)1, (cudnnKernelDataType_t)2>(cudnn::ops::nchw2nhwc_params_t<T3>, const T1 *, T2 *)"
75126133,3808,16962,1,6,48,256,1,1,32,0.004,0.000,,,,,NVIDIA A100 80GB PCIe (0),1,7,"void cudnn::ops::nchwToNhwcKernel<float, float, float, (bool)0, (bool)1, (cudnnKernelDataType_t)2>(cudnn::ops::nchw2nhwc_params_t<T3>, const T1 *, T2 *)"
75131829,16832,16966,2,2,1,128,1,1,120,0.000,0.123,,,,,NVIDIA A100 80GB PCIe (0),1,7,sm80_xmma_fprop_implicit_gemm_tf32f32_tf32f32_f32_nhwckrsc_nchw_tilesize64x32x64_stage5_warpsize2x2x1_g1_tensor16x8x8_alignc4_execute_kernel_cudnn_infer
75154229,3904,16979,203,3,1,128,1,1,32,0.000,0.000,,,,,NVIDIA A100 80GB PCIe (0),1,7,"void at::native::<unnamed>::CatArrayBatchedCopy_aligned16_contig<float, unsigned int, (int)4, (int)128, (int)1>(T1 *, at::native::<unnamed>::CatArrInputTensorMetadata<T1, T2, T4, T5>, at::native::<unnamed>::TensorSizeStride<T2, (unsigned int)4>, int, T2)"
75188118,4735,17018,1152,2,1,64,1,1,19,0.000,0.000,,,,,NVIDIA A100 80GB PCIe (0),1,7,"void cudnn::bn_fw_inf_1C11_kernel_NCHW<float, float, (bool)1, (int)1>(T2, T2, cudnnTensorStruct, const T1 *, cudnnTensorStruct, T1 *, cudnnTensorStruct, const T2 *, const T2 *, const T2 *, const T2 *, T2)"
75200182,2432,17025,221,1,1,128,1,1,17,0.000,0.000,,,,,NVIDIA A100 80GB PCIe (0),1,7,"void at::native::vectorized_elementwise_kernel<(int)4, at::native::<unnamed>::launch_clamp_scalar(at::TensorIteratorBase &, c10::Scalar, c10::Scalar, at::native::detail::ClampLimits)::[lambda() (instance 1)]::operator ()() const::[lambda() (instance 7)]::operator ()() const::[lambda(float) (instance 1)], at::detail::Array<char *, (int)2>>(int, T2, T3)"
75227733,3168,17045,2,36,2,256,1,1,32,0.004,0.000,,,,,NVIDIA A100 80GB PCIe (0),1,7,"void cudnn::ops::nchwToNhwcKernel<float, float, float, (bool)0, (bool)1, (cudnnKernelDataType_t)2>(cudnn::ops::nchw2nhwc_params_t<T3>, const T1 *, T2 *)"
75231958,15872,17047,1,36,192,256,1,1,32,0.004,0.000,,,,,NVIDIA A100 80GB PCIe (0),1,7,"void cudnn::ops::nchwToNhwcKernel<float, float, float, (bool)0, (bool)1, (cudnnKernelDataType_t)2>(cudnn::ops::nchw2nhwc_params_t<T3>, const T1 *, T2 *)"
75248822,13024,17051,6,2,1,128,1,1,120,0.000,0.123,,,,,NVIDIA A100 80GB PCIe (0),1,7,sm80_xmma_fprop_implicit_gemm_tf32f32_tf32f32_f32_nhwckrsc_nchw_tilesize64x32x64_stage5_warpsize2x2x1_g1_tensor16x8x8_alignc4_execute_kernel_cudnn_infer
75276214,3200,17092,192,2,1,64,1,1,19,0.000,0.000,,,,,NVIDIA A100 80GB PCIe (0),1,7,"void cudnn::bn_fw_inf_1C11_kernel_NCHW<float, float, (bool)1, (int)1>(T2, T2, cudnnTensorStruct, const T1 *, cudnnTensorStruct, T1 *, cudnnTensorStruct, const T2 *, const T2 *, const T2 *, const T2 *, T2)"
75287606,2112,17099,37,1,1,128,1,1,17,0.000,0.000,,,,,NVIDIA A100 80GB PCIe (0),1,7,"void at::native::vectorized_elementwise_kernel<(int)4, at::native::<unnamed>::launch_clamp_scalar(at::TensorIteratorBase &, c10::Scalar, c10::Scalar, at::native::detail::ClampLimits)::[lambda() (instance 1)]::operator ()() const::[lambda() (instance 7)]::operator ()() const::[lambda(float) (instance 1)], at::detail::Array<char *, (int)2>>(int, T2, T3)"
75312662,2592,17119,2,6,2,256,1,1,32,0.004,0.000,,,,,NVIDIA A100 80GB PCIe (0),1,7,"void cudnn::ops::nchwToNhwcKernel<float, float, float, (bool)0, (bool)1, (cudnnKernelDataType_t)2>(cudnn::ops::nchw2nhwc_params_t<T3>, const T1 *, T2 *)"
75317078,3744,17121,1,6,48,256,1,1,32,0.004,0.000,,,,,NVIDIA A100 80GB PCIe (0),1,7,"void cudnn::ops::nchwToNhwcKernel<float, float, float, (bool)0, (bool)1, (cudnnKernelDataType_t)2>(cudnn::ops::nchw2nhwc_params_t<T3>, const T1 *, T2 *)"
75322070,16768,17125,2,2,1,128,1,1,120,0.000,0.123,,,,,NVIDIA A100 80GB PCIe (0),1,7,sm80_xmma_fprop_implicit_gemm_tf32f32_tf32f32_f32_nhwckrsc_nchw_tilesize64x32x64_stage5_warpsize2x2x1_g1_tensor16x8x8_alignc4_execute_kernel_cudnn_infer
75343766,4128,17138,203,4,1,128,1,1,32,0.000,0.000,,,,,NVIDIA A100 80GB PCIe (0),1,7,"void at::native::<unnamed>::CatArrayBatchedCopy_aligned16_contig<float, unsigned int, (int)4, (int)128, (int)1>(T1 *, at::native::<unnamed>::CatArrInputTensorMetadata<T1, T2, T4, T5>, at::native::<unnamed>::TensorSizeStride<T2, (unsigned int)4>, int, T2)"
75378166,4768,17177,1200,2,1,64,1,1,19,0.000,0.000,,,,,NVIDIA A100 80GB PCIe (0),1,7,"void cudnn::bn_fw_inf_1C11_kernel_NCHW<float, float, (bool)1, (int)1>(T2, T2, cudnnTensorStruct, const T1 *, cudnnTensorStruct, T1 *, cudnnTensorStruct, const T2 *, const T2 *, const T2 *, const T2 *, T2)"
75389878,2400,17184,230,1,1,128,1,1,17,0.000,0.000,,,,,NVIDIA A100 80GB PCIe (0),1,7,"void at::native::vectorized_elementwise_kernel<(int)4, at::native::<unnamed>::launch_clamp_scalar(at::TensorIteratorBase &, c10::Scalar, c10::Scalar, at::native::detail::ClampLimits)::[lambda() (instance 1)]::operator ()() const::[lambda() (instance 7)]::operator ()() const::[lambda(float) (instance 1)], at::detail::Array<char *, (int)2>>(int, T2, T3)"
75417718,2880,17204,2,38,2,256,1,1,32,0.004,0.000,,,,,NVIDIA A100 80GB PCIe (0),1,7,"void cudnn::ops::nchwToNhwcKernel<float, float, float, (bool)0, (bool)1, (cudnnKernelDataType_t)2>(cudnn::ops::nchw2nhwc_params_t<T3>, const T1 *, T2 *)"
75421686,16640,17206,1,38,192,256,1,1,32,0.004,0.000,,,,,NVIDIA A100 80GB PCIe (0),1,7,"void cudnn::ops::nchwToNhwcKernel<float, float, float, (bool)0, (bool)1, (cudnnKernelDataType_t)2>(cudnn::ops::nchw2nhwc_params_t<T3>, const T1 *, T2 *)"
75439446,13697,17210,6,2,1,128,1,1,120,0.000,0.123,,,,,NVIDIA A100 80GB PCIe (0),1,7,sm80_xmma_fprop_implicit_gemm_tf32f32_tf32f32_f32_nhwckrsc_nchw_tilesize64x32x64_stage5_warpsize2x2x1_g1_tensor16x8x8_alignc4_execute_kernel_cudnn_infer
75465078,3136,17251,192,2,1,64,1,1,19,0.000,0.000,,,,,NVIDIA A100 80GB PCIe (0),1,7,"void cudnn::bn_fw_inf_1C11_kernel_NCHW<float, float, (bool)1, (int)1>(T2, T2, cudnnTensorStruct, const T1 *, cudnnTensorStruct, T1 *, cudnnTensorStruct, const T2 *, const T2 *, const T2 *, const T2 *, T2)"
75476663,2111,17258,37,1,1,128,1,1,17,0.000,0.000,,,,,NVIDIA A100 80GB PCIe (0),1,7,"void at::native::vectorized_elementwise_kernel<(int)4, at::native::<unnamed>::launch_clamp_scalar(at::TensorIteratorBase &, c10::Scalar, c10::Scalar, at::native::detail::ClampLimits)::[lambda() (instance 1)]::operator ()() const::[lambda() (instance 7)]::operator ()() const::[lambda(float) (instance 1)], at::detail::Array<char *, (int)2>>(int, T2, T3)"
75501751,2528,17278,2,6,2,256,1,1,32,0.004,0.000,,,,,NVIDIA A100 80GB PCIe (0),1,7,"void cudnn::ops::nchwToNhwcKernel<float, float, float, (bool)0, (bool)1, (cudnnKernelDataType_t)2>(cudnn::ops::nchw2nhwc_params_t<T3>, const T1 *, T2 *)"
75506134,3744,17280,1,6,48,256,1,1,32,0.004,0.000,,,,,NVIDIA A100 80GB PCIe (0),1,7,"void cudnn::ops::nchwToNhwcKernel<float, float, float, (bool)0, (bool)1, (cudnnKernelDataType_t)2>(cudnn::ops::nchw2nhwc_params_t<T3>, const T1 *, T2 *)"
75510871,16896,17284,2,2,1,128,1,1,120,0.000,0.123,,,,,NVIDIA A100 80GB PCIe (0),1,7,sm80_xmma_fprop_implicit_gemm_tf32f32_tf32f32_f32_nhwckrsc_nchw_tilesize64x32x64_stage5_warpsize2x2x1_g1_tensor16x8x8_alignc4_execute_kernel_cudnn_infer
75533655,4256,17297,203,5,1,128,1,1,32,0.000,0.000,,,,,NVIDIA A100 80GB PCIe (0),1,7,"void at::native::<unnamed>::CatArrayBatchedCopy_aligned16_contig<float, unsigned int, (int)4, (int)128, (int)1>(T1 *, at::native::<unnamed>::CatArrInputTensorMetadata<T1, T2, T4, T5>, at::native::<unnamed>::TensorSizeStride<T2, (unsigned int)4>, int, T2)"
75566903,5056,17336,1248,2,1,64,1,1,19,0.000,0.000,,,,,NVIDIA A100 80GB PCIe (0),1,7,"void cudnn::bn_fw_inf_1C11_kernel_NCHW<float, float, (bool)1, (int)1>(T2, T2, cudnnTensorStruct, const T1 *, cudnnTensorStruct, T1 *, cudnnTensorStruct, const T2 *, const T2 *, const T2 *, const T2 *, T2)"
75578423,2432,17343,239,1,1,128,1,1,17,0.000,0.000,,,,,NVIDIA A100 80GB PCIe (0),1,7,"void at::native::vectorized_elementwise_kernel<(int)4, at::native::<unnamed>::launch_clamp_scalar(at::TensorIteratorBase &, c10::Scalar, c10::Scalar, at::native::detail::ClampLimits)::[lambda() (instance 1)]::operator ()() const::[lambda() (instance 7)]::operator ()() const::[lambda(float) (instance 1)], at::detail::Array<char *, (int)2>>(int, T2, T3)"
75605431,3104,17363,2,39,2,256,1,1,32,0.004,0.000,,,,,NVIDIA A100 80GB PCIe (0),1,7,"void cudnn::ops::nchwToNhwcKernel<float, float, float, (bool)0, (bool)1, (cudnnKernelDataType_t)2>(cudnn::ops::nchw2nhwc_params_t<T3>, const T1 *, T2 *)"
75609655,17088,17365,1,39,192,256,1,1,32,0.004,0.000,,,,,NVIDIA A100 80GB PCIe (0),1,7,"void cudnn::ops::nchwToNhwcKernel<float, float, float, (bool)0, (bool)1, (cudnnKernelDataType_t)2>(cudnn::ops::nchw2nhwc_params_t<T3>, const T1 *, T2 *)"
75627799,13856,17369,6,2,1,128,1,1,120,0.000,0.123,,,,,NVIDIA A100 80GB PCIe (0),1,7,sm80_xmma_fprop_implicit_gemm_tf32f32_tf32f32_f32_nhwckrsc_nchw_tilesize64x32x64_stage5_warpsize2x2x1_g1_tensor16x8x8_alignc4_execute_kernel_cudnn_infer
75654583,3136,17410,192,2,1,64,1,1,19,0.000,0.000,,,,,NVIDIA A100 80GB PCIe (0),1,7,"void cudnn::bn_fw_inf_1C11_kernel_NCHW<float, float, (bool)1, (int)1>(T2, T2, cudnnTensorStruct, const T1 *, cudnnTensorStruct, T1 *, cudnnTensorStruct, const T2 *, const T2 *, const T2 *, const T2 *, T2)"
75666231,2080,17417,37,1,1,128,1,1,17,0.000,0.000,,,,,NVIDIA A100 80GB PCIe (0),1,7,"void at::native::vectorized_elementwise_kernel<(int)4, at::native::<unnamed>::launch_clamp_scalar(at::TensorIteratorBase &, c10::Scalar, c10::Scalar, at::native::detail::ClampLimits)::[lambda() (instance 1)]::operator ()() const::[lambda() (instance 7)]::operator ()() const::[lambda(float) (instance 1)], at::detail::Array<char *, (int)2>>(int, T2, T3)"
75691223,2528,17437,2,6,2,256,1,1,32,0.004,0.000,,,,,NVIDIA A100 80GB PCIe (0),1,7,"void cudnn::ops::nchwToNhwcKernel<float, float, float, (bool)0, (bool)1, (cudnnKernelDataType_t)2>(cudnn::ops::nchw2nhwc_params_t<T3>, const T1 *, T2 *)"
75694903,3744,17439,1,6,48,256,1,1,32,0.004,0.000,,,,,NVIDIA A100 80GB PCIe (0),1,7,"void cudnn::ops::nchwToNhwcKernel<float, float, float, (bool)0, (bool)1, (cudnnKernelDataType_t)2>(cudnn::ops::nchw2nhwc_params_t<T3>, const T1 *, T2 *)"
75700439,16896,17443,2,2,1,128,1,1,120,0.000,0.123,,,,,NVIDIA A100 80GB PCIe (0),1,7,sm80_xmma_fprop_implicit_gemm_tf32f32_tf32f32_f32_nhwckrsc_nchw_tilesize64x32x64_stage5_warpsize2x2x1_g1_tensor16x8x8_alignc4_execute_kernel_cudnn_infer
75723479,4192,17456,203,6,1,128,1,1,32,0.000,0.000,,,,,NVIDIA A100 80GB PCIe (0),1,7,"void at::native::<unnamed>::CatArrayBatchedCopy_aligned16_contig<float, unsigned int, (int)4, (int)128, (int)1>(T1 *, at::native::<unnamed>::CatArrInputTensorMetadata<T1, T2, T4, T5>, at::native::<unnamed>::TensorSizeStride<T2, (unsigned int)4>, int, T2)"
75757911,5217,17495,1296,2,1,64,1,1,19,0.000,0.000,,,,,NVIDIA A100 80GB PCIe (0),1,7,"void cudnn::bn_fw_inf_1C11_kernel_NCHW<float, float, (bool)1, (int)1>(T2, T2, cudnnTensorStruct, const T1 *, cudnnTensorStruct, T1 *, cudnnTensorStruct, const T2 *, const T2 *, const T2 *, const T2 *, T2)"
75769079,2433,17502,249,1,1,128,1,1,17,0.000,0.000,,,,,NVIDIA A100 80GB PCIe (0),1,7,"void at::native::vectorized_elementwise_kernel<(int)4, at::native::<unnamed>::launch_clamp_scalar(at::TensorIteratorBase &, c10::Scalar, c10::Scalar, at::native::detail::ClampLimits)::[lambda() (instance 1)]::operator ()() const::[lambda() (instance 7)]::operator ()() const::[lambda(float) (instance 1)], at::detail::Array<char *, (int)2>>(int, T2, T3)"
75796632,2880,17522,2,41,2,256,1,1,32,0.004,0.000,,,,,NVIDIA A100 80GB PCIe (0),1,7,"void cudnn::ops::nchwToNhwcKernel<float, float, float, (bool)0, (bool)1, (cudnnKernelDataType_t)2>(cudnn::ops::nchw2nhwc_params_t<T3>, const T1 *, T2 *)"
75800600,17760,17524,1,41,192,256,1,1,32,0.004,0.000,,,,,NVIDIA A100 80GB PCIe (0),1,7,"void cudnn::ops::nchwToNhwcKernel<float, float, float, (bool)0, (bool)1, (cudnnKernelDataType_t)2>(cudnn::ops::nchw2nhwc_params_t<T3>, const T1 *, T2 *)"
75819352,14496,17528,6,2,1,128,1,1,120,0.000,0.123,,,,,NVIDIA A100 80GB PCIe (0),1,7,sm80_xmma_fprop_implicit_gemm_tf32f32_tf32f32_f32_nhwckrsc_nchw_tilesize64x32x64_stage5_warpsize2x2x1_g1_tensor16x8x8_alignc4_execute_kernel_cudnn_infer
75845336,3168,17569,192,2,1,64,1,1,19,0.000,0.000,,,,,NVIDIA A100 80GB PCIe (0),1,7,"void cudnn::bn_fw_inf_1C11_kernel_NCHW<float, float, (bool)1, (int)1>(T2, T2, cudnnTensorStruct, const T1 *, cudnnTensorStruct, T1 *, cudnnTensorStruct, const T2 *, const T2 *, const T2 *, const T2 *, T2)"
75856984,2112,17576,37,1,1,128,1,1,17,0.000,0.000,,,,,NVIDIA A100 80GB PCIe (0),1,7,"void at::native::vectorized_elementwise_kernel<(int)4, at::native::<unnamed>::launch_clamp_scalar(at::TensorIteratorBase &, c10::Scalar, c10::Scalar, at::native::detail::ClampLimits)::[lambda() (instance 1)]::operator ()() const::[lambda() (instance 7)]::operator ()() const::[lambda(float) (instance 1)], at::detail::Array<char *, (int)2>>(int, T2, T3)"
75882552,2528,17596,2,6,2,256,1,1,32,0.004,0.000,,,,,NVIDIA A100 80GB PCIe (0),1,7,"void cudnn::ops::nchwToNhwcKernel<float, float, float, (bool)0, (bool)1, (cudnnKernelDataType_t)2>(cudnn::ops::nchw2nhwc_params_t<T3>, const T1 *, T2 *)"
75886264,3712,17598,1,6,48,256,1,1,32,0.004,0.000,,,,,NVIDIA A100 80GB PCIe (0),1,7,"void cudnn::ops::nchwToNhwcKernel<float, float, float, (bool)0, (bool)1, (cudnnKernelDataType_t)2>(cudnn::ops::nchw2nhwc_params_t<T3>, const T1 *, T2 *)"
75891448,16832,17602,2,2,1,128,1,1,120,0.000,0.123,,,,,NVIDIA A100 80GB PCIe (0),1,7,sm80_xmma_fprop_implicit_gemm_tf32f32_tf32f32_f32_nhwckrsc_nchw_tilesize64x32x64_stage5_warpsize2x2x1_g1_tensor16x8x8_alignc4_execute_kernel_cudnn_infer
75914712,4256,17615,203,7,1,128,1,1,32,0.000,0.000,,,,,NVIDIA A100 80GB PCIe (0),1,7,"void at::native::<unnamed>::CatArrayBatchedCopy_aligned16_contig<float, unsigned int, (int)4, (int)128, (int)1>(T1 *, at::native::<unnamed>::CatArrInputTensorMetadata<T1, T2, T4, T5>, at::native::<unnamed>::TensorSizeStride<T2, (unsigned int)4>, int, T2)"
75949208,5184,17654,1344,2,1,64,1,1,19,0.000,0.000,,,,,NVIDIA A100 80GB PCIe (0),1,7,"void cudnn::bn_fw_inf_1C11_kernel_NCHW<float, float, (bool)1, (int)1>(T2, T2, cudnnTensorStruct, const T1 *, cudnnTensorStruct, T1 *, cudnnTensorStruct, const T2 *, const T2 *, const T2 *, const T2 *, T2)"
75960600,2496,17661,258,1,1,128,1,1,17,0.000,0.000,,,,,NVIDIA A100 80GB PCIe (0),1,7,"void at::native::vectorized_elementwise_kernel<(int)4, at::native::<unnamed>::launch_clamp_scalar(at::TensorIteratorBase &, c10::Scalar, c10::Scalar, at::native::detail::ClampLimits)::[lambda() (instance 1)]::operator ()() const::[lambda() (instance 7)]::operator ()() const::[lambda(float) (instance 1)], at::detail::Array<char *, (int)2>>(int, T2, T3)"
75988184,2976,17681,2,42,2,256,1,1,32,0.004,0.000,,,,,NVIDIA A100 80GB PCIe (0),1,7,"void cudnn::ops::nchwToNhwcKernel<float, float, float, (bool)0, (bool)1, (cudnnKernelDataType_t)2>(cudnn::ops::nchw2nhwc_params_t<T3>, const T1 *, T2 *)"
75992216,17952,17683,1,42,192,256,1,1,32,0.004,0.000,,,,,NVIDIA A100 80GB PCIe (0),1,7,"void cudnn::ops::nchwToNhwcKernel<float, float, float, (bool)0, (bool)1, (cudnnKernelDataType_t)2>(cudnn::ops::nchw2nhwc_params_t<T3>, const T1 *, T2 *)"
76011192,14272,17687,6,2,1,128,1,1,120,0.000,0.123,,,,,NVIDIA A100 80GB PCIe (0),1,7,sm80_xmma_fprop_implicit_gemm_tf32f32_tf32f32_f32_nhwckrsc_nchw_tilesize64x32x64_stage5_warpsize2x2x1_g1_tensor16x8x8_alignc4_execute_kernel_cudnn_infer
76036473,3136,17728,192,2,1,64,1,1,19,0.000,0.000,,,,,NVIDIA A100 80GB PCIe (0),1,7,"void cudnn::bn_fw_inf_1C11_kernel_NCHW<float, float, (bool)1, (int)1>(T2, T2, cudnnTensorStruct, const T1 *, cudnnTensorStruct, T1 *, cudnnTensorStruct, const T2 *, const T2 *, const T2 *, const T2 *, T2)"
76047353,2079,17735,37,1,1,128,1,1,17,0.000,0.000,,,,,NVIDIA A100 80GB PCIe (0),1,7,"void at::native::vectorized_elementwise_kernel<(int)4, at::native::<unnamed>::launch_clamp_scalar(at::TensorIteratorBase &, c10::Scalar, c10::Scalar, at::native::detail::ClampLimits)::[lambda() (instance 1)]::operator ()() const::[lambda() (instance 7)]::operator ()() const::[lambda(float) (instance 1)], at::detail::Array<char *, (int)2>>(int, T2, T3)"
76072505,2528,17755,2,6,2,256,1,1,32,0.004,0.000,,,,,NVIDIA A100 80GB PCIe (0),1,7,"void cudnn::ops::nchwToNhwcKernel<float, float, float, (bool)0, (bool)1, (cudnnKernelDataType_t)2>(cudnn::ops::nchw2nhwc_params_t<T3>, const T1 *, T2 *)"
76076024,3681,17757,1,6,48,256,1,1,32,0.004,0.000,,,,,NVIDIA A100 80GB PCIe (0),1,7,"void cudnn::ops::nchwToNhwcKernel<float, float, float, (bool)0, (bool)1, (cudnnKernelDataType_t)2>(cudnn::ops::nchw2nhwc_params_t<T3>, const T1 *, T2 *)"
76081977,16864,17761,2,2,1,128,1,1,120,0.000,0.123,,,,,NVIDIA A100 80GB PCIe (0),1,7,sm80_xmma_fprop_implicit_gemm_tf32f32_tf32f32_f32_nhwckrsc_nchw_tilesize64x32x64_stage5_warpsize2x2x1_g1_tensor16x8x8_alignc4_execute_kernel_cudnn_infer
76105145,3968,17774,203,8,1,128,1,1,32,0.000,0.000,,,,,NVIDIA A100 80GB PCIe (0),1,7,"void at::native::<unnamed>::CatArrayBatchedCopy_aligned16_contig<float, unsigned int, (int)4, (int)128, (int)1>(T1 *, at::native::<unnamed>::CatArrInputTensorMetadata<T1, T2, T4, T5>, at::native::<unnamed>::TensorSizeStride<T2, (unsigned int)4>, int, T2)"
76139033,5088,17813,1392,2,1,64,1,1,19,0.000,0.000,,,,,NVIDIA A100 80GB PCIe (0),1,7,"void cudnn::bn_fw_inf_1C11_kernel_NCHW<float, float, (bool)1, (int)1>(T2, T2, cudnnTensorStruct, const T1 *, cudnnTensorStruct, T1 *, cudnnTensorStruct, const T2 *, const T2 *, const T2 *, const T2 *, T2)"
76150681,2432,17820,267,1,1,128,1,1,17,0.000,0.000,,,,,NVIDIA A100 80GB PCIe (0),1,7,"void at::native::vectorized_elementwise_kernel<(int)4, at::native::<unnamed>::launch_clamp_scalar(at::TensorIteratorBase &, c10::Scalar, c10::Scalar, at::native::detail::ClampLimits)::[lambda() (instance 1)]::operator ()() const::[lambda() (instance 7)]::operator ()() const::[lambda(float) (instance 1)], at::detail::Array<char *, (int)2>>(int, T2, T3)"
76178617,2944,17840,2,44,2,256,1,1,32,0.004,0.000,,,,,NVIDIA A100 80GB PCIe (0),1,7,"void cudnn::ops::nchwToNhwcKernel<float, float, float, (bool)0, (bool)1, (cudnnKernelDataType_t)2>(cudnn::ops::nchw2nhwc_params_t<T3>, const T1 *, T2 *)"
76182617,18560,17842,1,44,192,256,1,1,32,0.004,0.000,,,,,NVIDIA A100 80GB PCIe (0),1,7,"void cudnn::ops::nchwToNhwcKernel<float, float, float, (bool)0, (bool)1, (cudnnKernelDataType_t)2>(cudnn::ops::nchw2nhwc_params_t<T3>, const T1 *, T2 *)"
76202393,14944,17846,6,2,1,128,1,1,120,0.000,0.123,,,,,NVIDIA A100 80GB PCIe (0),1,7,sm80_xmma_fprop_implicit_gemm_tf32f32_tf32f32_f32_nhwckrsc_nchw_tilesize64x32x64_stage5_warpsize2x2x1_g1_tensor16x8x8_alignc4_execute_kernel_cudnn_infer
76226233,3200,17887,192,2,1,64,1,1,19,0.000,0.000,,,,,NVIDIA A100 80GB PCIe (0),1,7,"void cudnn::bn_fw_inf_1C11_kernel_NCHW<float, float, (bool)1, (int)1>(T2, T2, cudnnTensorStruct, const T1 *, cudnnTensorStruct, T1 *, cudnnTensorStruct, const T2 *, const T2 *, const T2 *, const T2 *, T2)"
76237977,2080,17894,37,1,1,128,1,1,17,0.000,0.000,,,,,NVIDIA A100 80GB PCIe (0),1,7,"void at::native::vectorized_elementwise_kernel<(int)4, at::native::<unnamed>::launch_clamp_scalar(at::TensorIteratorBase &, c10::Scalar, c10::Scalar, at::native::detail::ClampLimits)::[lambda() (instance 1)]::operator ()() const::[lambda() (instance 7)]::operator ()() const::[lambda(float) (instance 1)], at::detail::Array<char *, (int)2>>(int, T2, T3)"
76262617,2528,17914,2,6,2,256,1,1,32,0.004,0.000,,,,,NVIDIA A100 80GB PCIe (0),1,7,"void cudnn::ops::nchwToNhwcKernel<float, float, float, (bool)0, (bool)1, (cudnnKernelDataType_t)2>(cudnn::ops::nchw2nhwc_params_t<T3>, const T1 *, T2 *)"
76266201,3872,17916,1,6,48,256,1,1,32,0.004,0.000,,,,,NVIDIA A100 80GB PCIe (0),1,7,"void cudnn::ops::nchwToNhwcKernel<float, float, float, (bool)0, (bool)1, (cudnnKernelDataType_t)2>(cudnn::ops::nchw2nhwc_params_t<T3>, const T1 *, T2 *)"
76272057,16832,17920,2,2,1,128,1,1,120,0.000,0.123,,,,,NVIDIA A100 80GB PCIe (0),1,7,sm80_xmma_fprop_implicit_gemm_tf32f32_tf32f32_f32_nhwckrsc_nchw_tilesize64x32x64_stage5_warpsize2x2x1_g1_tensor16x8x8_alignc4_execute_kernel_cudnn_infer
76295993,4000,17933,203,9,1,128,1,1,32,0.000,0.000,,,,,NVIDIA A100 80GB PCIe (0),1,7,"void at::native::<unnamed>::CatArrayBatchedCopy_aligned16_contig<float, unsigned int, (int)4, (int)128, (int)1>(T1 *, at::native::<unnamed>::CatArrInputTensorMetadata<T1, T2, T4, T5>, at::native::<unnamed>::TensorSizeStride<T2, (unsigned int)4>, int, T2)"
76328985,5216,17972,1440,2,1,64,1,1,19,0.000,0.000,,,,,NVIDIA A100 80GB PCIe (0),1,7,"void cudnn::bn_fw_inf_1C11_kernel_NCHW<float, float, (bool)1, (int)1>(T2, T2, cudnnTensorStruct, const T1 *, cudnnTensorStruct, T1 *, cudnnTensorStruct, const T2 *, const T2 *, const T2 *, const T2 *, T2)"
76340730,2431,17979,276,1,1,128,1,1,17,0.000,0.000,,,,,NVIDIA A100 80GB PCIe (0),1,7,"void at::native::vectorized_elementwise_kernel<(int)4, at::native::<unnamed>::launch_clamp_scalar(at::TensorIteratorBase &, c10::Scalar, c10::Scalar, at::native::detail::ClampLimits)::[lambda() (instance 1)]::operator ()() const::[lambda() (instance 7)]::operator ()() const::[lambda(float) (instance 1)], at::detail::Array<char *, (int)2>>(int, T2, T3)"
76367033,3137,17999,2,45,2,256,1,1,32,0.004,0.000,,,,,NVIDIA A100 80GB PCIe (0),1,7,"void cudnn::ops::nchwToNhwcKernel<float, float, float, (bool)0, (bool)1, (cudnnKernelDataType_t)2>(cudnn::ops::nchw2nhwc_params_t<T3>, const T1 *, T2 *)"
76371354,19008,18001,1,45,192,256,1,1,32,0.004,0.000,,,,,NVIDIA A100 80GB PCIe (0),1,7,"void cudnn::ops::nchwToNhwcKernel<float, float, float, (bool)0, (bool)1, (cudnnKernelDataType_t)2>(cudnn::ops::nchw2nhwc_params_t<T3>, const T1 *, T2 *)"
76391386,15072,18005,6,2,1,128,1,1,120,0.000,0.123,,,,,NVIDIA A100 80GB PCIe (0),1,7,sm80_xmma_fprop_implicit_gemm_tf32f32_tf32f32_f32_nhwckrsc_nchw_tilesize64x32x64_stage5_warpsize2x2x1_g1_tensor16x8x8_alignc4_execute_kernel_cudnn_infer
76415578,3136,18046,192,2,1,64,1,1,19,0.000,0.000,,,,,NVIDIA A100 80GB PCIe (0),1,7,"void cudnn::bn_fw_inf_1C11_kernel_NCHW<float, float, (bool)1, (int)1>(T2, T2, cudnnTensorStruct, const T1 *, cudnnTensorStruct, T1 *, cudnnTensorStruct, const T2 *, const T2 *, const T2 *, const T2 *, T2)"
76426874,2112,18053,37,1,1,128,1,1,17,0.000,0.000,,,,,NVIDIA A100 80GB PCIe (0),1,7,"void at::native::vectorized_elementwise_kernel<(int)4, at::native::<unnamed>::launch_clamp_scalar(at::TensorIteratorBase &, c10::Scalar, c10::Scalar, at::native::detail::ClampLimits)::[lambda() (instance 1)]::operator ()() const::[lambda() (instance 7)]::operator ()() const::[lambda(float) (instance 1)], at::detail::Array<char *, (int)2>>(int, T2, T3)"
76451546,2560,18073,2,6,2,256,1,1,32,0.004,0.000,,,,,NVIDIA A100 80GB PCIe (0),1,7,"void cudnn::ops::nchwToNhwcKernel<float, float, float, (bool)0, (bool)1, (cudnnKernelDataType_t)2>(cudnn::ops::nchw2nhwc_params_t<T3>, const T1 *, T2 *)"
76455354,3904,18075,1,6,48,256,1,1,32,0.004,0.000,,,,,NVIDIA A100 80GB PCIe (0),1,7,"void cudnn::ops::nchwToNhwcKernel<float, float, float, (bool)0, (bool)1, (cudnnKernelDataType_t)2>(cudnn::ops::nchw2nhwc_params_t<T3>, const T1 *, T2 *)"
76460506,16832,18079,2,2,1,128,1,1,120,0.000,0.123,,,,,NVIDIA A100 80GB PCIe (0),1,7,sm80_xmma_fprop_implicit_gemm_tf32f32_tf32f32_f32_nhwckrsc_nchw_tilesize64x32x64_stage5_warpsize2x2x1_g1_tensor16x8x8_alignc4_execute_kernel_cudnn_infer
76484826,4000,18092,203,10,1,128,1,1,32,0.000,0.000,,,,,NVIDIA A100 80GB PCIe (0),1,7,"void at::native::<unnamed>::CatArrayBatchedCopy_aligned16_contig<float, unsigned int, (int)4, (int)128, (int)1>(T1 *, at::native::<unnamed>::CatArrInputTensorMetadata<T1, T2, T4, T5>, at::native::<unnamed>::TensorSizeStride<T2, (unsigned int)4>, int, T2)"
76519034,5312,18131,1488,2,1,64,1,1,19,0.000,0.000,,,,,NVIDIA A100 80GB PCIe (0),1,7,"void cudnn::bn_fw_inf_1C11_kernel_NCHW<float, float, (bool)1, (int)1>(T2, T2, cudnnTensorStruct, const T1 *, cudnnTensorStruct, T1 *, cudnnTensorStruct, const T2 *, const T2 *, const T2 *, const T2 *, T2)"
76530714,2496,18138,285,1,1,128,1,1,17,0.000,0.000,,,,,NVIDIA A100 80GB PCIe (0),1,7,"void at::native::vectorized_elementwise_kernel<(int)4, at::native::<unnamed>::launch_clamp_scalar(at::TensorIteratorBase &, c10::Scalar, c10::Scalar, at::native::detail::ClampLimits)::[lambda() (instance 1)]::operator ()() const::[lambda() (instance 7)]::operator ()() const::[lambda(float) (instance 1)], at::detail::Array<char *, (int)2>>(int, T2, T3)"
76558522,2880,18158,2,47,2,256,1,1,32,0.004,0.000,,,,,NVIDIA A100 80GB PCIe (0),1,7,"void cudnn::ops::nchwToNhwcKernel<float, float, float, (bool)0, (bool)1, (cudnnKernelDataType_t)2>(cudnn::ops::nchw2nhwc_params_t<T3>, const T1 *, T2 *)"
76562746,19840,18160,1,47,192,256,1,1,32,0.004,0.000,,,,,NVIDIA A100 80GB PCIe (0),1,7,"void cudnn::ops::nchwToNhwcKernel<float, float, float, (bool)0, (bool)1, (cudnnKernelDataType_t)2>(cudnn::ops::nchw2nhwc_params_t<T3>, const T1 *, T2 *)"
76583610,15680,18164,6,2,1,128,1,1,120,0.000,0.123,,,,,NVIDIA A100 80GB PCIe (0),1,7,sm80_xmma_fprop_implicit_gemm_tf32f32_tf32f32_f32_nhwckrsc_nchw_tilesize64x32x64_stage5_warpsize2x2x1_g1_tensor16x8x8_alignc4_execute_kernel_cudnn_infer
76607803,3231,18205,192,2,1,64,1,1,19,0.000,0.000,,,,,NVIDIA A100 80GB PCIe (0),1,7,"void cudnn::bn_fw_inf_1C11_kernel_NCHW<float, float, (bool)1, (int)1>(T2, T2, cudnnTensorStruct, const T1 *, cudnnTensorStruct, T1 *, cudnnTensorStruct, const T2 *, const T2 *, const T2 *, const T2 *, T2)"
76619259,2079,18212,37,1,1,128,1,1,17,0.000,0.000,,,,,NVIDIA A100 80GB PCIe (0),1,7,"void at::native::vectorized_elementwise_kernel<(int)4, at::native::<unnamed>::launch_clamp_scalar(at::TensorIteratorBase &, c10::Scalar, c10::Scalar, at::native::detail::ClampLimits)::[lambda() (instance 1)]::operator ()() const::[lambda() (instance 7)]::operator ()() const::[lambda(float) (instance 1)], at::detail::Array<char *, (int)2>>(int, T2, T3)"
76644090,2528,18232,2,6,2,256,1,1,32,0.004,0.000,,,,,NVIDIA A100 80GB PCIe (0),1,7,"void cudnn::ops::nchwToNhwcKernel<float, float, float, (bool)0, (bool)1, (cudnnKernelDataType_t)2>(cudnn::ops::nchw2nhwc_params_t<T3>, const T1 *, T2 *)"
76647835,3967,18234,1,6,48,256,1,1,32,0.004,0.000,,,,,NVIDIA A100 80GB PCIe (0),1,7,"void cudnn::ops::nchwToNhwcKernel<float, float, float, (bool)0, (bool)1, (cudnnKernelDataType_t)2>(cudnn::ops::nchw2nhwc_params_t<T3>, const T1 *, T2 *)"
76653307,16768,18238,2,2,1,128,1,1,120,0.000,0.123,,,,,NVIDIA A100 80GB PCIe (0),1,7,sm80_xmma_fprop_implicit_gemm_tf32f32_tf32f32_f32_nhwckrsc_nchw_tilesize64x32x64_stage5_warpsize2x2x1_g1_tensor16x8x8_alignc4_execute_kernel_cudnn_infer
76678715,4160,18251,203,11,1,128,1,1,32,0.000,0.000,,,,,NVIDIA A100 80GB PCIe (0),1,7,"void at::native::<unnamed>::CatArrayBatchedCopy_aligned16_contig<float, unsigned int, (int)4, (int)128, (int)1>(T1 *, at::native::<unnamed>::CatArrInputTensorMetadata<T1, T2, T4, T5>, at::native::<unnamed>::TensorSizeStride<T2, (unsigned int)4>, int, T2)"
76713467,5440,18290,1536,2,1,64,1,1,19,0.000,0.000,,,,,NVIDIA A100 80GB PCIe (0),1,7,"void cudnn::bn_fw_inf_1C11_kernel_NCHW<float, float, (bool)1, (int)1>(T2, T2, cudnnTensorStruct, const T1 *, cudnnTensorStruct, T1 *, cudnnTensorStruct, const T2 *, const T2 *, const T2 *, const T2 *, T2)"
76726587,2496,18297,294,1,1,128,1,1,17,0.000,0.000,,,,,NVIDIA A100 80GB PCIe (0),1,7,"void at::native::vectorized_elementwise_kernel<(int)4, at::native::<unnamed>::launch_clamp_scalar(at::TensorIteratorBase &, c10::Scalar, c10::Scalar, at::native::detail::ClampLimits)::[lambda() (instance 1)]::operator ()() const::[lambda() (instance 7)]::operator ()() const::[lambda(float) (instance 1)], at::detail::Array<char *, (int)2>>(int, T2, T3)"
76754459,3264,18317,2,48,2,256,1,1,32,0.004,0.000,,,,,NVIDIA A100 80GB PCIe (0),1,7,"void cudnn::ops::nchwToNhwcKernel<float, float, float, (bool)0, (bool)1, (cudnnKernelDataType_t)2>(cudnn::ops::nchw2nhwc_params_t<T3>, const T1 *, T2 *)"
76758843,20256,18319,1,48,192,256,1,1,32,0.004,0.000,,,,,NVIDIA A100 80GB PCIe (0),1,7,"void cudnn::ops::nchwToNhwcKernel<float, float, float, (bool)0, (bool)1, (cudnnKernelDataType_t)2>(cudnn::ops::nchw2nhwc_params_t<T3>, const T1 *, T2 *)"
76780123,15392,18323,6,2,1,128,1,1,120,0.000,0.123,,,,,NVIDIA A100 80GB PCIe (0),1,7,sm80_xmma_fprop_implicit_gemm_tf32f32_tf32f32_f32_nhwckrsc_nchw_tilesize64x32x64_stage5_warpsize2x2x1_g1_tensor16x8x8_alignc4_execute_kernel_cudnn_infer
76803579,3232,18364,192,2,1,64,1,1,19,0.000,0.000,,,,,NVIDIA A100 80GB PCIe (0),1,7,"void cudnn::bn_fw_inf_1C11_kernel_NCHW<float, float, (bool)1, (int)1>(T2, T2, cudnnTensorStruct, const T1 *, cudnnTensorStruct, T1 *, cudnnTensorStruct, const T2 *, const T2 *, const T2 *, const T2 *, T2)"
76814587,2080,18371,37,1,1,128,1,1,17,0.000,0.000,,,,,NVIDIA A100 80GB PCIe (0),1,7,"void at::native::vectorized_elementwise_kernel<(int)4, at::native::<unnamed>::launch_clamp_scalar(at::TensorIteratorBase &, c10::Scalar, c10::Scalar, at::native::detail::ClampLimits)::[lambda() (instance 1)]::operator ()() const::[lambda() (instance 7)]::operator ()() const::[lambda(float) (instance 1)], at::detail::Array<char *, (int)2>>(int, T2, T3)"
76839387,2592,18391,2,6,2,256,1,1,32,0.004,0.000,,,,,NVIDIA A100 80GB PCIe (0),1,7,"void cudnn::ops::nchwToNhwcKernel<float, float, float, (bool)0, (bool)1, (cudnnKernelDataType_t)2>(cudnn::ops::nchw2nhwc_params_t<T3>, const T1 *, T2 *)"
76843195,3712,18393,1,6,48,256,1,1,32,0.004,0.000,,,,,NVIDIA A100 80GB PCIe (0),1,7,"void cudnn::ops::nchwToNhwcKernel<float, float, float, (bool)0, (bool)1, (cudnnKernelDataType_t)2>(cudnn::ops::nchw2nhwc_params_t<T3>, const T1 *, T2 *)"
76848731,16832,18397,2,2,1,128,1,1,120,0.000,0.123,,,,,NVIDIA A100 80GB PCIe (0),1,7,sm80_xmma_fprop_implicit_gemm_tf32f32_tf32f32_f32_nhwckrsc_nchw_tilesize64x32x64_stage5_warpsize2x2x1_g1_tensor16x8x8_alignc4_execute_kernel_cudnn_infer
76874491,4128,18410,203,12,1,128,1,1,32,0.000,0.000,,,,,NVIDIA A100 80GB PCIe (0),1,7,"void at::native::<unnamed>::CatArrayBatchedCopy_aligned16_contig<float, unsigned int, (int)4, (int)128, (int)1>(T1 *, at::native::<unnamed>::CatArrInputTensorMetadata<T1, T2, T4, T5>, at::native::<unnamed>::TensorSizeStride<T2, (unsigned int)4>, int, T2)"
76908635,5473,18449,1584,2,1,64,1,1,19,0.000,0.000,,,,,NVIDIA A100 80GB PCIe (0),1,7,"void cudnn::bn_fw_inf_1C11_kernel_NCHW<float, float, (bool)1, (int)1>(T2, T2, cudnnTensorStruct, const T1 *, cudnnTensorStruct, T1 *, cudnnTensorStruct, const T2 *, const T2 *, const T2 *, const T2 *, T2)"
76920220,2592,18456,304,1,1,128,1,1,17,0.000,0.000,,,,,NVIDIA A100 80GB PCIe (0),1,7,"void at::native::vectorized_elementwise_kernel<(int)4, at::native::<unnamed>::launch_clamp_scalar(at::TensorIteratorBase &, c10::Scalar, c10::Scalar, at::native::detail::ClampLimits)::[lambda() (instance 1)]::operator ()() const::[lambda() (instance 7)]::operator ()() const::[lambda(float) (instance 1)], at::detail::Array<char *, (int)2>>(int, T2, T3)"
76948060,2912,18476,2,50,2,256,1,1,32,0.004,0.000,,,,,NVIDIA A100 80GB PCIe (0),1,7,"void cudnn::ops::nchwToNhwcKernel<float, float, float, (bool)0, (bool)1, (cudnnKernelDataType_t)2>(cudnn::ops::nchw2nhwc_params_t<T3>, const T1 *, T2 *)"
76952028,21088,18478,1,50,192,256,1,1,32,0.004,0.000,,,,,NVIDIA A100 80GB PCIe (0),1,7,"void cudnn::ops::nchwToNhwcKernel<float, float, float, (bool)0, (bool)1, (cudnnKernelDataType_t)2>(cudnn::ops::nchw2nhwc_params_t<T3>, const T1 *, T2 *)"
76974172,16160,18482,6,2,1,128,1,1,120,0.000,0.123,,,,,NVIDIA A100 80GB PCIe (0),1,7,sm80_xmma_fprop_implicit_gemm_tf32f32_tf32f32_f32_nhwckrsc_nchw_tilesize64x32x64_stage5_warpsize2x2x1_g1_tensor16x8x8_alignc4_execute_kernel_cudnn_infer
76997148,3232,18523,192,2,1,64,1,1,19,0.000,0.000,,,,,NVIDIA A100 80GB PCIe (0),1,7,"void cudnn::bn_fw_inf_1C11_kernel_NCHW<float, float, (bool)1, (int)1>(T2, T2, cudnnTensorStruct, const T1 *, cudnnTensorStruct, T1 *, cudnnTensorStruct, const T2 *, const T2 *, const T2 *, const T2 *, T2)"
77008604,2112,18530,37,1,1,128,1,1,17,0.000,0.000,,,,,NVIDIA A100 80GB PCIe (0),1,7,"void at::native::vectorized_elementwise_kernel<(int)4, at::native::<unnamed>::launch_clamp_scalar(at::TensorIteratorBase &, c10::Scalar, c10::Scalar, at::native::detail::ClampLimits)::[lambda() (instance 1)]::operator ()() const::[lambda() (instance 7)]::operator ()() const::[lambda(float) (instance 1)], at::detail::Array<char *, (int)2>>(int, T2, T3)"
77033916,2592,18550,2,6,2,256,1,1,32,0.004,0.000,,,,,NVIDIA A100 80GB PCIe (0),1,7,"void cudnn::ops::nchwToNhwcKernel<float, float, float, (bool)0, (bool)1, (cudnnKernelDataType_t)2>(cudnn::ops::nchw2nhwc_params_t<T3>, const T1 *, T2 *)"
77037660,3744,18552,1,6,48,256,1,1,32,0.004,0.000,,,,,NVIDIA A100 80GB PCIe (0),1,7,"void cudnn::ops::nchwToNhwcKernel<float, float, float, (bool)0, (bool)1, (cudnnKernelDataType_t)2>(cudnn::ops::nchw2nhwc_params_t<T3>, const T1 *, T2 *)"
77043196,16800,18556,2,2,1,128,1,1,120,0.000,0.123,,,,,NVIDIA A100 80GB PCIe (0),1,7,sm80_xmma_fprop_implicit_gemm_tf32f32_tf32f32_f32_nhwckrsc_nchw_tilesize64x32x64_stage5_warpsize2x2x1_g1_tensor16x8x8_alignc4_execute_kernel_cudnn_infer
77068860,4256,18569,203,13,1,128,1,1,32,0.000,0.000,,,,,NVIDIA A100 80GB PCIe (0),1,7,"void at::native::<unnamed>::CatArrayBatchedCopy_aligned16_contig<float, unsigned int, (int)4, (int)128, (int)1>(T1 *, at::native::<unnamed>::CatArrInputTensorMetadata<T1, T2, T4, T5>, at::native::<unnamed>::TensorSizeStride<T2, (unsigned int)4>, int, T2)"
77103068,5600,18608,1632,2,1,64,1,1,19,0.000,0.000,,,,,NVIDIA A100 80GB PCIe (0),1,7,"void cudnn::bn_fw_inf_1C11_kernel_NCHW<float, float, (bool)1, (int)1>(T2, T2, cudnnTensorStruct, const T1 *, cudnnTensorStruct, T1 *, cudnnTensorStruct, const T2 *, const T2 *, const T2 *, const T2 *, T2)"
77114876,2496,18615,313,1,1,128,1,1,17,0.000,0.000,,,,,NVIDIA A100 80GB PCIe (0),1,7,"void at::native::vectorized_elementwise_kernel<(int)4, at::native::<unnamed>::launch_clamp_scalar(at::TensorIteratorBase &, c10::Scalar, c10::Scalar, at::native::detail::ClampLimits)::[lambda() (instance 1)]::operator ()() const::[lambda() (instance 7)]::operator ()() const::[lambda(float) (instance 1)], at::detail::Array<char *, (int)2>>(int, T2, T3)"
77143004,3200,18635,2,51,2,256,1,1,32,0.004,0.000,,,,,NVIDIA A100 80GB PCIe (0),1,7,"void cudnn::ops::nchwToNhwcKernel<float, float, float, (bool)0, (bool)1, (cudnnKernelDataType_t)2>(cudnn::ops::nchw2nhwc_params_t<T3>, const T1 *, T2 *)"
77147324,21408,18637,1,51,192,256,1,1,32,0.004,0.000,,,,,NVIDIA A100 80GB PCIe (0),1,7,"void cudnn::ops::nchwToNhwcKernel<float, float, float, (bool)0, (bool)1, (cudnnKernelDataType_t)2>(cudnn::ops::nchw2nhwc_params_t<T3>, const T1 *, T2 *)"
77169884,16193,18641,6,2,1,128,1,1,120,0.000,0.123,,,,,NVIDIA A100 80GB PCIe (0),1,7,sm80_xmma_fprop_implicit_gemm_tf32f32_tf32f32_f32_nhwckrsc_nchw_tilesize64x32x64_stage5_warpsize2x2x1_g1_tensor16x8x8_alignc4_execute_kernel_cudnn_infer
77191516,3168,18682,192,2,1,64,1,1,19,0.000,0.000,,,,,NVIDIA A100 80GB PCIe (0),1,7,"void cudnn::bn_fw_inf_1C11_kernel_NCHW<float, float, (bool)1, (int)1>(T2, T2, cudnnTensorStruct, const T1 *, cudnnTensorStruct, T1 *, cudnnTensorStruct, const T2 *, const T2 *, const T2 *, const T2 *, T2)"
77203005,2112,18689,37,1,1,128,1,1,17,0.000,0.000,,,,,NVIDIA A100 80GB PCIe (0),1,7,"void at::native::vectorized_elementwise_kernel<(int)4, at::native::<unnamed>::launch_clamp_scalar(at::TensorIteratorBase &, c10::Scalar, c10::Scalar, at::native::detail::ClampLimits)::[lambda() (instance 1)]::operator ()() const::[lambda() (instance 7)]::operator ()() const::[lambda(float) (instance 1)], at::detail::Array<char *, (int)2>>(int, T2, T3)"
77228317,2592,18709,2,6,2,256,1,1,32,0.004,0.000,,,,,NVIDIA A100 80GB PCIe (0),1,7,"void cudnn::ops::nchwToNhwcKernel<float, float, float, (bool)0, (bool)1, (cudnnKernelDataType_t)2>(cudnn::ops::nchw2nhwc_params_t<T3>, const T1 *, T2 *)"
77232125,3744,18711,1,6,48,256,1,1,32,0.004,0.000,,,,,NVIDIA A100 80GB PCIe (0),1,7,"void cudnn::ops::nchwToNhwcKernel<float, float, float, (bool)0, (bool)1, (cudnnKernelDataType_t)2>(cudnn::ops::nchw2nhwc_params_t<T3>, const T1 *, T2 *)"
77237181,16864,18715,2,2,1,128,1,1,120,0.000,0.123,,,,,NVIDIA A100 80GB PCIe (0),1,7,sm80_xmma_fprop_implicit_gemm_tf32f32_tf32f32_f32_nhwckrsc_nchw_tilesize64x32x64_stage5_warpsize2x2x1_g1_tensor16x8x8_alignc4_execute_kernel_cudnn_infer
77263325,4352,18728,203,14,1,128,1,1,32,0.000,0.000,,,,,NVIDIA A100 80GB PCIe (0),1,7,"void at::native::<unnamed>::CatArrayBatchedCopy_aligned16_contig<float, unsigned int, (int)4, (int)128, (int)1>(T1 *, at::native::<unnamed>::CatArrInputTensorMetadata<T1, T2, T4, T5>, at::native::<unnamed>::TensorSizeStride<T2, (unsigned int)4>, int, T2)"
77297149,5760,18767,1680,2,1,64,1,1,19,0.000,0.000,,,,,NVIDIA A100 80GB PCIe (0),1,7,"void cudnn::bn_fw_inf_1C11_kernel_NCHW<float, float, (bool)1, (int)1>(T2, T2, cudnnTensorStruct, const T1 *, cudnnTensorStruct, T1 *, cudnnTensorStruct, const T2 *, const T2 *, const T2 *, const T2 *, T2)"
77308509,2560,18774,322,1,1,128,1,1,17,0.000,0.000,,,,,NVIDIA A100 80GB PCIe (0),1,7,"void at::native::vectorized_elementwise_kernel<(int)4, at::native::<unnamed>::launch_clamp_scalar(at::TensorIteratorBase &, c10::Scalar, c10::Scalar, at::native::detail::ClampLimits)::[lambda() (instance 1)]::operator ()() const::[lambda() (instance 7)]::operator ()() const::[lambda(float) (instance 1)], at::detail::Array<char *, (int)2>>(int, T2, T3)"
77335581,2944,18794,2,53,2,256,1,1,32,0.004,0.000,,,,,NVIDIA A100 80GB PCIe (0),1,7,"void cudnn::ops::nchwToNhwcKernel<float, float, float, (bool)0, (bool)1, (cudnnKernelDataType_t)2>(cudnn::ops::nchw2nhwc_params_t<T3>, const T1 *, T2 *)"
77339677,22080,18796,1,53,192,256,1,1,32,0.004,0.000,,,,,NVIDIA A100 80GB PCIe (0),1,7,"void cudnn::ops::nchwToNhwcKernel<float, float, float, (bool)0, (bool)1, (cudnnKernelDataType_t)2>(cudnn::ops::nchw2nhwc_params_t<T3>, const T1 *, T2 *)"
77362845,16992,18800,6,2,1,128,1,1,120,0.000,0.123,,,,,NVIDIA A100 80GB PCIe (0),1,7,sm80_xmma_fprop_implicit_gemm_tf32f32_tf32f32_f32_nhwckrsc_nchw_tilesize64x32x64_stage5_warpsize2x2x1_g1_tensor16x8x8_alignc4_execute_kernel_cudnn_infer
77383869,3232,18841,192,2,1,64,1,1,19,0.000,0.000,,,,,NVIDIA A100 80GB PCIe (0),1,7,"void cudnn::bn_fw_inf_1C11_kernel_NCHW<float, float, (bool)1, (int)1>(T2, T2, cudnnTensorStruct, const T1 *, cudnnTensorStruct, T1 *, cudnnTensorStruct, const T2 *, const T2 *, const T2 *, const T2 *, T2)"
77395261,2112,18848,37,1,1,128,1,1,17,0.000,0.000,,,,,NVIDIA A100 80GB PCIe (0),1,7,"void at::native::vectorized_elementwise_kernel<(int)4, at::native::<unnamed>::launch_clamp_scalar(at::TensorIteratorBase &, c10::Scalar, c10::Scalar, at::native::detail::ClampLimits)::[lambda() (instance 1)]::operator ()() const::[lambda() (instance 7)]::operator ()() const::[lambda(float) (instance 1)], at::detail::Array<char *, (int)2>>(int, T2, T3)"
77420925,2592,18868,2,6,2,256,1,1,32,0.004,0.000,,,,,NVIDIA A100 80GB PCIe (0),1,7,"void cudnn::ops::nchwToNhwcKernel<float, float, float, (bool)0, (bool)1, (cudnnKernelDataType_t)2>(cudnn::ops::nchw2nhwc_params_t<T3>, const T1 *, T2 *)"
77424669,3808,18870,1,6,48,256,1,1,32,0.004,0.000,,,,,NVIDIA A100 80GB PCIe (0),1,7,"void cudnn::ops::nchwToNhwcKernel<float, float, float, (bool)0, (bool)1, (cudnnKernelDataType_t)2>(cudnn::ops::nchw2nhwc_params_t<T3>, const T1 *, T2 *)"
77430109,16736,18874,2,2,1,128,1,1,120,0.000,0.123,,,,,NVIDIA A100 80GB PCIe (0),1,7,sm80_xmma_fprop_implicit_gemm_tf32f32_tf32f32_f32_nhwckrsc_nchw_tilesize64x32x64_stage5_warpsize2x2x1_g1_tensor16x8x8_alignc4_execute_kernel_cudnn_infer
77456126,4319,18887,203,15,1,128,1,1,32,0.000,0.000,,,,,NVIDIA A100 80GB PCIe (0),1,7,"void at::native::<unnamed>::CatArrayBatchedCopy_aligned16_contig<float, unsigned int, (int)4, (int)128, (int)1>(T1 *, at::native::<unnamed>::CatArrInputTensorMetadata<T1, T2, T4, T5>, at::native::<unnamed>::TensorSizeStride<T2, (unsigned int)4>, int, T2)"
77489501,6017,18926,1728,2,1,64,1,1,19,0.000,0.000,,,,,NVIDIA A100 80GB PCIe (0),1,7,"void cudnn::bn_fw_inf_1C11_kernel_NCHW<float, float, (bool)1, (int)1>(T2, T2, cudnnTensorStruct, const T1 *, cudnnTensorStruct, T1 *, cudnnTensorStruct, const T2 *, const T2 *, const T2 *, const T2 *, T2)"
77501182,2624,18933,331,1,1,128,1,1,17,0.000,0.000,,,,,NVIDIA A100 80GB PCIe (0),1,7,"void at::native::vectorized_elementwise_kernel<(int)4, at::native::<unnamed>::launch_clamp_scalar(at::TensorIteratorBase &, c10::Scalar, c10::Scalar, at::native::detail::ClampLimits)::[lambda() (instance 1)]::operator ()() const::[lambda() (instance 7)]::operator ()() const::[lambda(float) (instance 1)], at::detail::Array<char *, (int)2>>(int, T2, T3)"
77528158,2976,18953,2,54,2,256,1,1,32,0.004,0.000,,,,,NVIDIA A100 80GB PCIe (0),1,7,"void cudnn::ops::nchwToNhwcKernel<float, float, float, (bool)0, (bool)1, (cudnnKernelDataType_t)2>(cudnn::ops::nchw2nhwc_params_t<T3>, const T1 *, T2 *)"
77532382,22432,18955,1,54,192,256,1,1,32,0.004,0.000,,,,,NVIDIA A100 80GB PCIe (0),1,7,"void cudnn::ops::nchwToNhwcKernel<float, float, float, (bool)0, (bool)1, (cudnnKernelDataType_t)2>(cudnn::ops::nchw2nhwc_params_t<T3>, const T1 *, T2 *)"
77555966,16640,18959,6,2,1,128,1,1,120,0.000,0.123,,,,,NVIDIA A100 80GB PCIe (0),1,7,sm80_xmma_fprop_implicit_gemm_tf32f32_tf32f32_f32_nhwckrsc_nchw_tilesize64x32x64_stage5_warpsize2x2x1_g1_tensor16x8x8_alignc4_execute_kernel_cudnn_infer
77576638,3200,19000,192,2,1,64,1,1,19,0.000,0.000,,,,,NVIDIA A100 80GB PCIe (0),1,7,"void cudnn::bn_fw_inf_1C11_kernel_NCHW<float, float, (bool)1, (int)1>(T2, T2, cudnnTensorStruct, const T1 *, cudnnTensorStruct, T1 *, cudnnTensorStruct, const T2 *, const T2 *, const T2 *, const T2 *, T2)"
77588062,2080,19007,37,1,1,128,1,1,17,0.000,0.000,,,,,NVIDIA A100 80GB PCIe (0),1,7,"void at::native::vectorized_elementwise_kernel<(int)4, at::native::<unnamed>::launch_clamp_scalar(at::TensorIteratorBase &, c10::Scalar, c10::Scalar, at::native::detail::ClampLimits)::[lambda() (instance 1)]::operator ()() const::[lambda() (instance 7)]::operator ()() const::[lambda(float) (instance 1)], at::detail::Array<char *, (int)2>>(int, T2, T3)"
77617662,2592,19027,2,6,2,256,1,1,32,0.004,0.000,,,,,NVIDIA A100 80GB PCIe (0),1,7,"void cudnn::ops::nchwToNhwcKernel<float, float, float, (bool)0, (bool)1, (cudnnKernelDataType_t)2>(cudnn::ops::nchw2nhwc_params_t<T3>, const T1 *, T2 *)"
77621246,3584,19029,1,6,48,256,1,1,32,0.004,0.000,,,,,NVIDIA A100 80GB PCIe (0),1,7,"void cudnn::ops::nchwToNhwcKernel<float, float, float, (bool)0, (bool)1, (cudnnKernelDataType_t)2>(cudnn::ops::nchw2nhwc_params_t<T3>, const T1 *, T2 *)"
77627102,16864,19033,2,2,1,128,1,1,120,0.000,0.123,,,,,NVIDIA A100 80GB PCIe (0),1,7,sm80_xmma_fprop_implicit_gemm_tf32f32_tf32f32_f32_nhwckrsc_nchw_tilesize64x32x64_stage5_warpsize2x2x1_g1_tensor16x8x8_alignc4_execute_kernel_cudnn_infer
77654718,4416,19046,203,16,1,128,1,1,32,0.000,0.000,,,,,NVIDIA A100 80GB PCIe (0),1,7,"void at::native::<unnamed>::CatArrayBatchedCopy_aligned16_contig<float, unsigned int, (int)4, (int)128, (int)1>(T1 *, at::native::<unnamed>::CatArrInputTensorMetadata<T1, T2, T4, T5>, at::native::<unnamed>::TensorSizeStride<T2, (unsigned int)4>, int, T2)"
77689726,5824,19085,1776,2,1,64,1,1,19,0.000,0.000,,,,,NVIDIA A100 80GB PCIe (0),1,7,"void cudnn::bn_fw_inf_1C11_kernel_NCHW<float, float, (bool)1, (int)1>(T2, T2, cudnnTensorStruct, const T1 *, cudnnTensorStruct, T1 *, cudnnTensorStruct, const T2 *, const T2 *, const T2 *, const T2 *, T2)"
77701918,2592,19092,340,1,1,128,1,1,17,0.000,0.000,,,,,NVIDIA A100 80GB PCIe (0),1,7,"void at::native::vectorized_elementwise_kernel<(int)4, at::native::<unnamed>::launch_clamp_scalar(at::TensorIteratorBase &, c10::Scalar, c10::Scalar, at::native::detail::ClampLimits)::[lambda() (instance 1)]::operator ()() const::[lambda() (instance 7)]::operator ()() const::[lambda(float) (instance 1)], at::detail::Array<char *, (int)2>>(int, T2, T3)"
77730046,3040,19112,2,56,2,256,1,1,32,0.004,0.000,,,,,NVIDIA A100 80GB PCIe (0),1,7,"void cudnn::ops::nchwToNhwcKernel<float, float, float, (bool)0, (bool)1, (cudnnKernelDataType_t)2>(cudnn::ops::nchw2nhwc_params_t<T3>, const T1 *, T2 *)"
77734142,22912,19114,1,56,192,256,1,1,32,0.004,0.000,,,,,NVIDIA A100 80GB PCIe (0),1,7,"void cudnn::ops::nchwToNhwcKernel<float, float, float, (bool)0, (bool)1, (cudnnKernelDataType_t)2>(cudnn::ops::nchw2nhwc_params_t<T3>, const T1 *, T2 *)"
77758206,17312,19118,6,2,1,128,1,1,120,0.000,0.123,,,,,NVIDIA A100 80GB PCIe (0),1,7,sm80_xmma_fprop_implicit_gemm_tf32f32_tf32f32_f32_nhwckrsc_nchw_tilesize64x32x64_stage5_warpsize2x2x1_g1_tensor16x8x8_alignc4_execute_kernel_cudnn_infer
77778751,3200,19159,192,2,1,64,1,1,19,0.000,0.000,,,,,NVIDIA A100 80GB PCIe (0),1,7,"void cudnn::bn_fw_inf_1C11_kernel_NCHW<float, float, (bool)1, (int)1>(T2, T2, cudnnTensorStruct, const T1 *, cudnnTensorStruct, T1 *, cudnnTensorStruct, const T2 *, const T2 *, const T2 *, const T2 *, T2)"
77790111,2080,19166,37,1,1,128,1,1,17,0.000,0.000,,,,,NVIDIA A100 80GB PCIe (0),1,7,"void at::native::vectorized_elementwise_kernel<(int)4, at::native::<unnamed>::launch_clamp_scalar(at::TensorIteratorBase &, c10::Scalar, c10::Scalar, at::native::detail::ClampLimits)::[lambda() (instance 1)]::operator ()() const::[lambda() (instance 7)]::operator ()() const::[lambda(float) (instance 1)], at::detail::Array<char *, (int)2>>(int, T2, T3)"
77815455,2624,19186,2,6,2,256,1,1,32,0.004,0.000,,,,,NVIDIA A100 80GB PCIe (0),1,7,"void cudnn::ops::nchwToNhwcKernel<float, float, float, (bool)0, (bool)1, (cudnnKernelDataType_t)2>(cudnn::ops::nchw2nhwc_params_t<T3>, const T1 *, T2 *)"
77819199,3647,19188,1,6,48,256,1,1,32,0.004,0.000,,,,,NVIDIA A100 80GB PCIe (0),1,7,"void cudnn::ops::nchwToNhwcKernel<float, float, float, (bool)0, (bool)1, (cudnnKernelDataType_t)2>(cudnn::ops::nchw2nhwc_params_t<T3>, const T1 *, T2 *)"
77824607,16736,19192,2,2,1,128,1,1,120,0.000,0.123,,,,,NVIDIA A100 80GB PCIe (0),1,7,sm80_xmma_fprop_implicit_gemm_tf32f32_tf32f32_f32_nhwckrsc_nchw_tilesize64x32x64_stage5_warpsize2x2x1_g1_tensor16x8x8_alignc4_execute_kernel_cudnn_infer
77851935,4384,19205,203,17,1,128,1,1,32,0.000,0.000,,,,,NVIDIA A100 80GB PCIe (0),1,7,"void at::native::<unnamed>::CatArrayBatchedCopy_aligned16_contig<float, unsigned int, (int)4, (int)128, (int)1>(T1 *, at::native::<unnamed>::CatArrInputTensorMetadata<T1, T2, T4, T5>, at::native::<unnamed>::TensorSizeStride<T2, (unsigned int)4>, int, T2)"
77885567,6048,19244,1824,2,1,64,1,1,19,0.000,0.000,,,,,NVIDIA A100 80GB PCIe (0),1,7,"void cudnn::bn_fw_inf_1C11_kernel_NCHW<float, float, (bool)1, (int)1>(T2, T2, cudnnTensorStruct, const T1 *, cudnnTensorStruct, T1 *, cudnnTensorStruct, const T2 *, const T2 *, const T2 *, const T2 *, T2)"
77897087,2560,19251,350,1,1,128,1,1,17,0.000,0.000,,,,,NVIDIA A100 80GB PCIe (0),1,7,"void at::native::vectorized_elementwise_kernel<(int)4, at::native::<unnamed>::launch_clamp_scalar(at::TensorIteratorBase &, c10::Scalar, c10::Scalar, at::native::detail::ClampLimits)::[lambda() (instance 1)]::operator ()() const::[lambda() (instance 7)]::operator ()() const::[lambda(float) (instance 1)], at::detail::Array<char *, (int)2>>(int, T2, T3)"
77923775,3040,19271,2,57,2,256,1,1,32,0.004,0.000,,,,,NVIDIA A100 80GB PCIe (0),1,7,"void cudnn::ops::nchwToNhwcKernel<float, float, float, (bool)0, (bool)1, (cudnnKernelDataType_t)2>(cudnn::ops::nchw2nhwc_params_t<T3>, const T1 *, T2 *)"
77927967,23456,19273,1,57,192,256,1,1,32,0.004,0.000,,,,,NVIDIA A100 80GB PCIe (0),1,7,"void cudnn::ops::nchwToNhwcKernel<float, float, float, (bool)0, (bool)1, (cudnnKernelDataType_t)2>(cudnn::ops::nchw2nhwc_params_t<T3>, const T1 *, T2 *)"
77952607,17472,19277,6,2,1,128,1,1,120,0.000,0.123,,,,,NVIDIA A100 80GB PCIe (0),1,7,sm80_xmma_fprop_implicit_gemm_tf32f32_tf32f32_f32_nhwckrsc_nchw_tilesize64x32x64_stage5_warpsize2x2x1_g1_tensor16x8x8_alignc4_execute_kernel_cudnn_infer
77971711,3200,19318,192,2,1,64,1,1,19,0.000,0.000,,,,,NVIDIA A100 80GB PCIe (0),1,7,"void cudnn::bn_fw_inf_1C11_kernel_NCHW<float, float, (bool)1, (int)1>(T2, T2, cudnnTensorStruct, const T1 *, cudnnTensorStruct, T1 *, cudnnTensorStruct, const T2 *, const T2 *, const T2 *, const T2 *, T2)"
77983071,2112,19325,37,1,1,128,1,1,17,0.000,0.000,,,,,NVIDIA A100 80GB PCIe (0),1,7,"void at::native::vectorized_elementwise_kernel<(int)4, at::native::<unnamed>::launch_clamp_scalar(at::TensorIteratorBase &, c10::Scalar, c10::Scalar, at::native::detail::ClampLimits)::[lambda() (instance 1)]::operator ()() const::[lambda() (instance 7)]::operator ()() const::[lambda(float) (instance 1)], at::detail::Array<char *, (int)2>>(int, T2, T3)"
78013887,2592,19345,2,6,2,256,1,1,32,0.004,0.000,,,,,NVIDIA A100 80GB PCIe (0),1,7,"void cudnn::ops::nchwToNhwcKernel<float, float, float, (bool)0, (bool)1, (cudnnKernelDataType_t)2>(cudnn::ops::nchw2nhwc_params_t<T3>, const T1 *, T2 *)"
78017535,3744,19347,1,6,48,256,1,1,32,0.004,0.000,,,,,NVIDIA A100 80GB PCIe (0),1,7,"void cudnn::ops::nchwToNhwcKernel<float, float, float, (bool)0, (bool)1, (cudnnKernelDataType_t)2>(cudnn::ops::nchw2nhwc_params_t<T3>, const T1 *, T2 *)"
78023231,16865,19351,2,2,1,128,1,1,120,0.000,0.123,,,,,NVIDIA A100 80GB PCIe (0),1,7,sm80_xmma_fprop_implicit_gemm_tf32f32_tf32f32_f32_nhwckrsc_nchw_tilesize64x32x64_stage5_warpsize2x2x1_g1_tensor16x8x8_alignc4_execute_kernel_cudnn_infer
78053984,4480,19364,203,18,1,128,1,1,32,0.000,0.000,,,,,NVIDIA A100 80GB PCIe (0),1,7,"void at::native::<unnamed>::CatArrayBatchedCopy_aligned16_contig<float, unsigned int, (int)4, (int)128, (int)1>(T1 *, at::native::<unnamed>::CatArrInputTensorMetadata<T1, T2, T4, T5>, at::native::<unnamed>::TensorSizeStride<T2, (unsigned int)4>, int, T2)"
78089568,6240,19403,1872,2,1,64,1,1,19,0.000,0.000,,,,,NVIDIA A100 80GB PCIe (0),1,7,"void cudnn::bn_fw_inf_1C11_kernel_NCHW<float, float, (bool)1, (int)1>(T2, T2, cudnnTensorStruct, const T1 *, cudnnTensorStruct, T1 *, cudnnTensorStruct, const T2 *, const T2 *, const T2 *, const T2 *, T2)"
78101472,2528,19410,359,1,1,128,1,1,17,0.000,0.000,,,,,NVIDIA A100 80GB PCIe (0),1,7,"void at::native::vectorized_elementwise_kernel<(int)4, at::native::<unnamed>::launch_clamp_scalar(at::TensorIteratorBase &, c10::Scalar, c10::Scalar, at::native::detail::ClampLimits)::[lambda() (instance 1)]::operator ()() const::[lambda() (instance 7)]::operator ()() const::[lambda(float) (instance 1)], at::detail::Array<char *, (int)2>>(int, T2, T3)"
78132544,3040,19430,2,59,2,256,1,1,32,0.004,0.000,,,,,NVIDIA A100 80GB PCIe (0),1,7,"void cudnn::ops::nchwToNhwcKernel<float, float, float, (bool)0, (bool)1, (cudnnKernelDataType_t)2>(cudnn::ops::nchw2nhwc_params_t<T3>, const T1 *, T2 *)"
78136640,24256,19432,1,59,192,256,1,1,32,0.004,0.000,,,,,NVIDIA A100 80GB PCIe (0),1,7,"void cudnn::ops::nchwToNhwcKernel<float, float, float, (bool)0, (bool)1, (cudnnKernelDataType_t)2>(cudnn::ops::nchw2nhwc_params_t<T3>, const T1 *, T2 *)"
78162016,18176,19436,6,2,1,128,1,1,120,0.000,0.123,,,,,NVIDIA A100 80GB PCIe (0),1,7,sm80_xmma_fprop_implicit_gemm_tf32f32_tf32f32_f32_nhwckrsc_nchw_tilesize64x32x64_stage5_warpsize2x2x1_g1_tensor16x8x8_alignc4_execute_kernel_cudnn_infer
78182080,3136,19477,192,2,1,64,1,1,19,0.000,0.000,,,,,NVIDIA A100 80GB PCIe (0),1,7,"void cudnn::bn_fw_inf_1C11_kernel_NCHW<float, float, (bool)1, (int)1>(T2, T2, cudnnTensorStruct, const T1 *, cudnnTensorStruct, T1 *, cudnnTensorStruct, const T2 *, const T2 *, const T2 *, const T2 *, T2)"
78193856,2080,19484,37,1,1,128,1,1,17,0.000,0.000,,,,,NVIDIA A100 80GB PCIe (0),1,7,"void at::native::vectorized_elementwise_kernel<(int)4, at::native::<unnamed>::launch_clamp_scalar(at::TensorIteratorBase &, c10::Scalar, c10::Scalar, at::native::detail::ClampLimits)::[lambda() (instance 1)]::operator ()() const::[lambda() (instance 7)]::operator ()() const::[lambda(float) (instance 1)], at::detail::Array<char *, (int)2>>(int, T2, T3)"
78219584,2592,19504,2,6,2,256,1,1,32,0.004,0.000,,,,,NVIDIA A100 80GB PCIe (0),1,7,"void cudnn::ops::nchwToNhwcKernel<float, float, float, (bool)0, (bool)1, (cudnnKernelDataType_t)2>(cudnn::ops::nchw2nhwc_params_t<T3>, const T1 *, T2 *)"
78223296,3712,19506,1,6,48,256,1,1,32,0.004,0.000,,,,,NVIDIA A100 80GB PCIe (0),1,7,"void cudnn::ops::nchwToNhwcKernel<float, float, float, (bool)0, (bool)1, (cudnnKernelDataType_t)2>(cudnn::ops::nchw2nhwc_params_t<T3>, const T1 *, T2 *)"
78228800,16768,19510,2,2,1,128,1,1,120,0.000,0.123,,,,,NVIDIA A100 80GB PCIe (0),1,7,sm80_xmma_fprop_implicit_gemm_tf32f32_tf32f32_f32_nhwckrsc_nchw_tilesize64x32x64_stage5_warpsize2x2x1_g1_tensor16x8x8_alignc4_execute_kernel_cudnn_infer
78257152,4544,19523,203,19,1,128,1,1,32,0.000,0.000,,,,,NVIDIA A100 80GB PCIe (0),1,7,"void at::native::<unnamed>::CatArrayBatchedCopy_aligned16_contig<float, unsigned int, (int)4, (int)128, (int)1>(T1 *, at::native::<unnamed>::CatArrInputTensorMetadata<T1, T2, T4, T5>, at::native::<unnamed>::TensorSizeStride<T2, (unsigned int)4>, int, T2)"
78290912,6016,19562,1920,2,1,64,1,1,19,0.000,0.000,,,,,NVIDIA A100 80GB PCIe (0),1,7,"void cudnn::bn_fw_inf_1C11_kernel_NCHW<float, float, (bool)1, (int)1>(T2, T2, cudnnTensorStruct, const T1 *, cudnnTensorStruct, T1 *, cudnnTensorStruct, const T2 *, const T2 *, const T2 *, const T2 *, T2)"
78303264,2592,19569,368,1,1,128,1,1,17,0.000,0.000,,,,,NVIDIA A100 80GB PCIe (0),1,7,"void at::native::vectorized_elementwise_kernel<(int)4, at::native::<unnamed>::launch_clamp_scalar(at::TensorIteratorBase &, c10::Scalar, c10::Scalar, at::native::detail::ClampLimits)::[lambda() (instance 1)]::operator ()() const::[lambda() (instance 7)]::operator ()() const::[lambda(float) (instance 1)], at::detail::Array<char *, (int)2>>(int, T2, T3)"
78329984,3009,19589,2,60,2,256,1,1,32,0.004,0.000,,,,,NVIDIA A100 80GB PCIe (0),1,7,"void cudnn::ops::nchwToNhwcKernel<float, float, float, (bool)0, (bool)1, (cudnnKernelDataType_t)2>(cudnn::ops::nchw2nhwc_params_t<T3>, const T1 *, T2 *)"
78334144,24384,19591,1,60,192,256,1,1,32,0.004,0.000,,,,,NVIDIA A100 80GB PCIe (0),1,7,"void cudnn::ops::nchwToNhwcKernel<float, float, float, (bool)0, (bool)1, (cudnnKernelDataType_t)2>(cudnn::ops::nchw2nhwc_params_t<T3>, const T1 *, T2 *)"
78359649,17792,19595,6,2,1,128,1,1,120,0.000,0.123,,,,,NVIDIA A100 80GB PCIe (0),1,7,sm80_xmma_fprop_implicit_gemm_tf32f32_tf32f32_f32_nhwckrsc_nchw_tilesize64x32x64_stage5_warpsize2x2x1_g1_tensor16x8x8_alignc4_execute_kernel_cudnn_infer
78378785,3136,19636,192,2,1,64,1,1,19,0.000,0.000,,,,,NVIDIA A100 80GB PCIe (0),1,7,"void cudnn::bn_fw_inf_1C11_kernel_NCHW<float, float, (bool)1, (int)1>(T2, T2, cudnnTensorStruct, const T1 *, cudnnTensorStruct, T1 *, cudnnTensorStruct, const T2 *, const T2 *, const T2 *, const T2 *, T2)"
78390145,2111,19643,37,1,1,128,1,1,17,0.000,0.000,,,,,NVIDIA A100 80GB PCIe (0),1,7,"void at::native::vectorized_elementwise_kernel<(int)4, at::native::<unnamed>::launch_clamp_scalar(at::TensorIteratorBase &, c10::Scalar, c10::Scalar, at::native::detail::ClampLimits)::[lambda() (instance 1)]::operator ()() const::[lambda() (instance 7)]::operator ()() const::[lambda(float) (instance 1)], at::detail::Array<char *, (int)2>>(int, T2, T3)"
78415361,2592,19663,2,6,2,256,1,1,32,0.004,0.000,,,,,NVIDIA A100 80GB PCIe (0),1,7,"void cudnn::ops::nchwToNhwcKernel<float, float, float, (bool)0, (bool)1, (cudnnKernelDataType_t)2>(cudnn::ops::nchw2nhwc_params_t<T3>, const T1 *, T2 *)"
78419201,3744,19665,1,6,48,256,1,1,32,0.004,0.000,,,,,NVIDIA A100 80GB PCIe (0),1,7,"void cudnn::ops::nchwToNhwcKernel<float, float, float, (bool)0, (bool)1, (cudnnKernelDataType_t)2>(cudnn::ops::nchw2nhwc_params_t<T3>, const T1 *, T2 *)"
78424609,16736,19669,2,2,1,128,1,1,120,0.000,0.123,,,,,NVIDIA A100 80GB PCIe (0),1,7,sm80_xmma_fprop_implicit_gemm_tf32f32_tf32f32_f32_nhwckrsc_nchw_tilesize64x32x64_stage5_warpsize2x2x1_g1_tensor16x8x8_alignc4_execute_kernel_cudnn_infer
78452929,4736,19682,203,20,1,128,1,1,32,0.000,0.000,,,,,NVIDIA A100 80GB PCIe (0),1,7,"void at::native::<unnamed>::CatArrayBatchedCopy_aligned16_contig<float, unsigned int, (int)4, (int)128, (int)1>(T1 *, at::native::<unnamed>::CatArrInputTensorMetadata<T1, T2, T4, T5>, at::native::<unnamed>::TensorSizeStride<T2, (unsigned int)4>, int, T2)"
78486753,6176,19721,1968,2,1,64,1,1,19,0.000,0.000,,,,,NVIDIA A100 80GB PCIe (0),1,7,"void cudnn::bn_fw_inf_1C11_kernel_NCHW<float, float, (bool)1, (int)1>(T2, T2, cudnnTensorStruct, const T1 *, cudnnTensorStruct, T1 *, cudnnTensorStruct, const T2 *, const T2 *, const T2 *, const T2 *, T2)"
78498401,2624,19728,377,1,1,128,1,1,17,0.000,0.000,,,,,NVIDIA A100 80GB PCIe (0),1,7,"void at::native::vectorized_elementwise_kernel<(int)4, at::native::<unnamed>::launch_clamp_scalar(at::TensorIteratorBase &, c10::Scalar, c10::Scalar, at::native::detail::ClampLimits)::[lambda() (instance 1)]::operator ()() const::[lambda() (instance 7)]::operator ()() const::[lambda(float) (instance 1)], at::detail::Array<char *, (int)2>>(int, T2, T3)"
78525089,3008,19748,2,62,2,256,1,1,32,0.004,0.000,,,,,NVIDIA A100 80GB PCIe (0),1,7,"void cudnn::ops::nchwToNhwcKernel<float, float, float, (bool)0, (bool)1, (cudnnKernelDataType_t)2>(cudnn::ops::nchw2nhwc_params_t<T3>, const T1 *, T2 *)"
78529121,25184,19750,1,62,192,256,1,1,32,0.004,0.000,,,,,NVIDIA A100 80GB PCIe (0),1,7,"void cudnn::ops::nchwToNhwcKernel<float, float, float, (bool)0, (bool)1, (cudnnKernelDataType_t)2>(cudnn::ops::nchw2nhwc_params_t<T3>, const T1 *, T2 *)"
78555457,18464,19754,6,2,1,128,1,1,120,0.000,0.123,,,,,NVIDIA A100 80GB PCIe (0),1,7,sm80_xmma_fprop_implicit_gemm_tf32f32_tf32f32_f32_nhwckrsc_nchw_tilesize64x32x64_stage5_warpsize2x2x1_g1_tensor16x8x8_alignc4_execute_kernel_cudnn_infer
78575233,3168,19795,192,2,1,64,1,1,19,0.000,0.000,,,,,NVIDIA A100 80GB PCIe (0),1,7,"void cudnn::bn_fw_inf_1C11_kernel_NCHW<float, float, (bool)1, (int)1>(T2, T2, cudnnTensorStruct, const T1 *, cudnnTensorStruct, T1 *, cudnnTensorStruct, const T2 *, const T2 *, const T2 *, const T2 *, T2)"
78585121,2080,19802,37,1,1,128,1,1,17,0.000,0.000,,,,,NVIDIA A100 80GB PCIe (0),1,7,"void at::native::vectorized_elementwise_kernel<(int)4, at::native::<unnamed>::launch_clamp_scalar(at::TensorIteratorBase &, c10::Scalar, c10::Scalar, at::native::detail::ClampLimits)::[lambda() (instance 1)]::operator ()() const::[lambda() (instance 7)]::operator ()() const::[lambda(float) (instance 1)], at::detail::Array<char *, (int)2>>(int, T2, T3)"
78610114,2591,19822,2,6,2,256,1,1,32,0.004,0.000,,,,,NVIDIA A100 80GB PCIe (0),1,7,"void cudnn::ops::nchwToNhwcKernel<float, float, float, (bool)0, (bool)1, (cudnnKernelDataType_t)2>(cudnn::ops::nchw2nhwc_params_t<T3>, const T1 *, T2 *)"
78613858,3615,19824,1,6,48,256,1,1,32,0.004,0.000,,,,,NVIDIA A100 80GB PCIe (0),1,7,"void cudnn::ops::nchwToNhwcKernel<float, float, float, (bool)0, (bool)1, (cudnnKernelDataType_t)2>(cudnn::ops::nchw2nhwc_params_t<T3>, const T1 *, T2 *)"
78619105,16832,19828,2,2,1,128,1,1,120,0.000,0.123,,,,,NVIDIA A100 80GB PCIe (0),1,7,sm80_xmma_fprop_implicit_gemm_tf32f32_tf32f32_f32_nhwckrsc_nchw_tilesize64x32x64_stage5_warpsize2x2x1_g1_tensor16x8x8_alignc4_execute_kernel_cudnn_infer
78648321,4673,19841,203,21,1,128,1,1,32,0.000,0.000,,,,,NVIDIA A100 80GB PCIe (0),1,7,"void at::native::<unnamed>::CatArrayBatchedCopy_aligned16_contig<float, unsigned int, (int)4, (int)128, (int)1>(T1 *, at::native::<unnamed>::CatArrInputTensorMetadata<T1, T2, T4, T5>, at::native::<unnamed>::TensorSizeStride<T2, (unsigned int)4>, int, T2)"
78681634,6208,19880,2016,2,1,64,1,1,19,0.000,0.000,,,,,NVIDIA A100 80GB PCIe (0),1,7,"void cudnn::bn_fw_inf_1C11_kernel_NCHW<float, float, (bool)1, (int)1>(T2, T2, cudnnTensorStruct, const T1 *, cudnnTensorStruct, T1 *, cudnnTensorStruct, const T2 *, const T2 *, const T2 *, const T2 *, T2)"
78693314,2624,19887,386,1,1,128,1,1,17,0.000,0.000,,,,,NVIDIA A100 80GB PCIe (0),1,7,"void at::native::vectorized_elementwise_kernel<(int)4, at::native::<unnamed>::launch_clamp_scalar(at::TensorIteratorBase &, c10::Scalar, c10::Scalar, at::native::detail::ClampLimits)::[lambda() (instance 1)]::operator ()() const::[lambda() (instance 7)]::operator ()() const::[lambda(float) (instance 1)], at::detail::Array<char *, (int)2>>(int, T2, T3)"
78720578,3136,19907,2,63,2,256,1,1,32,0.004,0.000,,,,,NVIDIA A100 80GB PCIe (0),1,7,"void cudnn::ops::nchwToNhwcKernel<float, float, float, (bool)0, (bool)1, (cudnnKernelDataType_t)2>(cudnn::ops::nchw2nhwc_params_t<T3>, const T1 *, T2 *)"
78724866,25568,19909,1,63,192,256,1,1,32,0.004,0.000,,,,,NVIDIA A100 80GB PCIe (0),1,7,"void cudnn::ops::nchwToNhwcKernel<float, float, float, (bool)0, (bool)1, (cudnnKernelDataType_t)2>(cudnn::ops::nchw2nhwc_params_t<T3>, const T1 *, T2 *)"
78751586,18752,19913,6,2,1,128,1,1,120,0.000,0.123,,,,,NVIDIA A100 80GB PCIe (0),1,7,sm80_xmma_fprop_implicit_gemm_tf32f32_tf32f32_f32_nhwckrsc_nchw_tilesize64x32x64_stage5_warpsize2x2x1_g1_tensor16x8x8_alignc4_execute_kernel_cudnn_infer
78771586,3168,19954,192,2,1,64,1,1,19,0.000,0.000,,,,,NVIDIA A100 80GB PCIe (0),1,7,"void cudnn::bn_fw_inf_1C11_kernel_NCHW<float, float, (bool)1, (int)1>(T2, T2, cudnnTensorStruct, const T1 *, cudnnTensorStruct, T1 *, cudnnTensorStruct, const T2 *, const T2 *, const T2 *, const T2 *, T2)"
78780610,2080,19961,37,1,1,128,1,1,17,0.000,0.000,,,,,NVIDIA A100 80GB PCIe (0),1,7,"void at::native::vectorized_elementwise_kernel<(int)4, at::native::<unnamed>::launch_clamp_scalar(at::TensorIteratorBase &, c10::Scalar, c10::Scalar, at::native::detail::ClampLimits)::[lambda() (instance 1)]::operator ()() const::[lambda() (instance 7)]::operator ()() const::[lambda(float) (instance 1)], at::detail::Array<char *, (int)2>>(int, T2, T3)"
78806274,2560,19981,2,6,2,256,1,1,32,0.004,0.000,,,,,NVIDIA A100 80GB PCIe (0),1,7,"void cudnn::ops::nchwToNhwcKernel<float, float, float, (bool)0, (bool)1, (cudnnKernelDataType_t)2>(cudnn::ops::nchw2nhwc_params_t<T3>, const T1 *, T2 *)"
78810082,3680,19983,1,6,48,256,1,1,32,0.004,0.000,,,,,NVIDIA A100 80GB PCIe (0),1,7,"void cudnn::ops::nchwToNhwcKernel<float, float, float, (bool)0, (bool)1, (cudnnKernelDataType_t)2>(cudnn::ops::nchw2nhwc_params_t<T3>, const T1 *, T2 *)"
78815106,16800,19987,2,2,1,128,1,1,120,0.000,0.123,,,,,NVIDIA A100 80GB PCIe (0),1,7,sm80_xmma_fprop_implicit_gemm_tf32f32_tf32f32_f32_nhwckrsc_nchw_tilesize64x32x64_stage5_warpsize2x2x1_g1_tensor16x8x8_alignc4_execute_kernel_cudnn_infer
78844866,4928,20000,203,22,1,128,1,1,32,0.000,0.000,,,,,NVIDIA A100 80GB PCIe (0),1,7,"void at::native::<unnamed>::CatArrayBatchedCopy_aligned16_contig<float, unsigned int, (int)4, (int)128, (int)1>(T1 *, at::native::<unnamed>::CatArrInputTensorMetadata<T1, T2, T4, T5>, at::native::<unnamed>::TensorSizeStride<T2, (unsigned int)4>, int, T2)"
78878434,6144,20039,2064,2,1,64,1,1,19,0.000,0.000,,,,,NVIDIA A100 80GB PCIe (0),1,7,"void cudnn::bn_fw_inf_1C11_kernel_NCHW<float, float, (bool)1, (int)1>(T2, T2, cudnnTensorStruct, const T1 *, cudnnTensorStruct, T1 *, cudnnTensorStruct, const T2 *, const T2 *, const T2 *, const T2 *, T2)"
78889890,2624,20046,396,1,1,128,1,1,17,0.000,0.000,,,,,NVIDIA A100 80GB PCIe (0),1,7,"void at::native::vectorized_elementwise_kernel<(int)4, at::native::<unnamed>::launch_clamp_scalar(at::TensorIteratorBase &, c10::Scalar, c10::Scalar, at::native::detail::ClampLimits)::[lambda() (instance 1)]::operator ()() const::[lambda() (instance 7)]::operator ()() const::[lambda(float) (instance 1)], at::detail::Array<char *, (int)2>>(int, T2, T3)"
78917282,3072,20066,2,65,2,256,1,1,32,0.004,0.000,,,,,NVIDIA A100 80GB PCIe (0),1,7,"void cudnn::ops::nchwToNhwcKernel<float, float, float, (bool)0, (bool)1, (cudnnKernelDataType_t)2>(cudnn::ops::nchw2nhwc_params_t<T3>, const T1 *, T2 *)"
78921347,26144,20068,1,65,192,256,1,1,32,0.004,0.000,,,,,NVIDIA A100 80GB PCIe (0),1,7,"void cudnn::ops::nchwToNhwcKernel<float, float, float, (bool)0, (bool)1, (cudnnKernelDataType_t)2>(cudnn::ops::nchw2nhwc_params_t<T3>, const T1 *, T2 *)"
78948547,19359,20072,6,2,1,128,1,1,120,0.000,0.123,,,,,NVIDIA A100 80GB PCIe (0),1,7,sm80_xmma_fprop_implicit_gemm_tf32f32_tf32f32_f32_nhwckrsc_nchw_tilesize64x32x64_stage5_warpsize2x2x1_g1_tensor16x8x8_alignc4_execute_kernel_cudnn_infer
78969027,3136,20113,192,2,1,64,1,1,19,0.000,0.000,,,,,NVIDIA A100 80GB PCIe (0),1,7,"void cudnn::bn_fw_inf_1C11_kernel_NCHW<float, float, (bool)1, (int)1>(T2, T2, cudnnTensorStruct, const T1 *, cudnnTensorStruct, T1 *, cudnnTensorStruct, const T2 *, const T2 *, const T2 *, const T2 *, T2)"
78976611,2080,20120,37,1,1,128,1,1,17,0.000,0.000,,,,,NVIDIA A100 80GB PCIe (0),1,7,"void at::native::vectorized_elementwise_kernel<(int)4, at::native::<unnamed>::launch_clamp_scalar(at::TensorIteratorBase &, c10::Scalar, c10::Scalar, at::native::detail::ClampLimits)::[lambda() (instance 1)]::operator ()() const::[lambda() (instance 7)]::operator ()() const::[lambda(float) (instance 1)], at::detail::Array<char *, (int)2>>(int, T2, T3)"
79002627,2592,20140,2,6,2,256,1,1,32,0.004,0.000,,,,,NVIDIA A100 80GB PCIe (0),1,7,"void cudnn::ops::nchwToNhwcKernel<float, float, float, (bool)0, (bool)1, (cudnnKernelDataType_t)2>(cudnn::ops::nchw2nhwc_params_t<T3>, const T1 *, T2 *)"
79007171,3648,20142,1,6,48,256,1,1,32,0.004,0.000,,,,,NVIDIA A100 80GB PCIe (0),1,7,"void cudnn::ops::nchwToNhwcKernel<float, float, float, (bool)0, (bool)1, (cudnnKernelDataType_t)2>(cudnn::ops::nchw2nhwc_params_t<T3>, const T1 *, T2 *)"
79015683,16864,20146,2,2,1,128,1,1,120,0.000,0.123,,,,,NVIDIA A100 80GB PCIe (0),1,7,sm80_xmma_fprop_implicit_gemm_tf32f32_tf32f32_f32_nhwckrsc_nchw_tilesize64x32x64_stage5_warpsize2x2x1_g1_tensor16x8x8_alignc4_execute_kernel_cudnn_infer
79046723,5056,20159,203,23,1,128,1,1,32,0.000,0.000,,,,,NVIDIA A100 80GB PCIe (0),1,7,"void at::native::<unnamed>::CatArrayBatchedCopy_aligned16_contig<float, unsigned int, (int)4, (int)128, (int)1>(T1 *, at::native::<unnamed>::CatArrInputTensorMetadata<T1, T2, T4, T5>, at::native::<unnamed>::TensorSizeStride<T2, (unsigned int)4>, int, T2)"
79082979,6208,20198,2112,2,1,64,1,1,19,0.000,0.000,,,,,NVIDIA A100 80GB PCIe (0),1,7,"void cudnn::bn_fw_inf_1C11_kernel_NCHW<float, float, (bool)1, (int)1>(T2, T2, cudnnTensorStruct, const T1 *, cudnnTensorStruct, T1 *, cudnnTensorStruct, const T2 *, const T2 *, const T2 *, const T2 *, T2)"
79095811,2720,20205,405,1,1,128,1,1,17,0.000,0.000,,,,,NVIDIA A100 80GB PCIe (0),1,7,"void at::native::vectorized_elementwise_kernel<(int)4, at::native::<unnamed>::launch_clamp_scalar(at::TensorIteratorBase &, c10::Scalar, c10::Scalar, at::native::detail::ClampLimits)::[lambda() (instance 1)]::operator ()() const::[lambda() (instance 7)]::operator ()() const::[lambda(float) (instance 1)], at::detail::Array<char *, (int)2>>(int, T2, T3)"
79124579,3232,20225,2,66,2,256,1,1,32,0.004,0.000,,,,,NVIDIA A100 80GB PCIe (0),1,7,"void cudnn::ops::nchwToNhwcKernel<float, float, float, (bool)0, (bool)1, (cudnnKernelDataType_t)2>(cudnn::ops::nchw2nhwc_params_t<T3>, const T1 *, T2 *)"
79128963,26688,20227,1,66,192,256,1,1,32,0.004,0.000,,,,,NVIDIA A100 80GB PCIe (0),1,7,"void cudnn::ops::nchwToNhwcKernel<float, float, float, (bool)0, (bool)1, (cudnnKernelDataType_t)2>(cudnn::ops::nchw2nhwc_params_t<T3>, const T1 *, T2 *)"
79156803,19008,20231,6,2,1,128,1,1,120,0.000,0.123,,,,,NVIDIA A100 80GB PCIe (0),1,7,sm80_xmma_fprop_implicit_gemm_tf32f32_tf32f32_f32_nhwckrsc_nchw_tilesize64x32x64_stage5_warpsize2x2x1_g1_tensor16x8x8_alignc4_execute_kernel_cudnn_infer
79177059,3168,20272,192,2,1,64,1,1,19,0.000,0.000,,,,,NVIDIA A100 80GB PCIe (0),1,7,"void cudnn::bn_fw_inf_1C11_kernel_NCHW<float, float, (bool)1, (int)1>(T2, T2, cudnnTensorStruct, const T1 *, cudnnTensorStruct, T1 *, cudnnTensorStruct, const T2 *, const T2 *, const T2 *, const T2 *, T2)"
79185251,2080,20279,37,1,1,128,1,1,17,0.000,0.000,,,,,NVIDIA A100 80GB PCIe (0),1,7,"void at::native::vectorized_elementwise_kernel<(int)4, at::native::<unnamed>::launch_clamp_scalar(at::TensorIteratorBase &, c10::Scalar, c10::Scalar, at::native::detail::ClampLimits)::[lambda() (instance 1)]::operator ()() const::[lambda() (instance 7)]::operator ()() const::[lambda(float) (instance 1)], at::detail::Array<char *, (int)2>>(int, T2, T3)"
79211108,2592,20299,2,6,2,256,1,1,32,0.004,0.000,,,,,NVIDIA A100 80GB PCIe (0),1,7,"void cudnn::ops::nchwToNhwcKernel<float, float, float, (bool)0, (bool)1, (cudnnKernelDataType_t)2>(cudnn::ops::nchw2nhwc_params_t<T3>, const T1 *, T2 *)"
79215492,3679,20301,1,6,48,256,1,1,32,0.004,0.000,,,,,NVIDIA A100 80GB PCIe (0),1,7,"void cudnn::ops::nchwToNhwcKernel<float, float, float, (bool)0, (bool)1, (cudnnKernelDataType_t)2>(cudnn::ops::nchw2nhwc_params_t<T3>, const T1 *, T2 *)"
79220227,16801,20305,2,2,1,128,1,1,120,0.000,0.123,,,,,NVIDIA A100 80GB PCIe (0),1,7,sm80_xmma_fprop_implicit_gemm_tf32f32_tf32f32_f32_nhwckrsc_nchw_tilesize64x32x64_stage5_warpsize2x2x1_g1_tensor16x8x8_alignc4_execute_kernel_cudnn_infer
79250212,5216,20318,203,24,1,128,1,1,32,0.000,0.000,,,,,NVIDIA A100 80GB PCIe (0),1,7,"void at::native::<unnamed>::CatArrayBatchedCopy_aligned16_contig<float, unsigned int, (int)4, (int)128, (int)1>(T1 *, at::native::<unnamed>::CatArrInputTensorMetadata<T1, T2, T4, T5>, at::native::<unnamed>::TensorSizeStride<T2, (unsigned int)4>, int, T2)"
79284228,6400,20357,2160,2,1,64,1,1,19,0.000,0.000,,,,,NVIDIA A100 80GB PCIe (0),1,7,"void cudnn::bn_fw_inf_1C11_kernel_NCHW<float, float, (bool)1, (int)1>(T2, T2, cudnnTensorStruct, const T1 *, cudnnTensorStruct, T1 *, cudnnTensorStruct, const T2 *, const T2 *, const T2 *, const T2 *, T2)"
79295812,2656,20364,414,1,1,128,1,1,17,0.000,0.000,,,,,NVIDIA A100 80GB PCIe (0),1,7,"void at::native::vectorized_elementwise_kernel<(int)4, at::native::<unnamed>::launch_clamp_scalar(at::TensorIteratorBase &, c10::Scalar, c10::Scalar, at::native::detail::ClampLimits)::[lambda() (instance 1)]::operator ()() const::[lambda() (instance 7)]::operator ()() const::[lambda(float) (instance 1)], at::detail::Array<char *, (int)2>>(int, T2, T3)"
79324164,3072,20384,2,68,2,256,1,1,32,0.004,0.000,,,,,NVIDIA A100 80GB PCIe (0),1,7,"void cudnn::ops::nchwToNhwcKernel<float, float, float, (bool)0, (bool)1, (cudnnKernelDataType_t)2>(cudnn::ops::nchw2nhwc_params_t<T3>, const T1 *, T2 *)"
79328228,27168,20386,1,68,192,256,1,1,32,0.004,0.000,,,,,NVIDIA A100 80GB PCIe (0),1,7,"void cudnn::ops::nchwToNhwcKernel<float, float, float, (bool)0, (bool)1, (cudnnKernelDataType_t)2>(cudnn::ops::nchw2nhwc_params_t<T3>, const T1 *, T2 *)"
79356548,19968,20390,6,2,1,128,1,1,120,0.000,0.123,,,,,NVIDIA A100 80GB PCIe (0),1,7,sm80_xmma_fprop_implicit_gemm_tf32f32_tf32f32_f32_nhwckrsc_nchw_tilesize64x32x64_stage5_warpsize2x2x1_g1_tensor16x8x8_alignc4_execute_kernel_cudnn_infer
79377636,3136,20431,192,2,1,64,1,1,19,0.000,0.000,,,,,NVIDIA A100 80GB PCIe (0),1,7,"void cudnn::bn_fw_inf_1C11_kernel_NCHW<float, float, (bool)1, (int)1>(T2, T2, cudnnTensorStruct, const T1 *, cudnnTensorStruct, T1 *, cudnnTensorStruct, const T2 *, const T2 *, const T2 *, const T2 *, T2)"
79384036,2080,20438,37,1,1,128,1,1,17,0.000,0.000,,,,,NVIDIA A100 80GB PCIe (0),1,7,"void at::native::vectorized_elementwise_kernel<(int)4, at::native::<unnamed>::launch_clamp_scalar(at::TensorIteratorBase &, c10::Scalar, c10::Scalar, at::native::detail::ClampLimits)::[lambda() (instance 1)]::operator ()() const::[lambda() (instance 7)]::operator ()() const::[lambda(float) (instance 1)], at::detail::Array<char *, (int)2>>(int, T2, T3)"
79408292,2592,20458,2,6,2,256,1,1,32,0.004,0.000,,,,,NVIDIA A100 80GB PCIe (0),1,7,"void cudnn::ops::nchwToNhwcKernel<float, float, float, (bool)0, (bool)1, (cudnnKernelDataType_t)2>(cudnn::ops::nchw2nhwc_params_t<T3>, const T1 *, T2 *)"
79411972,3648,20460,1,6,48,256,1,1,32,0.004,0.000,,,,,NVIDIA A100 80GB PCIe (0),1,7,"void cudnn::ops::nchwToNhwcKernel<float, float, float, (bool)0, (bool)1, (cudnnKernelDataType_t)2>(cudnn::ops::nchw2nhwc_params_t<T3>, const T1 *, T2 *)"
79417476,16768,20464,2,2,1,128,1,1,120,0.000,0.123,,,,,NVIDIA A100 80GB PCIe (0),1,7,sm80_xmma_fprop_implicit_gemm_tf32f32_tf32f32_f32_nhwckrsc_nchw_tilesize64x32x64_stage5_warpsize2x2x1_g1_tensor16x8x8_alignc4_execute_kernel_cudnn_infer
79445892,5280,20477,203,25,1,128,1,1,32,0.000,0.000,,,,,NVIDIA A100 80GB PCIe (0),1,7,"void at::native::<unnamed>::CatArrayBatchedCopy_aligned16_contig<float, unsigned int, (int)4, (int)128, (int)1>(T1 *, at::native::<unnamed>::CatArrInputTensorMetadata<T1, T2, T4, T5>, at::native::<unnamed>::TensorSizeStride<T2, (unsigned int)4>, int, T2)"
79495877,6368,20516,2208,2,1,64,1,1,19,0.000,0.000,,,,,NVIDIA A100 80GB PCIe (0),1,7,"void cudnn::bn_fw_inf_1C11_kernel_NCHW<float, float, (bool)1, (int)1>(T2, T2, cudnnTensorStruct, const T1 *, cudnnTensorStruct, T1 *, cudnnTensorStruct, const T2 *, const T2 *, const T2 *, const T2 *, T2)"
79509253,2623,20523,423,1,1,128,1,1,17,0.000,0.000,,,,,NVIDIA A100 80GB PCIe (0),1,7,"void at::native::vectorized_elementwise_kernel<(int)4, at::native::<unnamed>::launch_clamp_scalar(at::TensorIteratorBase &, c10::Scalar, c10::Scalar, at::native::detail::ClampLimits)::[lambda() (instance 1)]::operator ()() const::[lambda() (instance 7)]::operator ()() const::[lambda(float) (instance 1)], at::detail::Array<char *, (int)2>>(int, T2, T3)"
79553093,5376,20539,276,1,1,32,16,1,32,0.000,0.000,,,,,NVIDIA A100 80GB PCIe (0),1,7,"void at::native::reduce_kernel<(int)512, (int)1, at::native::ReduceOp<float, at::native::MeanOps<float, float, float, float>, unsigned int, float, (int)4>>(T3)"
79621637,18240,20554,8,1,13,256,1,1,57,0.016,0.000,,,,,NVIDIA A100 80GB PCIe (0),1,7,ampere_sgemm_128x32_tn
79640933,3520,20556,32,1,1,32,16,1,32,0.000,0.000,,,,,NVIDIA A100 80GB PCIe (0),1,7,"void splitKreduce_kernel<(int)32, (int)16, int, float, float, float, float, (bool)1, (bool)1, (bool)0>(cublasSplitKParams<T6>, const T4 *, const T5 *, T5 *, const T6 *, const T6 *, const T7 *, const T4 *, T7 *, void *, long, T6 *, int *)"
