Start (ns),Duration (ns),CorrId,GrdX,GrdY,GrdZ,BlkX,BlkY,BlkZ,Reg/Trd,StcSMem (MB),DymSMem (MB),Bytes (MB),Throughput (MB/s),SrcMemKd,DstMemKd,Device,Ctx,Strm,Name
57078633,47552,6272,,,,,,,,,,1.204,25323.626,Pinned,Device,NVIDIA A100 80GB PCIe (0),1,7,[CUDA memcpy Host-to-Device]
57344266,8768,6289,1568,1,2,256,1,1,32,0.004,0.000,,,,,NVIDIA A100 80GB PCIe (0),1,7,"void cudnn::ops::nchwToNhwcKernel<float, float, float, (bool)0, (bool)1, (cudnnKernelDataType_t)2>(cudnn::ops::nchw2nhwc_params_t<T3>, const T1 *, T2 *)"
57354058,3424,6291,2,1,64,256,1,1,32,0.004,0.000,,,,,NVIDIA A100 80GB PCIe (0),1,7,"void cudnn::ops::nchwToNhwcKernel<float, float, float, (bool)0, (bool)1, (cudnnKernelDataType_t)2>(cudnn::ops::nchw2nhwc_params_t<T3>, const T1 *, T2 *)"
57358474,23232,6293,2,196,1,128,1,1,112,0.000,0.004,,,,,NVIDIA A100 80GB PCIe (0),1,7,sm80_xmma_fprop_implicit_gemm_indexed_wo_smem_tf32f32_tf32f32_f32_nhwckrsc_nhwc_tilesize128x32x16_stage1_warpsize4x1x1_g1_tensor16x8x8_aligna4_execute_kernel_cudnn_infer
57382698,6176,6295,392,2,2,256,1,1,32,0.004,0.000,,,,,NVIDIA A100 80GB PCIe (0),1,7,"void cudnn::ops::nhwcToNchwKernel<float, float, float, (bool)1, (bool)0, (cudnnKernelDataType_t)0>(cudnn::ops::nhwc2nchw_params_t<T3>, const T1 *, T2 *)"
57403850,12064,6336,64,2,1,512,1,1,19,0.000,0.000,,,,,NVIDIA A100 80GB PCIe (0),1,7,"void cudnn::bn_fw_inf_1C11_kernel_NCHW<float, float, (bool)1, (int)1>(T2, T2, cudnnTensorStruct, const T1 *, cudnnTensorStruct, T1 *, cudnnTensorStruct, const T2 *, const T2 *, const T2 *, const T2 *, T2)"
57446186,5504,6343,3136,1,1,128,1,1,17,0.000,0.000,,,,,NVIDIA A100 80GB PCIe (0),1,7,"void at::native::vectorized_elementwise_kernel<(int)4, at::native::<unnamed>::launch_clamp_scalar(at::TensorIteratorBase &, c10::Scalar, c10::Scalar, at::native::detail::ClampLimits)::[lambda() (instance 1)]::operator ()() const::[lambda() (instance 7)]::operator ()() const::[lambda(float) (instance 1)], at::detail::Array<char *, (int)2>>(int, T2, T3)"
57486602,13056,6360,1568,1,1,256,1,1,26,0.000,0.000,,,,,NVIDIA A100 80GB PCIe (0),1,7,"void at::native::<unnamed>::max_pool_forward_nchw<float, float>(int, const T1 *, long, long, long, int, int, int, int, int, int, int, int, int, int, T1 *, long *)"
57562699,5856,6380,8,7,2,128,1,1,90,0.000,0.049,,,,,NVIDIA A100 80GB PCIe (0),1,7,void cutlass::Kernel<cutlass_80_tensorop_s1688gemm_64x64_16x6_nn_align4>(T1::Params)
57607435,5280,6421,64,2,1,512,1,1,19,0.000,0.000,,,,,NVIDIA A100 80GB PCIe (0),1,7,"void cudnn::bn_fw_inf_1C11_kernel_NCHW<float, float, (bool)1, (int)1>(T2, T2, cudnnTensorStruct, const T1 *, cudnnTensorStruct, T1 *, cudnnTensorStruct, const T2 *, const T2 *, const T2 *, const T2 *, T2)"
57624715,3072,6428,784,1,1,128,1,1,17,0.000,0.000,,,,,NVIDIA A100 80GB PCIe (0),1,7,"void at::native::vectorized_elementwise_kernel<(int)4, at::native::<unnamed>::launch_clamp_scalar(at::TensorIteratorBase &, c10::Scalar, c10::Scalar, at::native::detail::ClampLimits)::[lambda() (instance 1)]::operator ()() const::[lambda() (instance 7)]::operator ()() const::[lambda(float) (instance 1)], at::detail::Array<char *, (int)2>>(int, T2, T3)"
57655147,3744,6448,98,2,2,256,1,1,32,0.004,0.000,,,,,NVIDIA A100 80GB PCIe (0),1,7,"void cudnn::ops::nchwToNhwcKernel<float, float, float, (bool)0, (bool)1, (cudnnKernelDataType_t)2>(cudnn::ops::nchw2nhwc_params_t<T3>, const T1 *, T2 *)"
57659883,3680,6450,1,2,64,256,1,1,32,0.004,0.000,,,,,NVIDIA A100 80GB PCIe (0),1,7,"void cudnn::ops::nchwToNhwcKernel<float, float, float, (bool)0, (bool)1, (cudnnKernelDataType_t)2>(cudnn::ops::nchw2nhwc_params_t<T3>, const T1 *, T2 *)"
57669675,11584,6453,98,1,1,128,1,1,118,0.000,0.082,,,,,NVIDIA A100 80GB PCIe (0),1,7,void cutlass_cudnn_infer::Kernel<cutlass_tensorop_s1688fprop_optimized_tf32_64x64_32x5_nhwc_align4>(T1::Params)
57682219,3616,6456,98,2,2,256,1,1,32,0.004,0.000,,,,,NVIDIA A100 80GB PCIe (0),1,7,"void cudnn::ops::nhwcToNchwKernel<float, float, float, (bool)1, (bool)0, (cudnnKernelDataType_t)0>(cudnn::ops::nhwc2nchw_params_t<T3>, const T1 *, T2 *)"
57714603,5216,6497,64,2,1,512,1,1,19,0.000,0.000,,,,,NVIDIA A100 80GB PCIe (0),1,7,"void cudnn::bn_fw_inf_1C11_kernel_NCHW<float, float, (bool)1, (int)1>(T2, T2, cudnnTensorStruct, const T1 *, cudnnTensorStruct, T1 *, cudnnTensorStruct, const T2 *, const T2 *, const T2 *, const T2 *, T2)"
57728587,3008,6504,784,1,1,128,1,1,17,0.000,0.000,,,,,NVIDIA A100 80GB PCIe (0),1,7,"void at::native::vectorized_elementwise_kernel<(int)4, at::native::<unnamed>::launch_clamp_scalar(at::TensorIteratorBase &, c10::Scalar, c10::Scalar, at::native::detail::ClampLimits)::[lambda() (instance 1)]::operator ()() const::[lambda() (instance 7)]::operator ()() const::[lambda(float) (instance 1)], at::detail::Array<char *, (int)2>>(int, T2, T3)"
57769035,11872,6526,32,7,2,128,1,1,90,0.000,0.049,,,,,NVIDIA A100 80GB PCIe (0),1,7,void cutlass::Kernel<cutlass_80_tensorop_s1688gemm_64x64_16x6_nn_align4>(T1::Params)
57808683,8992,6567,256,2,1,512,1,1,19,0.000,0.000,,,,,NVIDIA A100 80GB PCIe (0),1,7,"void cudnn::bn_fw_inf_1C11_kernel_NCHW<float, float, (bool)1, (int)1>(T2, T2, cudnnTensorStruct, const T1 *, cudnnTensorStruct, T1 *, cudnnTensorStruct, const T2 *, const T2 *, const T2 *, const T2 *, T2)"
57844235,11456,6587,32,7,2,128,1,1,90,0.000,0.049,,,,,NVIDIA A100 80GB PCIe (0),1,7,void cutlass::Kernel<cutlass_80_tensorop_s1688gemm_64x64_16x6_nn_align4>(T1::Params)
57879019,9281,6628,256,2,1,512,1,1,19,0.000,0.000,,,,,NVIDIA A100 80GB PCIe (0),1,7,"void cudnn::bn_fw_inf_1C11_kernel_NCHW<float, float, (bool)1, (int)1>(T2, T2, cudnnTensorStruct, const T1 *, cudnnTensorStruct, T1 *, cudnnTensorStruct, const T2 *, const T2 *, const T2 *, const T2 *, T2)"
57902124,7072,6634,3136,1,1,128,1,1,22,0.000,0.000,,,,,NVIDIA A100 80GB PCIe (0),1,7,"void at::native::vectorized_elementwise_kernel<(int)4, at::native::CUDAFunctor_add<float>, at::detail::Array<char *, (int)3>>(int, T2, T3)"
57914636,5184,6641,3136,1,1,128,1,1,17,0.000,0.000,,,,,NVIDIA A100 80GB PCIe (0),1,7,"void at::native::vectorized_elementwise_kernel<(int)4, at::native::<unnamed>::launch_clamp_scalar(at::TensorIteratorBase &, c10::Scalar, c10::Scalar, at::native::detail::ClampLimits)::[lambda() (instance 1)]::operator ()() const::[lambda() (instance 7)]::operator ()() const::[lambda(float) (instance 1)], at::detail::Array<char *, (int)2>>(int, T2, T3)"
57952172,8672,6663,8,7,2,128,1,1,90,0.000,0.049,,,,,NVIDIA A100 80GB PCIe (0),1,7,void cutlass::Kernel<cutlass_80_tensorop_s1688gemm_64x64_16x6_nn_align4>(T1::Params)
57987788,5216,6704,64,2,1,512,1,1,19,0.000,0.000,,,,,NVIDIA A100 80GB PCIe (0),1,7,"void cudnn::bn_fw_inf_1C11_kernel_NCHW<float, float, (bool)1, (int)1>(T2, T2, cudnnTensorStruct, const T1 *, cudnnTensorStruct, T1 *, cudnnTensorStruct, const T2 *, const T2 *, const T2 *, const T2 *, T2)"
58002124,2976,6711,784,1,1,128,1,1,17,0.000,0.000,,,,,NVIDIA A100 80GB PCIe (0),1,7,"void at::native::vectorized_elementwise_kernel<(int)4, at::native::<unnamed>::launch_clamp_scalar(at::TensorIteratorBase &, c10::Scalar, c10::Scalar, at::native::detail::ClampLimits)::[lambda() (instance 1)]::operator ()() const::[lambda() (instance 7)]::operator ()() const::[lambda(float) (instance 1)], at::detail::Array<char *, (int)2>>(int, T2, T3)"
58027564,3744,6731,98,2,2,256,1,1,32,0.004,0.000,,,,,NVIDIA A100 80GB PCIe (0),1,7,"void cudnn::ops::nchwToNhwcKernel<float, float, float, (bool)0, (bool)1, (cudnnKernelDataType_t)2>(cudnn::ops::nchw2nhwc_params_t<T3>, const T1 *, T2 *)"
58032236,3712,6733,1,2,64,256,1,1,32,0.004,0.000,,,,,NVIDIA A100 80GB PCIe (0),1,7,"void cudnn::ops::nchwToNhwcKernel<float, float, float, (bool)0, (bool)1, (cudnnKernelDataType_t)2>(cudnn::ops::nchw2nhwc_params_t<T3>, const T1 *, T2 *)"
58036972,11200,6736,98,1,1,128,1,1,118,0.000,0.082,,,,,NVIDIA A100 80GB PCIe (0),1,7,void cutlass_cudnn_infer::Kernel<cutlass_tensorop_s1688fprop_optimized_tf32_64x64_32x5_nhwc_align4>(T1::Params)
58049260,3616,6739,98,2,2,256,1,1,32,0.004,0.000,,,,,NVIDIA A100 80GB PCIe (0),1,7,"void cudnn::ops::nhwcToNchwKernel<float, float, float, (bool)1, (bool)0, (cudnnKernelDataType_t)0>(cudnn::ops::nhwc2nchw_params_t<T3>, const T1 *, T2 *)"
58077644,5344,6780,64,2,1,512,1,1,19,0.000,0.000,,,,,NVIDIA A100 80GB PCIe (0),1,7,"void cudnn::bn_fw_inf_1C11_kernel_NCHW<float, float, (bool)1, (int)1>(T2, T2, cudnnTensorStruct, const T1 *, cudnnTensorStruct, T1 *, cudnnTensorStruct, const T2 *, const T2 *, const T2 *, const T2 *, T2)"
58090348,3072,6787,784,1,1,128,1,1,17,0.000,0.000,,,,,NVIDIA A100 80GB PCIe (0),1,7,"void at::native::vectorized_elementwise_kernel<(int)4, at::native::<unnamed>::launch_clamp_scalar(at::TensorIteratorBase &, c10::Scalar, c10::Scalar, at::native::detail::ClampLimits)::[lambda() (instance 1)]::operator ()() const::[lambda() (instance 7)]::operator ()() const::[lambda(float) (instance 1)], at::detail::Array<char *, (int)2>>(int, T2, T3)"
58119660,12129,6809,32,7,2,128,1,1,90,0.000,0.049,,,,,NVIDIA A100 80GB PCIe (0),1,7,void cutlass::Kernel<cutlass_80_tensorop_s1688gemm_64x64_16x6_nn_align4>(T1::Params)
58155821,8928,6850,256,2,1,512,1,1,19,0.000,0.000,,,,,NVIDIA A100 80GB PCIe (0),1,7,"void cudnn::bn_fw_inf_1C11_kernel_NCHW<float, float, (bool)1, (int)1>(T2, T2, cudnnTensorStruct, const T1 *, cudnnTensorStruct, T1 *, cudnnTensorStruct, const T2 *, const T2 *, const T2 *, const T2 *, T2)"
58167853,6304,6856,3136,1,1,128,1,1,22,0.000,0.000,,,,,NVIDIA A100 80GB PCIe (0),1,7,"void at::native::vectorized_elementwise_kernel<(int)4, at::native::CUDAFunctor_add<float>, at::detail::Array<char *, (int)3>>(int, T2, T3)"
58178125,5408,6863,3136,1,1,128,1,1,17,0.000,0.000,,,,,NVIDIA A100 80GB PCIe (0),1,7,"void at::native::vectorized_elementwise_kernel<(int)4, at::native::<unnamed>::launch_clamp_scalar(at::TensorIteratorBase &, c10::Scalar, c10::Scalar, at::native::detail::ClampLimits)::[lambda() (instance 1)]::operator ()() const::[lambda() (instance 7)]::operator ()() const::[lambda(float) (instance 1)], at::detail::Array<char *, (int)2>>(int, T2, T3)"
58209645,8896,6885,8,7,2,128,1,1,90,0.000,0.049,,,,,NVIDIA A100 80GB PCIe (0),1,7,void cutlass::Kernel<cutlass_80_tensorop_s1688gemm_64x64_16x6_nn_align4>(T1::Params)
58245165,5280,6926,64,2,1,512,1,1,19,0.000,0.000,,,,,NVIDIA A100 80GB PCIe (0),1,7,"void cudnn::bn_fw_inf_1C11_kernel_NCHW<float, float, (bool)1, (int)1>(T2, T2, cudnnTensorStruct, const T1 *, cudnnTensorStruct, T1 *, cudnnTensorStruct, const T2 *, const T2 *, const T2 *, const T2 *, T2)"
58259469,3008,6933,784,1,1,128,1,1,17,0.000,0.000,,,,,NVIDIA A100 80GB PCIe (0),1,7,"void at::native::vectorized_elementwise_kernel<(int)4, at::native::<unnamed>::launch_clamp_scalar(at::TensorIteratorBase &, c10::Scalar, c10::Scalar, at::native::detail::ClampLimits)::[lambda() (instance 1)]::operator ()() const::[lambda() (instance 7)]::operator ()() const::[lambda(float) (instance 1)], at::detail::Array<char *, (int)2>>(int, T2, T3)"
58284237,3712,6953,98,2,2,256,1,1,32,0.004,0.000,,,,,NVIDIA A100 80GB PCIe (0),1,7,"void cudnn::ops::nchwToNhwcKernel<float, float, float, (bool)0, (bool)1, (cudnnKernelDataType_t)2>(cudnn::ops::nchw2nhwc_params_t<T3>, const T1 *, T2 *)"
58289069,3584,6955,1,2,64,256,1,1,32,0.004,0.000,,,,,NVIDIA A100 80GB PCIe (0),1,7,"void cudnn::ops::nchwToNhwcKernel<float, float, float, (bool)0, (bool)1, (cudnnKernelDataType_t)2>(cudnn::ops::nchw2nhwc_params_t<T3>, const T1 *, T2 *)"
58293741,11136,6958,98,1,1,128,1,1,118,0.000,0.082,,,,,NVIDIA A100 80GB PCIe (0),1,7,void cutlass_cudnn_infer::Kernel<cutlass_tensorop_s1688fprop_optimized_tf32_64x64_32x5_nhwc_align4>(T1::Params)
58305805,3552,6961,98,2,2,256,1,1,32,0.004,0.000,,,,,NVIDIA A100 80GB PCIe (0),1,7,"void cudnn::ops::nhwcToNchwKernel<float, float, float, (bool)1, (bool)0, (cudnnKernelDataType_t)0>(cudnn::ops::nhwc2nchw_params_t<T3>, const T1 *, T2 *)"
58333581,5184,7002,64,2,1,512,1,1,19,0.000,0.000,,,,,NVIDIA A100 80GB PCIe (0),1,7,"void cudnn::bn_fw_inf_1C11_kernel_NCHW<float, float, (bool)1, (int)1>(T2, T2, cudnnTensorStruct, const T1 *, cudnnTensorStruct, T1 *, cudnnTensorStruct, const T2 *, const T2 *, const T2 *, const T2 *, T2)"
58346253,3104,7009,784,1,1,128,1,1,17,0.000,0.000,,,,,NVIDIA A100 80GB PCIe (0),1,7,"void at::native::vectorized_elementwise_kernel<(int)4, at::native::<unnamed>::launch_clamp_scalar(at::TensorIteratorBase &, c10::Scalar, c10::Scalar, at::native::detail::ClampLimits)::[lambda() (instance 1)]::operator ()() const::[lambda() (instance 7)]::operator ()() const::[lambda(float) (instance 1)], at::detail::Array<char *, (int)2>>(int, T2, T3)"
58378605,11360,7031,32,7,2,128,1,1,90,0.000,0.049,,,,,NVIDIA A100 80GB PCIe (0),1,7,void cutlass::Kernel<cutlass_80_tensorop_s1688gemm_64x64_16x6_nn_align4>(T1::Params)
58416077,9216,7072,256,2,1,512,1,1,19,0.000,0.000,,,,,NVIDIA A100 80GB PCIe (0),1,7,"void cudnn::bn_fw_inf_1C11_kernel_NCHW<float, float, (bool)1, (int)1>(T2, T2, cudnnTensorStruct, const T1 *, cudnnTensorStruct, T1 *, cudnnTensorStruct, const T2 *, const T2 *, const T2 *, const T2 *, T2)"
58428173,6592,7078,3136,1,1,128,1,1,22,0.000,0.000,,,,,NVIDIA A100 80GB PCIe (0),1,7,"void at::native::vectorized_elementwise_kernel<(int)4, at::native::CUDAFunctor_add<float>, at::detail::Array<char *, (int)3>>(int, T2, T3)"
58438509,5184,7085,3136,1,1,128,1,1,17,0.000,0.000,,,,,NVIDIA A100 80GB PCIe (0),1,7,"void at::native::vectorized_elementwise_kernel<(int)4, at::native::<unnamed>::launch_clamp_scalar(at::TensorIteratorBase &, c10::Scalar, c10::Scalar, at::native::detail::ClampLimits)::[lambda() (instance 1)]::operator ()() const::[lambda() (instance 7)]::operator ()() const::[lambda(float) (instance 1)], at::detail::Array<char *, (int)2>>(int, T2, T3)"
58479822,14080,7107,16,7,2,128,1,1,90,0.000,0.049,,,,,NVIDIA A100 80GB PCIe (0),1,7,void cutlass::Kernel<cutlass_80_tensorop_s1688gemm_64x64_16x6_nn_align4>(T1::Params)
58516878,5952,7148,128,2,1,512,1,1,19,0.000,0.000,,,,,NVIDIA A100 80GB PCIe (0),1,7,"void cudnn::bn_fw_inf_1C11_kernel_NCHW<float, float, (bool)1, (int)1>(T2, T2, cudnnTensorStruct, const T1 *, cudnnTensorStruct, T1 *, cudnnTensorStruct, const T2 *, const T2 *, const T2 *, const T2 *, T2)"
58530702,3680,7155,1568,1,1,128,1,1,17,0.000,0.000,,,,,NVIDIA A100 80GB PCIe (0),1,7,"void at::native::vectorized_elementwise_kernel<(int)4, at::native::<unnamed>::launch_clamp_scalar(at::TensorIteratorBase &, c10::Scalar, c10::Scalar, at::native::detail::ClampLimits)::[lambda() (instance 1)]::operator ()() const::[lambda() (instance 7)]::operator ()() const::[lambda(float) (instance 1)], at::detail::Array<char *, (int)2>>(int, T2, T3)"
58559054,4576,7175,98,4,2,256,1,1,32,0.004,0.000,,,,,NVIDIA A100 80GB PCIe (0),1,7,"void cudnn::ops::nchwToNhwcKernel<float, float, float, (bool)0, (bool)1, (cudnnKernelDataType_t)2>(cudnn::ops::nchw2nhwc_params_t<T3>, const T1 *, T2 *)"
58564622,4128,7177,1,4,128,256,1,1,32,0.004,0.000,,,,,NVIDIA A100 80GB PCIe (0),1,7,"void cudnn::ops::nchwToNhwcKernel<float, float, float, (bool)0, (bool)1, (cudnnKernelDataType_t)2>(cudnn::ops::nchw2nhwc_params_t<T3>, const T1 *, T2 *)"
58574734,17120,7181,4,25,1,128,1,1,120,0.000,0.123,,,,,NVIDIA A100 80GB PCIe (0),1,7,sm80_xmma_fprop_implicit_gemm_tf32f32_tf32f32_f32_nhwckrsc_nchw_tilesize64x32x64_stage5_warpsize2x2x1_g1_tensor16x8x8_alignc4_execute_kernel_cudnn_infer
58613102,4192,7222,128,2,1,256,1,1,19,0.000,0.000,,,,,NVIDIA A100 80GB PCIe (0),1,7,"void cudnn::bn_fw_inf_1C11_kernel_NCHW<float, float, (bool)1, (int)1>(T2, T2, cudnnTensorStruct, const T1 *, cudnnTensorStruct, T1 *, cudnnTensorStruct, const T2 *, const T2 *, const T2 *, const T2 *, T2)"
58626606,2560,7229,392,1,1,128,1,1,17,0.000,0.000,,,,,NVIDIA A100 80GB PCIe (0),1,7,"void at::native::vectorized_elementwise_kernel<(int)4, at::native::<unnamed>::launch_clamp_scalar(at::TensorIteratorBase &, c10::Scalar, c10::Scalar, at::native::detail::ClampLimits)::[lambda() (instance 1)]::operator ()() const::[lambda() (instance 7)]::operator ()() const::[lambda(float) (instance 1)], at::detail::Array<char *, (int)2>>(int, T2, T3)"
58657006,10592,7251,64,2,2,128,1,1,90,0.000,0.049,,,,,NVIDIA A100 80GB PCIe (0),1,7,void cutlass::Kernel<cutlass_80_tensorop_s1688gemm_64x64_16x6_nn_align4>(T1::Params)
58692430,6816,7292,512,2,1,256,1,1,19,0.000,0.000,,,,,NVIDIA A100 80GB PCIe (0),1,7,"void cudnn::bn_fw_inf_1C11_kernel_NCHW<float, float, (bool)1, (int)1>(T2, T2, cudnnTensorStruct, const T1 *, cudnnTensorStruct, T1 *, cudnnTensorStruct, const T2 *, const T2 *, const T2 *, const T2 *, T2)"
58722510,6240,7310,98,8,2,256,1,1,32,0.004,0.000,,,,,NVIDIA A100 80GB PCIe (0),1,7,"void cudnn::ops::nchwToNhwcKernel<float, float, float, (bool)0, (bool)1, (cudnnKernelDataType_t)2>(cudnn::ops::nchw2nhwc_params_t<T3>, const T1 *, T2 *)"
58729806,10912,7312,1,8,512,256,1,1,32,0.004,0.000,,,,,NVIDIA A100 80GB PCIe (0),1,7,"void cudnn::ops::nchwToNhwcKernel<float, float, float, (bool)0, (bool)1, (cudnnKernelDataType_t)2>(cudnn::ops::nchw2nhwc_params_t<T3>, const T1 *, T2 *)"
58741903,10688,7315,100,1,1,128,1,1,152,0.000,0.074,,,,,NVIDIA A100 80GB PCIe (0),1,7,void cutlass_cudnn_infer::Kernel<cutlass_tensorop_s1688fprop_optimized_tf32_64x128_16x6_nhwc_align4>(T1::Params)
58753646,4320,7318,25,16,2,256,1,1,32,0.004,0.000,,,,,NVIDIA A100 80GB PCIe (0),1,7,"void cudnn::ops::nhwcToNchwKernel<float, float, float, (bool)1, (bool)0, (cudnnKernelDataType_t)0>(cudnn::ops::nhwc2nchw_params_t<T3>, const T1 *, T2 *)"
58774703,6847,7359,512,2,1,256,1,1,19,0.000,0.000,,,,,NVIDIA A100 80GB PCIe (0),1,7,"void cudnn::bn_fw_inf_1C11_kernel_NCHW<float, float, (bool)1, (int)1>(T2, T2, cudnnTensorStruct, const T1 *, cudnnTensorStruct, T1 *, cudnnTensorStruct, const T2 *, const T2 *, const T2 *, const T2 *, T2)"
58787567,4288,7365,1568,1,1,128,1,1,22,0.000,0.000,,,,,NVIDIA A100 80GB PCIe (0),1,7,"void at::native::vectorized_elementwise_kernel<(int)4, at::native::CUDAFunctor_add<float>, at::detail::Array<char *, (int)3>>(int, T2, T3)"
58798319,3776,7372,1568,1,1,128,1,1,17,0.000,0.000,,,,,NVIDIA A100 80GB PCIe (0),1,7,"void at::native::vectorized_elementwise_kernel<(int)4, at::native::<unnamed>::launch_clamp_scalar(at::TensorIteratorBase &, c10::Scalar, c10::Scalar, at::native::detail::ClampLimits)::[lambda() (instance 1)]::operator ()() const::[lambda() (instance 7)]::operator ()() const::[lambda(float) (instance 1)], at::detail::Array<char *, (int)2>>(int, T2, T3)"
58833519,11936,7394,16,2,2,128,1,1,90,0.000,0.049,,,,,NVIDIA A100 80GB PCIe (0),1,7,void cutlass::Kernel<cutlass_80_tensorop_s1688gemm_64x64_16x6_nn_align4>(T1::Params)
58870095,3744,7435,128,2,1,256,1,1,19,0.000,0.000,,,,,NVIDIA A100 80GB PCIe (0),1,7,"void cudnn::bn_fw_inf_1C11_kernel_NCHW<float, float, (bool)1, (int)1>(T2, T2, cudnnTensorStruct, const T1 *, cudnnTensorStruct, T1 *, cudnnTensorStruct, const T2 *, const T2 *, const T2 *, const T2 *, T2)"
58883119,2560,7442,392,1,1,128,1,1,17,0.000,0.000,,,,,NVIDIA A100 80GB PCIe (0),1,7,"void at::native::vectorized_elementwise_kernel<(int)4, at::native::<unnamed>::launch_clamp_scalar(at::TensorIteratorBase &, c10::Scalar, c10::Scalar, at::native::detail::ClampLimits)::[lambda() (instance 1)]::operator ()() const::[lambda() (instance 7)]::operator ()() const::[lambda(float) (instance 1)], at::detail::Array<char *, (int)2>>(int, T2, T3)"
58910063,3360,7462,25,4,2,256,1,1,32,0.004,0.000,,,,,NVIDIA A100 80GB PCIe (0),1,7,"void cudnn::ops::nchwToNhwcKernel<float, float, float, (bool)0, (bool)1, (cudnnKernelDataType_t)2>(cudnn::ops::nchw2nhwc_params_t<T3>, const T1 *, T2 *)"
58914479,4000,7464,1,4,128,256,1,1,32,0.004,0.000,,,,,NVIDIA A100 80GB PCIe (0),1,7,"void cudnn::ops::nchwToNhwcKernel<float, float, float, (bool)0, (bool)1, (cudnnKernelDataType_t)2>(cudnn::ops::nchw2nhwc_params_t<T3>, const T1 *, T2 *)"
58922191,16608,7468,4,25,1,128,1,1,120,0.000,0.123,,,,,NVIDIA A100 80GB PCIe (0),1,7,sm80_xmma_fprop_implicit_gemm_tf32f32_tf32f32_f32_nhwckrsc_nchw_tilesize64x32x64_stage5_warpsize2x2x1_g1_tensor16x8x8_alignc4_execute_kernel_cudnn_infer
58959023,4192,7509,128,2,1,256,1,1,19,0.000,0.000,,,,,NVIDIA A100 80GB PCIe (0),1,7,"void cudnn::bn_fw_inf_1C11_kernel_NCHW<float, float, (bool)1, (int)1>(T2, T2, cudnnTensorStruct, const T1 *, cudnnTensorStruct, T1 *, cudnnTensorStruct, const T2 *, const T2 *, const T2 *, const T2 *, T2)"
58971951,2560,7516,392,1,1,128,1,1,17,0.000,0.000,,,,,NVIDIA A100 80GB PCIe (0),1,7,"void at::native::vectorized_elementwise_kernel<(int)4, at::native::<unnamed>::launch_clamp_scalar(at::TensorIteratorBase &, c10::Scalar, c10::Scalar, at::native::detail::ClampLimits)::[lambda() (instance 1)]::operator ()() const::[lambda() (instance 7)]::operator ()() const::[lambda(float) (instance 1)], at::detail::Array<char *, (int)2>>(int, T2, T3)"
59004687,10784,7538,64,2,2,128,1,1,90,0.000,0.049,,,,,NVIDIA A100 80GB PCIe (0),1,7,void cutlass::Kernel<cutlass_80_tensorop_s1688gemm_64x64_16x6_nn_align4>(T1::Params)
59041807,6784,7579,512,2,1,256,1,1,19,0.000,0.000,,,,,NVIDIA A100 80GB PCIe (0),1,7,"void cudnn::bn_fw_inf_1C11_kernel_NCHW<float, float, (bool)1, (int)1>(T2, T2, cudnnTensorStruct, const T1 *, cudnnTensorStruct, T1 *, cudnnTensorStruct, const T2 *, const T2 *, const T2 *, const T2 *, T2)"
59054000,3935,7585,1568,1,1,128,1,1,22,0.000,0.000,,,,,NVIDIA A100 80GB PCIe (0),1,7,"void at::native::vectorized_elementwise_kernel<(int)4, at::native::CUDAFunctor_add<float>, at::detail::Array<char *, (int)3>>(int, T2, T3)"
59064656,3583,7592,1568,1,1,128,1,1,17,0.000,0.000,,,,,NVIDIA A100 80GB PCIe (0),1,7,"void at::native::vectorized_elementwise_kernel<(int)4, at::native::<unnamed>::launch_clamp_scalar(at::TensorIteratorBase &, c10::Scalar, c10::Scalar, at::native::detail::ClampLimits)::[lambda() (instance 1)]::operator ()() const::[lambda() (instance 7)]::operator ()() const::[lambda(float) (instance 1)], at::detail::Array<char *, (int)2>>(int, T2, T3)"
59097327,11745,7614,16,2,2,128,1,1,90,0.000,0.049,,,,,NVIDIA A100 80GB PCIe (0),1,7,void cutlass::Kernel<cutlass_80_tensorop_s1688gemm_64x64_16x6_nn_align4>(T1::Params)
59132976,4160,7655,128,2,1,256,1,1,19,0.000,0.000,,,,,NVIDIA A100 80GB PCIe (0),1,7,"void cudnn::bn_fw_inf_1C11_kernel_NCHW<float, float, (bool)1, (int)1>(T2, T2, cudnnTensorStruct, const T1 *, cudnnTensorStruct, T1 *, cudnnTensorStruct, const T2 *, const T2 *, const T2 *, const T2 *, T2)"
59146672,2560,7662,392,1,1,128,1,1,17,0.000,0.000,,,,,NVIDIA A100 80GB PCIe (0),1,7,"void at::native::vectorized_elementwise_kernel<(int)4, at::native::<unnamed>::launch_clamp_scalar(at::TensorIteratorBase &, c10::Scalar, c10::Scalar, at::native::detail::ClampLimits)::[lambda() (instance 1)]::operator ()() const::[lambda() (instance 7)]::operator ()() const::[lambda(float) (instance 1)], at::detail::Array<char *, (int)2>>(int, T2, T3)"
59172368,3360,7682,25,4,2,256,1,1,32,0.004,0.000,,,,,NVIDIA A100 80GB PCIe (0),1,7,"void cudnn::ops::nchwToNhwcKernel<float, float, float, (bool)0, (bool)1, (cudnnKernelDataType_t)2>(cudnn::ops::nchw2nhwc_params_t<T3>, const T1 *, T2 *)"
59176784,3936,7684,1,4,128,256,1,1,32,0.004,0.000,,,,,NVIDIA A100 80GB PCIe (0),1,7,"void cudnn::ops::nchwToNhwcKernel<float, float, float, (bool)0, (bool)1, (cudnnKernelDataType_t)2>(cudnn::ops::nchw2nhwc_params_t<T3>, const T1 *, T2 *)"
59183280,16608,7688,4,25,1,128,1,1,120,0.000,0.123,,,,,NVIDIA A100 80GB PCIe (0),1,7,sm80_xmma_fprop_implicit_gemm_tf32f32_tf32f32_f32_nhwckrsc_nchw_tilesize64x32x64_stage5_warpsize2x2x1_g1_tensor16x8x8_alignc4_execute_kernel_cudnn_infer
59219312,4288,7729,128,2,1,256,1,1,19,0.000,0.000,,,,,NVIDIA A100 80GB PCIe (0),1,7,"void cudnn::bn_fw_inf_1C11_kernel_NCHW<float, float, (bool)1, (int)1>(T2, T2, cudnnTensorStruct, const T1 *, cudnnTensorStruct, T1 *, cudnnTensorStruct, const T2 *, const T2 *, const T2 *, const T2 *, T2)"
59232176,2496,7736,392,1,1,128,1,1,17,0.000,0.000,,,,,NVIDIA A100 80GB PCIe (0),1,7,"void at::native::vectorized_elementwise_kernel<(int)4, at::native::<unnamed>::launch_clamp_scalar(at::TensorIteratorBase &, c10::Scalar, c10::Scalar, at::native::detail::ClampLimits)::[lambda() (instance 1)]::operator ()() const::[lambda() (instance 7)]::operator ()() const::[lambda(float) (instance 1)], at::detail::Array<char *, (int)2>>(int, T2, T3)"
59261392,10656,7758,64,2,2,128,1,1,90,0.000,0.049,,,,,NVIDIA A100 80GB PCIe (0),1,7,void cutlass::Kernel<cutlass_80_tensorop_s1688gemm_64x64_16x6_nn_align4>(T1::Params)
59297424,6912,7799,512,2,1,256,1,1,19,0.000,0.000,,,,,NVIDIA A100 80GB PCIe (0),1,7,"void cudnn::bn_fw_inf_1C11_kernel_NCHW<float, float, (bool)1, (int)1>(T2, T2, cudnnTensorStruct, const T1 *, cudnnTensorStruct, T1 *, cudnnTensorStruct, const T2 *, const T2 *, const T2 *, const T2 *, T2)"
59309008,3872,7805,1568,1,1,128,1,1,22,0.000,0.000,,,,,NVIDIA A100 80GB PCIe (0),1,7,"void at::native::vectorized_elementwise_kernel<(int)4, at::native::CUDAFunctor_add<float>, at::detail::Array<char *, (int)3>>(int, T2, T3)"
59318544,3584,7812,1568,1,1,128,1,1,17,0.000,0.000,,,,,NVIDIA A100 80GB PCIe (0),1,7,"void at::native::vectorized_elementwise_kernel<(int)4, at::native::<unnamed>::launch_clamp_scalar(at::TensorIteratorBase &, c10::Scalar, c10::Scalar, at::native::detail::ClampLimits)::[lambda() (instance 1)]::operator ()() const::[lambda() (instance 7)]::operator ()() const::[lambda(float) (instance 1)], at::detail::Array<char *, (int)2>>(int, T2, T3)"
59350416,11777,7834,16,2,2,128,1,1,90,0.000,0.049,,,,,NVIDIA A100 80GB PCIe (0),1,7,void cutlass::Kernel<cutlass_80_tensorop_s1688gemm_64x64_16x6_nn_align4>(T1::Params)
59385105,4160,7875,128,2,1,256,1,1,19,0.000,0.000,,,,,NVIDIA A100 80GB PCIe (0),1,7,"void cudnn::bn_fw_inf_1C11_kernel_NCHW<float, float, (bool)1, (int)1>(T2, T2, cudnnTensorStruct, const T1 *, cudnnTensorStruct, T1 *, cudnnTensorStruct, const T2 *, const T2 *, const T2 *, const T2 *, T2)"
59397968,2592,7882,392,1,1,128,1,1,17,0.000,0.000,,,,,NVIDIA A100 80GB PCIe (0),1,7,"void at::native::vectorized_elementwise_kernel<(int)4, at::native::<unnamed>::launch_clamp_scalar(at::TensorIteratorBase &, c10::Scalar, c10::Scalar, at::native::detail::ClampLimits)::[lambda() (instance 1)]::operator ()() const::[lambda() (instance 7)]::operator ()() const::[lambda(float) (instance 1)], at::detail::Array<char *, (int)2>>(int, T2, T3)"
59423089,3360,7902,25,4,2,256,1,1,32,0.004,0.000,,,,,NVIDIA A100 80GB PCIe (0),1,7,"void cudnn::ops::nchwToNhwcKernel<float, float, float, (bool)0, (bool)1, (cudnnKernelDataType_t)2>(cudnn::ops::nchw2nhwc_params_t<T3>, const T1 *, T2 *)"
59427473,4063,7904,1,4,128,256,1,1,32,0.004,0.000,,,,,NVIDIA A100 80GB PCIe (0),1,7,"void cudnn::ops::nchwToNhwcKernel<float, float, float, (bool)0, (bool)1, (cudnnKernelDataType_t)2>(cudnn::ops::nchw2nhwc_params_t<T3>, const T1 *, T2 *)"
59433425,16544,7908,4,25,1,128,1,1,120,0.000,0.123,,,,,NVIDIA A100 80GB PCIe (0),1,7,sm80_xmma_fprop_implicit_gemm_tf32f32_tf32f32_f32_nhwckrsc_nchw_tilesize64x32x64_stage5_warpsize2x2x1_g1_tensor16x8x8_alignc4_execute_kernel_cudnn_infer
59468753,4160,7949,128,2,1,256,1,1,19,0.000,0.000,,,,,NVIDIA A100 80GB PCIe (0),1,7,"void cudnn::bn_fw_inf_1C11_kernel_NCHW<float, float, (bool)1, (int)1>(T2, T2, cudnnTensorStruct, const T1 *, cudnnTensorStruct, T1 *, cudnnTensorStruct, const T2 *, const T2 *, const T2 *, const T2 *, T2)"
59481585,2528,7956,392,1,1,128,1,1,17,0.000,0.000,,,,,NVIDIA A100 80GB PCIe (0),1,7,"void at::native::vectorized_elementwise_kernel<(int)4, at::native::<unnamed>::launch_clamp_scalar(at::TensorIteratorBase &, c10::Scalar, c10::Scalar, at::native::detail::ClampLimits)::[lambda() (instance 1)]::operator ()() const::[lambda() (instance 7)]::operator ()() const::[lambda(float) (instance 1)], at::detail::Array<char *, (int)2>>(int, T2, T3)"
59510353,10688,7978,64,2,2,128,1,1,90,0.000,0.049,,,,,NVIDIA A100 80GB PCIe (0),1,7,void cutlass::Kernel<cutlass_80_tensorop_s1688gemm_64x64_16x6_nn_align4>(T1::Params)
59546129,6656,8019,512,2,1,256,1,1,19,0.000,0.000,,,,,NVIDIA A100 80GB PCIe (0),1,7,"void cudnn::bn_fw_inf_1C11_kernel_NCHW<float, float, (bool)1, (int)1>(T2, T2, cudnnTensorStruct, const T1 *, cudnnTensorStruct, T1 *, cudnnTensorStruct, const T2 *, const T2 *, const T2 *, const T2 *, T2)"
59557105,3904,8025,1568,1,1,128,1,1,22,0.000,0.000,,,,,NVIDIA A100 80GB PCIe (0),1,7,"void at::native::vectorized_elementwise_kernel<(int)4, at::native::CUDAFunctor_add<float>, at::detail::Array<char *, (int)3>>(int, T2, T3)"
59566865,3584,8032,1568,1,1,128,1,1,17,0.000,0.000,,,,,NVIDIA A100 80GB PCIe (0),1,7,"void at::native::vectorized_elementwise_kernel<(int)4, at::native::<unnamed>::launch_clamp_scalar(at::TensorIteratorBase &, c10::Scalar, c10::Scalar, at::native::detail::ClampLimits)::[lambda() (instance 1)]::operator ()() const::[lambda() (instance 7)]::operator ()() const::[lambda(float) (instance 1)], at::detail::Array<char *, (int)2>>(int, T2, T3)"
59599377,11744,8054,16,2,2,128,1,1,90,0.000,0.049,,,,,NVIDIA A100 80GB PCIe (0),1,7,void cutlass::Kernel<cutlass_80_tensorop_s1688gemm_64x64_16x6_nn_align4>(T1::Params)
59633873,4256,8095,128,2,1,256,1,1,19,0.000,0.000,,,,,NVIDIA A100 80GB PCIe (0),1,7,"void cudnn::bn_fw_inf_1C11_kernel_NCHW<float, float, (bool)1, (int)1>(T2, T2, cudnnTensorStruct, const T1 *, cudnnTensorStruct, T1 *, cudnnTensorStruct, const T2 *, const T2 *, const T2 *, const T2 *, T2)"
59648145,2593,8102,392,1,1,128,1,1,17,0.000,0.000,,,,,NVIDIA A100 80GB PCIe (0),1,7,"void at::native::vectorized_elementwise_kernel<(int)4, at::native::<unnamed>::launch_clamp_scalar(at::TensorIteratorBase &, c10::Scalar, c10::Scalar, at::native::detail::ClampLimits)::[lambda() (instance 1)]::operator ()() const::[lambda() (instance 7)]::operator ()() const::[lambda(float) (instance 1)], at::detail::Array<char *, (int)2>>(int, T2, T3)"
59673233,3360,8122,25,4,2,256,1,1,32,0.004,0.000,,,,,NVIDIA A100 80GB PCIe (0),1,7,"void cudnn::ops::nchwToNhwcKernel<float, float, float, (bool)0, (bool)1, (cudnnKernelDataType_t)2>(cudnn::ops::nchw2nhwc_params_t<T3>, const T1 *, T2 *)"
59677553,4000,8124,1,4,128,256,1,1,32,0.004,0.000,,,,,NVIDIA A100 80GB PCIe (0),1,7,"void cudnn::ops::nchwToNhwcKernel<float, float, float, (bool)0, (bool)1, (cudnnKernelDataType_t)2>(cudnn::ops::nchw2nhwc_params_t<T3>, const T1 *, T2 *)"
59683857,16353,8128,4,25,1,128,1,1,120,0.000,0.123,,,,,NVIDIA A100 80GB PCIe (0),1,7,sm80_xmma_fprop_implicit_gemm_tf32f32_tf32f32_f32_nhwckrsc_nchw_tilesize64x32x64_stage5_warpsize2x2x1_g1_tensor16x8x8_alignc4_execute_kernel_cudnn_infer
59719730,4384,8169,128,2,1,256,1,1,19,0.000,0.000,,,,,NVIDIA A100 80GB PCIe (0),1,7,"void cudnn::bn_fw_inf_1C11_kernel_NCHW<float, float, (bool)1, (int)1>(T2, T2, cudnnTensorStruct, const T1 *, cudnnTensorStruct, T1 *, cudnnTensorStruct, const T2 *, const T2 *, const T2 *, const T2 *, T2)"
59732498,2528,8176,392,1,1,128,1,1,17,0.000,0.000,,,,,NVIDIA A100 80GB PCIe (0),1,7,"void at::native::vectorized_elementwise_kernel<(int)4, at::native::<unnamed>::launch_clamp_scalar(at::TensorIteratorBase &, c10::Scalar, c10::Scalar, at::native::detail::ClampLimits)::[lambda() (instance 1)]::operator ()() const::[lambda() (instance 7)]::operator ()() const::[lambda(float) (instance 1)], at::detail::Array<char *, (int)2>>(int, T2, T3)"
59761074,10848,8198,64,2,2,128,1,1,90,0.000,0.049,,,,,NVIDIA A100 80GB PCIe (0),1,7,void cutlass::Kernel<cutlass_80_tensorop_s1688gemm_64x64_16x6_nn_align4>(T1::Params)
59796594,6816,8239,512,2,1,256,1,1,19,0.000,0.000,,,,,NVIDIA A100 80GB PCIe (0),1,7,"void cudnn::bn_fw_inf_1C11_kernel_NCHW<float, float, (bool)1, (int)1>(T2, T2, cudnnTensorStruct, const T1 *, cudnnTensorStruct, T1 *, cudnnTensorStruct, const T2 *, const T2 *, const T2 *, const T2 *, T2)"
59807602,3968,8245,1568,1,1,128,1,1,22,0.000,0.000,,,,,NVIDIA A100 80GB PCIe (0),1,7,"void at::native::vectorized_elementwise_kernel<(int)4, at::native::CUDAFunctor_add<float>, at::detail::Array<char *, (int)3>>(int, T2, T3)"
59817458,3616,8252,1568,1,1,128,1,1,17,0.000,0.000,,,,,NVIDIA A100 80GB PCIe (0),1,7,"void at::native::vectorized_elementwise_kernel<(int)4, at::native::<unnamed>::launch_clamp_scalar(at::TensorIteratorBase &, c10::Scalar, c10::Scalar, at::native::detail::ClampLimits)::[lambda() (instance 1)]::operator ()() const::[lambda() (instance 7)]::operator ()() const::[lambda(float) (instance 1)], at::detail::Array<char *, (int)2>>(int, T2, T3)"
59849426,11776,8274,16,2,2,128,1,1,90,0.000,0.049,,,,,NVIDIA A100 80GB PCIe (0),1,7,void cutlass::Kernel<cutlass_80_tensorop_s1688gemm_64x64_16x6_nn_align4>(T1::Params)
59884658,4160,8315,128,2,1,256,1,1,19,0.000,0.000,,,,,NVIDIA A100 80GB PCIe (0),1,7,"void cudnn::bn_fw_inf_1C11_kernel_NCHW<float, float, (bool)1, (int)1>(T2, T2, cudnnTensorStruct, const T1 *, cudnnTensorStruct, T1 *, cudnnTensorStruct, const T2 *, const T2 *, const T2 *, const T2 *, T2)"
59897906,2592,8322,392,1,1,128,1,1,17,0.000,0.000,,,,,NVIDIA A100 80GB PCIe (0),1,7,"void at::native::vectorized_elementwise_kernel<(int)4, at::native::<unnamed>::launch_clamp_scalar(at::TensorIteratorBase &, c10::Scalar, c10::Scalar, at::native::detail::ClampLimits)::[lambda() (instance 1)]::operator ()() const::[lambda() (instance 7)]::operator ()() const::[lambda(float) (instance 1)], at::detail::Array<char *, (int)2>>(int, T2, T3)"
59922994,3328,8342,25,4,2,256,1,1,32,0.004,0.000,,,,,NVIDIA A100 80GB PCIe (0),1,7,"void cudnn::ops::nchwToNhwcKernel<float, float, float, (bool)0, (bool)1, (cudnnKernelDataType_t)2>(cudnn::ops::nchw2nhwc_params_t<T3>, const T1 *, T2 *)"
59927314,4096,8344,1,4,128,256,1,1,32,0.004,0.000,,,,,NVIDIA A100 80GB PCIe (0),1,7,"void cudnn::ops::nchwToNhwcKernel<float, float, float, (bool)0, (bool)1, (cudnnKernelDataType_t)2>(cudnn::ops::nchw2nhwc_params_t<T3>, const T1 *, T2 *)"
59933778,16416,8348,4,25,1,128,1,1,120,0.000,0.123,,,,,NVIDIA A100 80GB PCIe (0),1,7,sm80_xmma_fprop_implicit_gemm_tf32f32_tf32f32_f32_nhwckrsc_nchw_tilesize64x32x64_stage5_warpsize2x2x1_g1_tensor16x8x8_alignc4_execute_kernel_cudnn_infer
59969458,4224,8389,128,2,1,256,1,1,19,0.000,0.000,,,,,NVIDIA A100 80GB PCIe (0),1,7,"void cudnn::bn_fw_inf_1C11_kernel_NCHW<float, float, (bool)1, (int)1>(T2, T2, cudnnTensorStruct, const T1 *, cudnnTensorStruct, T1 *, cudnnTensorStruct, const T2 *, const T2 *, const T2 *, const T2 *, T2)"
59982290,2560,8396,392,1,1,128,1,1,17,0.000,0.000,,,,,NVIDIA A100 80GB PCIe (0),1,7,"void at::native::vectorized_elementwise_kernel<(int)4, at::native::<unnamed>::launch_clamp_scalar(at::TensorIteratorBase &, c10::Scalar, c10::Scalar, at::native::detail::ClampLimits)::[lambda() (instance 1)]::operator ()() const::[lambda() (instance 7)]::operator ()() const::[lambda(float) (instance 1)], at::detail::Array<char *, (int)2>>(int, T2, T3)"
60011890,10657,8418,64,2,2,128,1,1,90,0.000,0.049,,,,,NVIDIA A100 80GB PCIe (0),1,7,void cutlass::Kernel<cutlass_80_tensorop_s1688gemm_64x64_16x6_nn_align4>(T1::Params)
60046675,6784,8459,512,2,1,256,1,1,19,0.000,0.000,,,,,NVIDIA A100 80GB PCIe (0),1,7,"void cudnn::bn_fw_inf_1C11_kernel_NCHW<float, float, (bool)1, (int)1>(T2, T2, cudnnTensorStruct, const T1 *, cudnnTensorStruct, T1 *, cudnnTensorStruct, const T2 *, const T2 *, const T2 *, const T2 *, T2)"
60057779,3936,8465,1568,1,1,128,1,1,22,0.000,0.000,,,,,NVIDIA A100 80GB PCIe (0),1,7,"void at::native::vectorized_elementwise_kernel<(int)4, at::native::CUDAFunctor_add<float>, at::detail::Array<char *, (int)3>>(int, T2, T3)"
60067667,3648,8472,1568,1,1,128,1,1,17,0.000,0.000,,,,,NVIDIA A100 80GB PCIe (0),1,7,"void at::native::vectorized_elementwise_kernel<(int)4, at::native::<unnamed>::launch_clamp_scalar(at::TensorIteratorBase &, c10::Scalar, c10::Scalar, at::native::detail::ClampLimits)::[lambda() (instance 1)]::operator ()() const::[lambda() (instance 7)]::operator ()() const::[lambda(float) (instance 1)], at::detail::Array<char *, (int)2>>(int, T2, T3)"
60099827,11776,8494,16,2,2,128,1,1,90,0.000,0.049,,,,,NVIDIA A100 80GB PCIe (0),1,7,void cutlass::Kernel<cutlass_80_tensorop_s1688gemm_64x64_16x6_nn_align4>(T1::Params)
60133811,4160,8535,128,2,1,256,1,1,19,0.000,0.000,,,,,NVIDIA A100 80GB PCIe (0),1,7,"void cudnn::bn_fw_inf_1C11_kernel_NCHW<float, float, (bool)1, (int)1>(T2, T2, cudnnTensorStruct, const T1 *, cudnnTensorStruct, T1 *, cudnnTensorStruct, const T2 *, const T2 *, const T2 *, const T2 *, T2)"
60147123,2560,8542,392,1,1,128,1,1,17,0.000,0.000,,,,,NVIDIA A100 80GB PCIe (0),1,7,"void at::native::vectorized_elementwise_kernel<(int)4, at::native::<unnamed>::launch_clamp_scalar(at::TensorIteratorBase &, c10::Scalar, c10::Scalar, at::native::detail::ClampLimits)::[lambda() (instance 1)]::operator ()() const::[lambda() (instance 7)]::operator ()() const::[lambda(float) (instance 1)], at::detail::Array<char *, (int)2>>(int, T2, T3)"
60171795,3328,8562,25,4,2,256,1,1,32,0.004,0.000,,,,,NVIDIA A100 80GB PCIe (0),1,7,"void cudnn::ops::nchwToNhwcKernel<float, float, float, (bool)0, (bool)1, (cudnnKernelDataType_t)2>(cudnn::ops::nchw2nhwc_params_t<T3>, const T1 *, T2 *)"
60176083,4096,8564,1,4,128,256,1,1,32,0.004,0.000,,,,,NVIDIA A100 80GB PCIe (0),1,7,"void cudnn::ops::nchwToNhwcKernel<float, float, float, (bool)0, (bool)1, (cudnnKernelDataType_t)2>(cudnn::ops::nchw2nhwc_params_t<T3>, const T1 *, T2 *)"
60182483,16544,8568,4,25,1,128,1,1,120,0.000,0.123,,,,,NVIDIA A100 80GB PCIe (0),1,7,sm80_xmma_fprop_implicit_gemm_tf32f32_tf32f32_f32_nhwckrsc_nchw_tilesize64x32x64_stage5_warpsize2x2x1_g1_tensor16x8x8_alignc4_execute_kernel_cudnn_infer
60215571,4160,8609,128,2,1,256,1,1,19,0.000,0.000,,,,,NVIDIA A100 80GB PCIe (0),1,7,"void cudnn::bn_fw_inf_1C11_kernel_NCHW<float, float, (bool)1, (int)1>(T2, T2, cudnnTensorStruct, const T1 *, cudnnTensorStruct, T1 *, cudnnTensorStruct, const T2 *, const T2 *, const T2 *, const T2 *, T2)"
60228019,2560,8616,392,1,1,128,1,1,17,0.000,0.000,,,,,NVIDIA A100 80GB PCIe (0),1,7,"void at::native::vectorized_elementwise_kernel<(int)4, at::native::<unnamed>::launch_clamp_scalar(at::TensorIteratorBase &, c10::Scalar, c10::Scalar, at::native::detail::ClampLimits)::[lambda() (instance 1)]::operator ()() const::[lambda() (instance 7)]::operator ()() const::[lambda(float) (instance 1)], at::detail::Array<char *, (int)2>>(int, T2, T3)"
60255827,10560,8638,64,2,2,128,1,1,90,0.000,0.049,,,,,NVIDIA A100 80GB PCIe (0),1,7,void cutlass::Kernel<cutlass_80_tensorop_s1688gemm_64x64_16x6_nn_align4>(T1::Params)
60291284,6783,8679,512,2,1,256,1,1,19,0.000,0.000,,,,,NVIDIA A100 80GB PCIe (0),1,7,"void cudnn::bn_fw_inf_1C11_kernel_NCHW<float, float, (bool)1, (int)1>(T2, T2, cudnnTensorStruct, const T1 *, cudnnTensorStruct, T1 *, cudnnTensorStruct, const T2 *, const T2 *, const T2 *, const T2 *, T2)"
60302387,4065,8685,1568,1,1,128,1,1,22,0.000,0.000,,,,,NVIDIA A100 80GB PCIe (0),1,7,"void at::native::vectorized_elementwise_kernel<(int)4, at::native::CUDAFunctor_add<float>, at::detail::Array<char *, (int)3>>(int, T2, T3)"
60312244,3584,8692,1568,1,1,128,1,1,17,0.000,0.000,,,,,NVIDIA A100 80GB PCIe (0),1,7,"void at::native::vectorized_elementwise_kernel<(int)4, at::native::<unnamed>::launch_clamp_scalar(at::TensorIteratorBase &, c10::Scalar, c10::Scalar, at::native::detail::ClampLimits)::[lambda() (instance 1)]::operator ()() const::[lambda() (instance 7)]::operator ()() const::[lambda(float) (instance 1)], at::detail::Array<char *, (int)2>>(int, T2, T3)"
60345172,11776,8714,16,2,2,128,1,1,90,0.000,0.049,,,,,NVIDIA A100 80GB PCIe (0),1,7,void cutlass::Kernel<cutlass_80_tensorop_s1688gemm_64x64_16x6_nn_align4>(T1::Params)
60380948,4160,8755,128,2,1,256,1,1,19,0.000,0.000,,,,,NVIDIA A100 80GB PCIe (0),1,7,"void cudnn::bn_fw_inf_1C11_kernel_NCHW<float, float, (bool)1, (int)1>(T2, T2, cudnnTensorStruct, const T1 *, cudnnTensorStruct, T1 *, cudnnTensorStruct, const T2 *, const T2 *, const T2 *, const T2 *, T2)"
60394164,2560,8762,392,1,1,128,1,1,17,0.000,0.000,,,,,NVIDIA A100 80GB PCIe (0),1,7,"void at::native::vectorized_elementwise_kernel<(int)4, at::native::<unnamed>::launch_clamp_scalar(at::TensorIteratorBase &, c10::Scalar, c10::Scalar, at::native::detail::ClampLimits)::[lambda() (instance 1)]::operator ()() const::[lambda() (instance 7)]::operator ()() const::[lambda(float) (instance 1)], at::detail::Array<char *, (int)2>>(int, T2, T3)"
60420788,3360,8782,25,4,2,256,1,1,32,0.004,0.000,,,,,NVIDIA A100 80GB PCIe (0),1,7,"void cudnn::ops::nchwToNhwcKernel<float, float, float, (bool)0, (bool)1, (cudnnKernelDataType_t)2>(cudnn::ops::nchw2nhwc_params_t<T3>, const T1 *, T2 *)"
60425300,4032,8784,1,4,128,256,1,1,32,0.004,0.000,,,,,NVIDIA A100 80GB PCIe (0),1,7,"void cudnn::ops::nchwToNhwcKernel<float, float, float, (bool)0, (bool)1, (cudnnKernelDataType_t)2>(cudnn::ops::nchw2nhwc_params_t<T3>, const T1 *, T2 *)"
60431604,16480,8788,4,25,1,128,1,1,120,0.000,0.123,,,,,NVIDIA A100 80GB PCIe (0),1,7,sm80_xmma_fprop_implicit_gemm_tf32f32_tf32f32_f32_nhwckrsc_nchw_tilesize64x32x64_stage5_warpsize2x2x1_g1_tensor16x8x8_alignc4_execute_kernel_cudnn_infer
60466484,4192,8829,128,2,1,256,1,1,19,0.000,0.000,,,,,NVIDIA A100 80GB PCIe (0),1,7,"void cudnn::bn_fw_inf_1C11_kernel_NCHW<float, float, (bool)1, (int)1>(T2, T2, cudnnTensorStruct, const T1 *, cudnnTensorStruct, T1 *, cudnnTensorStruct, const T2 *, const T2 *, const T2 *, const T2 *, T2)"
60478804,2560,8836,392,1,1,128,1,1,17,0.000,0.000,,,,,NVIDIA A100 80GB PCIe (0),1,7,"void at::native::vectorized_elementwise_kernel<(int)4, at::native::<unnamed>::launch_clamp_scalar(at::TensorIteratorBase &, c10::Scalar, c10::Scalar, at::native::detail::ClampLimits)::[lambda() (instance 1)]::operator ()() const::[lambda() (instance 7)]::operator ()() const::[lambda(float) (instance 1)], at::detail::Array<char *, (int)2>>(int, T2, T3)"
60507060,10560,8858,64,2,2,128,1,1,90,0.000,0.049,,,,,NVIDIA A100 80GB PCIe (0),1,7,void cutlass::Kernel<cutlass_80_tensorop_s1688gemm_64x64_16x6_nn_align4>(T1::Params)
60541332,6752,8899,512,2,1,256,1,1,19,0.000,0.000,,,,,NVIDIA A100 80GB PCIe (0),1,7,"void cudnn::bn_fw_inf_1C11_kernel_NCHW<float, float, (bool)1, (int)1>(T2, T2, cudnnTensorStruct, const T1 *, cudnnTensorStruct, T1 *, cudnnTensorStruct, const T2 *, const T2 *, const T2 *, const T2 *, T2)"
60552532,3872,8905,1568,1,1,128,1,1,22,0.000,0.000,,,,,NVIDIA A100 80GB PCIe (0),1,7,"void at::native::vectorized_elementwise_kernel<(int)4, at::native::CUDAFunctor_add<float>, at::detail::Array<char *, (int)3>>(int, T2, T3)"
60561908,3552,8912,1568,1,1,128,1,1,17,0.000,0.000,,,,,NVIDIA A100 80GB PCIe (0),1,7,"void at::native::vectorized_elementwise_kernel<(int)4, at::native::<unnamed>::launch_clamp_scalar(at::TensorIteratorBase &, c10::Scalar, c10::Scalar, at::native::detail::ClampLimits)::[lambda() (instance 1)]::operator ()() const::[lambda() (instance 7)]::operator ()() const::[lambda(float) (instance 1)], at::detail::Array<char *, (int)2>>(int, T2, T3)"
60601525,16416,8934,32,2,2,128,1,1,90,0.000,0.049,,,,,NVIDIA A100 80GB PCIe (0),1,7,void cutlass::Kernel<cutlass_80_tensorop_s1688gemm_64x64_16x6_nn_align4>(T1::Params)
60666805,4608,8975,256,2,1,256,1,1,19,0.000,0.000,,,,,NVIDIA A100 80GB PCIe (0),1,7,"void cudnn::bn_fw_inf_1C11_kernel_NCHW<float, float, (bool)1, (int)1>(T2, T2, cudnnTensorStruct, const T1 *, cudnnTensorStruct, T1 *, cudnnTensorStruct, const T2 *, const T2 *, const T2 *, const T2 *, T2)"
60686389,3008,8982,784,1,1,128,1,1,17,0.000,0.000,,,,,NVIDIA A100 80GB PCIe (0),1,7,"void at::native::vectorized_elementwise_kernel<(int)4, at::native::<unnamed>::launch_clamp_scalar(at::TensorIteratorBase &, c10::Scalar, c10::Scalar, at::native::detail::ClampLimits)::[lambda() (instance 1)]::operator ()() const::[lambda() (instance 7)]::operator ()() const::[lambda(float) (instance 1)], at::detail::Array<char *, (int)2>>(int, T2, T3)"
60717589,3872,9002,25,8,2,256,1,1,32,0.004,0.000,,,,,NVIDIA A100 80GB PCIe (0),1,7,"void cudnn::ops::nchwToNhwcKernel<float, float, float, (bool)0, (bool)1, (cudnnKernelDataType_t)2>(cudnn::ops::nchw2nhwc_params_t<T3>, const T1 *, T2 *)"
60722549,7968,9004,1,8,256,256,1,1,32,0.004,0.000,,,,,NVIDIA A100 80GB PCIe (0),1,7,"void cudnn::ops::nchwToNhwcKernel<float, float, float, (bool)0, (bool)1, (cudnnKernelDataType_t)2>(cudnn::ops::nchw2nhwc_params_t<T3>, const T1 *, T2 *)"
60731573,21792,9008,8,7,1,128,1,1,120,0.000,0.123,,,,,NVIDIA A100 80GB PCIe (0),1,7,sm80_xmma_fprop_implicit_gemm_tf32f32_tf32f32_f32_nhwckrsc_nchw_tilesize64x32x64_stage5_warpsize2x2x1_g1_tensor16x8x8_alignc4_execute_kernel_cudnn_infer
60768885,4096,9049,256,2,1,64,1,1,19,0.000,0.000,,,,,NVIDIA A100 80GB PCIe (0),1,7,"void cudnn::bn_fw_inf_1C11_kernel_NCHW<float, float, (bool)1, (int)1>(T2, T2, cudnnTensorStruct, const T1 *, cudnnTensorStruct, T1 *, cudnnTensorStruct, const T2 *, const T2 *, const T2 *, const T2 *, T2)"
60781845,2336,9056,196,1,1,128,1,1,17,0.000,0.000,,,,,NVIDIA A100 80GB PCIe (0),1,7,"void at::native::vectorized_elementwise_kernel<(int)4, at::native::<unnamed>::launch_clamp_scalar(at::TensorIteratorBase &, c10::Scalar, c10::Scalar, at::native::detail::ClampLimits)::[lambda() (instance 1)]::operator ()() const::[lambda() (instance 7)]::operator ()() const::[lambda(float) (instance 1)], at::detail::Array<char *, (int)2>>(int, T2, T3)"
60813109,12032,9078,64,1,2,128,1,1,90,0.000,0.049,,,,,NVIDIA A100 80GB PCIe (0),1,7,void cutlass::Kernel<cutlass_80_tensorop_s1688gemm_64x64_16x6_nn_align4>(T1::Params)
60848533,5472,9119,1024,2,1,64,1,1,19,0.000,0.000,,,,,NVIDIA A100 80GB PCIe (0),1,7,"void cudnn::bn_fw_inf_1C11_kernel_NCHW<float, float, (bool)1, (int)1>(T2, T2, cudnnTensorStruct, const T1 *, cudnnTensorStruct, T1 *, cudnnTensorStruct, const T2 *, const T2 *, const T2 *, const T2 *, T2)"
60886965,2272,9137,512,1,1,1,1,1,16,0.000,0.000,,,,,NVIDIA A100 80GB PCIe (0),1,7,"void cudnn::cnn::kern_precompute_indices<(bool)0>(int *, int, int, int, int, int)"
60893301,48705,9139,13,32,1,8,8,1,64,0.005,0.000,,,,,NVIDIA A100 80GB PCIe (0),1,7,"void precomputed_convolve_sgemm<float, (int)1024, (int)5, (int)5, (int)4, (int)3, (int)3, (int)1, (bool)0>(int, int, int, const T1 *, int, T1 *, const T1 *, kernel_conv_params, unsigned long long, int, float, float, int, bool, const T1 *, const T1 *, int *)"
60943477,5441,9179,1024,2,1,64,1,1,19,0.000,0.000,,,,,NVIDIA A100 80GB PCIe (0),1,7,"void cudnn::bn_fw_inf_1C11_kernel_NCHW<float, float, (bool)1, (int)1>(T2, T2, cudnnTensorStruct, const T1 *, cudnnTensorStruct, T1 *, cudnnTensorStruct, const T2 *, const T2 *, const T2 *, const T2 *, T2)"
60949845,3489,9185,784,1,1,128,1,1,22,0.000,0.000,,,,,NVIDIA A100 80GB PCIe (0),1,7,"void at::native::vectorized_elementwise_kernel<(int)4, at::native::CUDAFunctor_add<float>, at::detail::Array<char *, (int)3>>(int, T2, T3)"
60954293,2881,9192,784,1,1,128,1,1,17,0.000,0.000,,,,,NVIDIA A100 80GB PCIe (0),1,7,"void at::native::vectorized_elementwise_kernel<(int)4, at::native::<unnamed>::launch_clamp_scalar(at::TensorIteratorBase &, c10::Scalar, c10::Scalar, at::native::detail::ClampLimits)::[lambda() (instance 1)]::operator ()() const::[lambda() (instance 7)]::operator ()() const::[lambda(float) (instance 1)], at::detail::Array<char *, (int)2>>(int, T2, T3)"
60988342,19680,9214,16,1,2,128,1,1,90,0.000,0.049,,,,,NVIDIA A100 80GB PCIe (0),1,7,void cutlass::Kernel<cutlass_80_tensorop_s1688gemm_64x64_16x6_nn_align4>(T1::Params)
61024182,4096,9255,256,2,1,64,1,1,19,0.000,0.000,,,,,NVIDIA A100 80GB PCIe (0),1,7,"void cudnn::bn_fw_inf_1C11_kernel_NCHW<float, float, (bool)1, (int)1>(T2, T2, cudnnTensorStruct, const T1 *, cudnnTensorStruct, T1 *, cudnnTensorStruct, const T2 *, const T2 *, const T2 *, const T2 *, T2)"
61037846,2336,9262,196,1,1,128,1,1,17,0.000,0.000,,,,,NVIDIA A100 80GB PCIe (0),1,7,"void at::native::vectorized_elementwise_kernel<(int)4, at::native::<unnamed>::launch_clamp_scalar(at::TensorIteratorBase &, c10::Scalar, c10::Scalar, at::native::detail::ClampLimits)::[lambda() (instance 1)]::operator ()() const::[lambda() (instance 7)]::operator ()() const::[lambda(float) (instance 1)], at::detail::Array<char *, (int)2>>(int, T2, T3)"
61063990,3072,9282,7,8,2,256,1,1,32,0.004,0.000,,,,,NVIDIA A100 80GB PCIe (0),1,7,"void cudnn::ops::nchwToNhwcKernel<float, float, float, (bool)0, (bool)1, (cudnnKernelDataType_t)2>(cudnn::ops::nchw2nhwc_params_t<T3>, const T1 *, T2 *)"
61068758,8000,9284,1,8,256,256,1,1,32,0.004,0.000,,,,,NVIDIA A100 80GB PCIe (0),1,7,"void cudnn::ops::nchwToNhwcKernel<float, float, float, (bool)0, (bool)1, (cudnnKernelDataType_t)2>(cudnn::ops::nchw2nhwc_params_t<T3>, const T1 *, T2 *)"
61077878,21760,9288,8,7,1,128,1,1,120,0.000,0.123,,,,,NVIDIA A100 80GB PCIe (0),1,7,sm80_xmma_fprop_implicit_gemm_tf32f32_tf32f32_f32_nhwckrsc_nchw_tilesize64x32x64_stage5_warpsize2x2x1_g1_tensor16x8x8_alignc4_execute_kernel_cudnn_infer
61111574,4224,9329,256,2,1,64,1,1,19,0.000,0.000,,,,,NVIDIA A100 80GB PCIe (0),1,7,"void cudnn::bn_fw_inf_1C11_kernel_NCHW<float, float, (bool)1, (int)1>(T2, T2, cudnnTensorStruct, const T1 *, cudnnTensorStruct, T1 *, cudnnTensorStruct, const T2 *, const T2 *, const T2 *, const T2 *, T2)"
61124310,2336,9336,196,1,1,128,1,1,17,0.000,0.000,,,,,NVIDIA A100 80GB PCIe (0),1,7,"void at::native::vectorized_elementwise_kernel<(int)4, at::native::<unnamed>::launch_clamp_scalar(at::TensorIteratorBase &, c10::Scalar, c10::Scalar, at::native::detail::ClampLimits)::[lambda() (instance 1)]::operator ()() const::[lambda() (instance 7)]::operator ()() const::[lambda(float) (instance 1)], at::detail::Array<char *, (int)2>>(int, T2, T3)"
61152630,12288,9358,64,1,2,128,1,1,90,0.000,0.049,,,,,NVIDIA A100 80GB PCIe (0),1,7,void cutlass::Kernel<cutlass_80_tensorop_s1688gemm_64x64_16x6_nn_align4>(T1::Params)
61187447,5439,9399,1024,2,1,64,1,1,19,0.000,0.000,,,,,NVIDIA A100 80GB PCIe (0),1,7,"void cudnn::bn_fw_inf_1C11_kernel_NCHW<float, float, (bool)1, (int)1>(T2, T2, cudnnTensorStruct, const T1 *, cudnnTensorStruct, T1 *, cudnnTensorStruct, const T2 *, const T2 *, const T2 *, const T2 *, T2)"
61198806,3072,9405,784,1,1,128,1,1,22,0.000,0.000,,,,,NVIDIA A100 80GB PCIe (0),1,7,"void at::native::vectorized_elementwise_kernel<(int)4, at::native::CUDAFunctor_add<float>, at::detail::Array<char *, (int)3>>(int, T2, T3)"
61208375,2879,9412,784,1,1,128,1,1,17,0.000,0.000,,,,,NVIDIA A100 80GB PCIe (0),1,7,"void at::native::vectorized_elementwise_kernel<(int)4, at::native::<unnamed>::launch_clamp_scalar(at::TensorIteratorBase &, c10::Scalar, c10::Scalar, at::native::detail::ClampLimits)::[lambda() (instance 1)]::operator ()() const::[lambda() (instance 7)]::operator ()() const::[lambda(float) (instance 1)], at::detail::Array<char *, (int)2>>(int, T2, T3)"
61240310,19585,9434,16,1,2,128,1,1,90,0.000,0.049,,,,,NVIDIA A100 80GB PCIe (0),1,7,void cutlass::Kernel<cutlass_80_tensorop_s1688gemm_64x64_16x6_nn_align4>(T1::Params)
61274167,4096,9475,256,2,1,64,1,1,19,0.000,0.000,,,,,NVIDIA A100 80GB PCIe (0),1,7,"void cudnn::bn_fw_inf_1C11_kernel_NCHW<float, float, (bool)1, (int)1>(T2, T2, cudnnTensorStruct, const T1 *, cudnnTensorStruct, T1 *, cudnnTensorStruct, const T2 *, const T2 *, const T2 *, const T2 *, T2)"
61287959,2304,9482,196,1,1,128,1,1,17,0.000,0.000,,,,,NVIDIA A100 80GB PCIe (0),1,7,"void at::native::vectorized_elementwise_kernel<(int)4, at::native::<unnamed>::launch_clamp_scalar(at::TensorIteratorBase &, c10::Scalar, c10::Scalar, at::native::detail::ClampLimits)::[lambda() (instance 1)]::operator ()() const::[lambda() (instance 7)]::operator ()() const::[lambda(float) (instance 1)], at::detail::Array<char *, (int)2>>(int, T2, T3)"
61312151,3040,9502,7,8,2,256,1,1,32,0.004,0.000,,,,,NVIDIA A100 80GB PCIe (0),1,7,"void cudnn::ops::nchwToNhwcKernel<float, float, float, (bool)0, (bool)1, (cudnnKernelDataType_t)2>(cudnn::ops::nchw2nhwc_params_t<T3>, const T1 *, T2 *)"
61316215,7936,9504,1,8,256,256,1,1,32,0.004,0.000,,,,,NVIDIA A100 80GB PCIe (0),1,7,"void cudnn::ops::nchwToNhwcKernel<float, float, float, (bool)0, (bool)1, (cudnnKernelDataType_t)2>(cudnn::ops::nchw2nhwc_params_t<T3>, const T1 *, T2 *)"
61325271,21696,9508,8,7,1,128,1,1,120,0.000,0.123,,,,,NVIDIA A100 80GB PCIe (0),1,7,sm80_xmma_fprop_implicit_gemm_tf32f32_tf32f32_f32_nhwckrsc_nchw_tilesize64x32x64_stage5_warpsize2x2x1_g1_tensor16x8x8_alignc4_execute_kernel_cudnn_infer
61357687,4096,9549,256,2,1,64,1,1,19,0.000,0.000,,,,,NVIDIA A100 80GB PCIe (0),1,7,"void cudnn::bn_fw_inf_1C11_kernel_NCHW<float, float, (bool)1, (int)1>(T2, T2, cudnnTensorStruct, const T1 *, cudnnTensorStruct, T1 *, cudnnTensorStruct, const T2 *, const T2 *, const T2 *, const T2 *, T2)"
61370231,2336,9556,196,1,1,128,1,1,17,0.000,0.000,,,,,NVIDIA A100 80GB PCIe (0),1,7,"void at::native::vectorized_elementwise_kernel<(int)4, at::native::<unnamed>::launch_clamp_scalar(at::TensorIteratorBase &, c10::Scalar, c10::Scalar, at::native::detail::ClampLimits)::[lambda() (instance 1)]::operator ()() const::[lambda() (instance 7)]::operator ()() const::[lambda(float) (instance 1)], at::detail::Array<char *, (int)2>>(int, T2, T3)"
61398487,12224,9578,64,1,2,128,1,1,90,0.000,0.049,,,,,NVIDIA A100 80GB PCIe (0),1,7,void cutlass::Kernel<cutlass_80_tensorop_s1688gemm_64x64_16x6_nn_align4>(T1::Params)
61432375,5344,9619,1024,2,1,64,1,1,19,0.000,0.000,,,,,NVIDIA A100 80GB PCIe (0),1,7,"void cudnn::bn_fw_inf_1C11_kernel_NCHW<float, float, (bool)1, (int)1>(T2, T2, cudnnTensorStruct, const T1 *, cudnnTensorStruct, T1 *, cudnnTensorStruct, const T2 *, const T2 *, const T2 *, const T2 *, T2)"
61443895,3040,9625,784,1,1,128,1,1,22,0.000,0.000,,,,,NVIDIA A100 80GB PCIe (0),1,7,"void at::native::vectorized_elementwise_kernel<(int)4, at::native::CUDAFunctor_add<float>, at::detail::Array<char *, (int)3>>(int, T2, T3)"
61453367,2848,9632,784,1,1,128,1,1,17,0.000,0.000,,,,,NVIDIA A100 80GB PCIe (0),1,7,"void at::native::vectorized_elementwise_kernel<(int)4, at::native::<unnamed>::launch_clamp_scalar(at::TensorIteratorBase &, c10::Scalar, c10::Scalar, at::native::detail::ClampLimits)::[lambda() (instance 1)]::operator ()() const::[lambda() (instance 7)]::operator ()() const::[lambda(float) (instance 1)], at::detail::Array<char *, (int)2>>(int, T2, T3)"
61484919,19649,9654,16,1,2,128,1,1,90,0.000,0.049,,,,,NVIDIA A100 80GB PCIe (0),1,7,void cutlass::Kernel<cutlass_80_tensorop_s1688gemm_64x64_16x6_nn_align4>(T1::Params)
61520023,4000,9695,256,2,1,64,1,1,19,0.000,0.000,,,,,NVIDIA A100 80GB PCIe (0),1,7,"void cudnn::bn_fw_inf_1C11_kernel_NCHW<float, float, (bool)1, (int)1>(T2, T2, cudnnTensorStruct, const T1 *, cudnnTensorStruct, T1 *, cudnnTensorStruct, const T2 *, const T2 *, const T2 *, const T2 *, T2)"
61533048,2303,9702,196,1,1,128,1,1,17,0.000,0.000,,,,,NVIDIA A100 80GB PCIe (0),1,7,"void at::native::vectorized_elementwise_kernel<(int)4, at::native::<unnamed>::launch_clamp_scalar(at::TensorIteratorBase &, c10::Scalar, c10::Scalar, at::native::detail::ClampLimits)::[lambda() (instance 1)]::operator ()() const::[lambda() (instance 7)]::operator ()() const::[lambda(float) (instance 1)], at::detail::Array<char *, (int)2>>(int, T2, T3)"
61557912,3072,9722,7,8,2,256,1,1,32,0.004,0.000,,,,,NVIDIA A100 80GB PCIe (0),1,7,"void cudnn::ops::nchwToNhwcKernel<float, float, float, (bool)0, (bool)1, (cudnnKernelDataType_t)2>(cudnn::ops::nchw2nhwc_params_t<T3>, const T1 *, T2 *)"
61562072,7648,9724,1,8,256,256,1,1,32,0.004,0.000,,,,,NVIDIA A100 80GB PCIe (0),1,7,"void cudnn::ops::nchwToNhwcKernel<float, float, float, (bool)0, (bool)1, (cudnnKernelDataType_t)2>(cudnn::ops::nchw2nhwc_params_t<T3>, const T1 *, T2 *)"
61570840,21696,9728,8,7,1,128,1,1,120,0.000,0.123,,,,,NVIDIA A100 80GB PCIe (0),1,7,sm80_xmma_fprop_implicit_gemm_tf32f32_tf32f32_f32_nhwckrsc_nchw_tilesize64x32x64_stage5_warpsize2x2x1_g1_tensor16x8x8_alignc4_execute_kernel_cudnn_infer
61605240,4032,9769,256,2,1,64,1,1,19,0.000,0.000,,,,,NVIDIA A100 80GB PCIe (0),1,7,"void cudnn::bn_fw_inf_1C11_kernel_NCHW<float, float, (bool)1, (int)1>(T2, T2, cudnnTensorStruct, const T1 *, cudnnTensorStruct, T1 *, cudnnTensorStruct, const T2 *, const T2 *, const T2 *, const T2 *, T2)"
61618232,2368,9776,196,1,1,128,1,1,17,0.000,0.000,,,,,NVIDIA A100 80GB PCIe (0),1,7,"void at::native::vectorized_elementwise_kernel<(int)4, at::native::<unnamed>::launch_clamp_scalar(at::TensorIteratorBase &, c10::Scalar, c10::Scalar, at::native::detail::ClampLimits)::[lambda() (instance 1)]::operator ()() const::[lambda() (instance 7)]::operator ()() const::[lambda(float) (instance 1)], at::detail::Array<char *, (int)2>>(int, T2, T3)"
61647416,12064,9798,64,1,2,128,1,1,90,0.000,0.049,,,,,NVIDIA A100 80GB PCIe (0),1,7,void cutlass::Kernel<cutlass_80_tensorop_s1688gemm_64x64_16x6_nn_align4>(T1::Params)
61683480,5504,9839,1024,2,1,64,1,1,19,0.000,0.000,,,,,NVIDIA A100 80GB PCIe (0),1,7,"void cudnn::bn_fw_inf_1C11_kernel_NCHW<float, float, (bool)1, (int)1>(T2, T2, cudnnTensorStruct, const T1 *, cudnnTensorStruct, T1 *, cudnnTensorStruct, const T2 *, const T2 *, const T2 *, const T2 *, T2)"
61694968,3104,9845,784,1,1,128,1,1,22,0.000,0.000,,,,,NVIDIA A100 80GB PCIe (0),1,7,"void at::native::vectorized_elementwise_kernel<(int)4, at::native::CUDAFunctor_add<float>, at::detail::Array<char *, (int)3>>(int, T2, T3)"
61704376,2880,9852,784,1,1,128,1,1,17,0.000,0.000,,,,,NVIDIA A100 80GB PCIe (0),1,7,"void at::native::vectorized_elementwise_kernel<(int)4, at::native::<unnamed>::launch_clamp_scalar(at::TensorIteratorBase &, c10::Scalar, c10::Scalar, at::native::detail::ClampLimits)::[lambda() (instance 1)]::operator ()() const::[lambda() (instance 7)]::operator ()() const::[lambda(float) (instance 1)], at::detail::Array<char *, (int)2>>(int, T2, T3)"
61740440,19584,9874,16,1,2,128,1,1,90,0.000,0.049,,,,,NVIDIA A100 80GB PCIe (0),1,7,void cutlass::Kernel<cutlass_80_tensorop_s1688gemm_64x64_16x6_nn_align4>(T1::Params)
61776120,4096,9915,256,2,1,64,1,1,19,0.000,0.000,,,,,NVIDIA A100 80GB PCIe (0),1,7,"void cudnn::bn_fw_inf_1C11_kernel_NCHW<float, float, (bool)1, (int)1>(T2, T2, cudnnTensorStruct, const T1 *, cudnnTensorStruct, T1 *, cudnnTensorStruct, const T2 *, const T2 *, const T2 *, const T2 *, T2)"
61790488,2304,9922,196,1,1,128,1,1,17,0.000,0.000,,,,,NVIDIA A100 80GB PCIe (0),1,7,"void at::native::vectorized_elementwise_kernel<(int)4, at::native::<unnamed>::launch_clamp_scalar(at::TensorIteratorBase &, c10::Scalar, c10::Scalar, at::native::detail::ClampLimits)::[lambda() (instance 1)]::operator ()() const::[lambda() (instance 7)]::operator ()() const::[lambda(float) (instance 1)], at::detail::Array<char *, (int)2>>(int, T2, T3)"
61815704,3040,9942,7,8,2,256,1,1,32,0.004,0.000,,,,,NVIDIA A100 80GB PCIe (0),1,7,"void cudnn::ops::nchwToNhwcKernel<float, float, float, (bool)0, (bool)1, (cudnnKernelDataType_t)2>(cudnn::ops::nchw2nhwc_params_t<T3>, const T1 *, T2 *)"
61819833,7520,9944,1,8,256,256,1,1,32,0.004,0.000,,,,,NVIDIA A100 80GB PCIe (0),1,7,"void cudnn::ops::nchwToNhwcKernel<float, float, float, (bool)0, (bool)1, (cudnnKernelDataType_t)2>(cudnn::ops::nchw2nhwc_params_t<T3>, const T1 *, T2 *)"
61828408,21697,9948,8,7,1,128,1,1,120,0.000,0.123,,,,,NVIDIA A100 80GB PCIe (0),1,7,sm80_xmma_fprop_implicit_gemm_tf32f32_tf32f32_f32_nhwckrsc_nchw_tilesize64x32x64_stage5_warpsize2x2x1_g1_tensor16x8x8_alignc4_execute_kernel_cudnn_infer
61862105,4032,9989,256,2,1,64,1,1,19,0.000,0.000,,,,,NVIDIA A100 80GB PCIe (0),1,7,"void cudnn::bn_fw_inf_1C11_kernel_NCHW<float, float, (bool)1, (int)1>(T2, T2, cudnnTensorStruct, const T1 *, cudnnTensorStruct, T1 *, cudnnTensorStruct, const T2 *, const T2 *, const T2 *, const T2 *, T2)"
61874809,2335,9996,196,1,1,128,1,1,17,0.000,0.000,,,,,NVIDIA A100 80GB PCIe (0),1,7,"void at::native::vectorized_elementwise_kernel<(int)4, at::native::<unnamed>::launch_clamp_scalar(at::TensorIteratorBase &, c10::Scalar, c10::Scalar, at::native::detail::ClampLimits)::[lambda() (instance 1)]::operator ()() const::[lambda() (instance 7)]::operator ()() const::[lambda(float) (instance 1)], at::detail::Array<char *, (int)2>>(int, T2, T3)"
61903417,12352,10018,64,1,2,128,1,1,90,0.000,0.049,,,,,NVIDIA A100 80GB PCIe (0),1,7,void cutlass::Kernel<cutlass_80_tensorop_s1688gemm_64x64_16x6_nn_align4>(T1::Params)
61937689,5344,10059,1024,2,1,64,1,1,19,0.000,0.000,,,,,NVIDIA A100 80GB PCIe (0),1,7,"void cudnn::bn_fw_inf_1C11_kernel_NCHW<float, float, (bool)1, (int)1>(T2, T2, cudnnTensorStruct, const T1 *, cudnnTensorStruct, T1 *, cudnnTensorStruct, const T2 *, const T2 *, const T2 *, const T2 *, T2)"
61949017,3136,10065,784,1,1,128,1,1,22,0.000,0.000,,,,,NVIDIA A100 80GB PCIe (0),1,7,"void at::native::vectorized_elementwise_kernel<(int)4, at::native::CUDAFunctor_add<float>, at::detail::Array<char *, (int)3>>(int, T2, T3)"
61958393,2848,10072,784,1,1,128,1,1,17,0.000,0.000,,,,,NVIDIA A100 80GB PCIe (0),1,7,"void at::native::vectorized_elementwise_kernel<(int)4, at::native::<unnamed>::launch_clamp_scalar(at::TensorIteratorBase &, c10::Scalar, c10::Scalar, at::native::detail::ClampLimits)::[lambda() (instance 1)]::operator ()() const::[lambda() (instance 7)]::operator ()() const::[lambda(float) (instance 1)], at::detail::Array<char *, (int)2>>(int, T2, T3)"
61990841,19616,10094,16,1,2,128,1,1,90,0.000,0.049,,,,,NVIDIA A100 80GB PCIe (0),1,7,void cutlass::Kernel<cutlass_80_tensorop_s1688gemm_64x64_16x6_nn_align4>(T1::Params)
62024825,4032,10135,256,2,1,64,1,1,19,0.000,0.000,,,,,NVIDIA A100 80GB PCIe (0),1,7,"void cudnn::bn_fw_inf_1C11_kernel_NCHW<float, float, (bool)1, (int)1>(T2, T2, cudnnTensorStruct, const T1 *, cudnnTensorStruct, T1 *, cudnnTensorStruct, const T2 *, const T2 *, const T2 *, const T2 *, T2)"
62038297,2304,10142,196,1,1,128,1,1,17,0.000,0.000,,,,,NVIDIA A100 80GB PCIe (0),1,7,"void at::native::vectorized_elementwise_kernel<(int)4, at::native::<unnamed>::launch_clamp_scalar(at::TensorIteratorBase &, c10::Scalar, c10::Scalar, at::native::detail::ClampLimits)::[lambda() (instance 1)]::operator ()() const::[lambda() (instance 7)]::operator ()() const::[lambda(float) (instance 1)], at::detail::Array<char *, (int)2>>(int, T2, T3)"
62062649,3040,10162,7,8,2,256,1,1,32,0.004,0.000,,,,,NVIDIA A100 80GB PCIe (0),1,7,"void cudnn::ops::nchwToNhwcKernel<float, float, float, (bool)0, (bool)1, (cudnnKernelDataType_t)2>(cudnn::ops::nchw2nhwc_params_t<T3>, const T1 *, T2 *)"
62066617,7584,10164,1,8,256,256,1,1,32,0.004,0.000,,,,,NVIDIA A100 80GB PCIe (0),1,7,"void cudnn::ops::nchwToNhwcKernel<float, float, float, (bool)0, (bool)1, (cudnnKernelDataType_t)2>(cudnn::ops::nchw2nhwc_params_t<T3>, const T1 *, T2 *)"
62075225,21824,10168,8,7,1,128,1,1,120,0.000,0.123,,,,,NVIDIA A100 80GB PCIe (0),1,7,sm80_xmma_fprop_implicit_gemm_tf32f32_tf32f32_f32_nhwckrsc_nchw_tilesize64x32x64_stage5_warpsize2x2x1_g1_tensor16x8x8_alignc4_execute_kernel_cudnn_infer
62108313,4096,10209,256,2,1,64,1,1,19,0.000,0.000,,,,,NVIDIA A100 80GB PCIe (0),1,7,"void cudnn::bn_fw_inf_1C11_kernel_NCHW<float, float, (bool)1, (int)1>(T2, T2, cudnnTensorStruct, const T1 *, cudnnTensorStruct, T1 *, cudnnTensorStruct, const T2 *, const T2 *, const T2 *, const T2 *, T2)"
62120249,2368,10216,196,1,1,128,1,1,17,0.000,0.000,,,,,NVIDIA A100 80GB PCIe (0),1,7,"void at::native::vectorized_elementwise_kernel<(int)4, at::native::<unnamed>::launch_clamp_scalar(at::TensorIteratorBase &, c10::Scalar, c10::Scalar, at::native::detail::ClampLimits)::[lambda() (instance 1)]::operator ()() const::[lambda() (instance 7)]::operator ()() const::[lambda(float) (instance 1)], at::detail::Array<char *, (int)2>>(int, T2, T3)"
62148633,12096,10238,64,1,2,128,1,1,90,0.000,0.049,,,,,NVIDIA A100 80GB PCIe (0),1,7,void cutlass::Kernel<cutlass_80_tensorop_s1688gemm_64x64_16x6_nn_align4>(T1::Params)
62182650,5408,10279,1024,2,1,64,1,1,19,0.000,0.000,,,,,NVIDIA A100 80GB PCIe (0),1,7,"void cudnn::bn_fw_inf_1C11_kernel_NCHW<float, float, (bool)1, (int)1>(T2, T2, cudnnTensorStruct, const T1 *, cudnnTensorStruct, T1 *, cudnnTensorStruct, const T2 *, const T2 *, const T2 *, const T2 *, T2)"
62193946,3136,10285,784,1,1,128,1,1,22,0.000,0.000,,,,,NVIDIA A100 80GB PCIe (0),1,7,"void at::native::vectorized_elementwise_kernel<(int)4, at::native::CUDAFunctor_add<float>, at::detail::Array<char *, (int)3>>(int, T2, T3)"
62203482,2880,10292,784,1,1,128,1,1,17,0.000,0.000,,,,,NVIDIA A100 80GB PCIe (0),1,7,"void at::native::vectorized_elementwise_kernel<(int)4, at::native::<unnamed>::launch_clamp_scalar(at::TensorIteratorBase &, c10::Scalar, c10::Scalar, at::native::detail::ClampLimits)::[lambda() (instance 1)]::operator ()() const::[lambda() (instance 7)]::operator ()() const::[lambda(float) (instance 1)], at::detail::Array<char *, (int)2>>(int, T2, T3)"
62235194,19584,10314,16,1,2,128,1,1,90,0.000,0.049,,,,,NVIDIA A100 80GB PCIe (0),1,7,void cutlass::Kernel<cutlass_80_tensorop_s1688gemm_64x64_16x6_nn_align4>(T1::Params)
62268922,4000,10355,256,2,1,64,1,1,19,0.000,0.000,,,,,NVIDIA A100 80GB PCIe (0),1,7,"void cudnn::bn_fw_inf_1C11_kernel_NCHW<float, float, (bool)1, (int)1>(T2, T2, cudnnTensorStruct, const T1 *, cudnnTensorStruct, T1 *, cudnnTensorStruct, const T2 *, const T2 *, const T2 *, const T2 *, T2)"
62282266,2336,10362,196,1,1,128,1,1,17,0.000,0.000,,,,,NVIDIA A100 80GB PCIe (0),1,7,"void at::native::vectorized_elementwise_kernel<(int)4, at::native::<unnamed>::launch_clamp_scalar(at::TensorIteratorBase &, c10::Scalar, c10::Scalar, at::native::detail::ClampLimits)::[lambda() (instance 1)]::operator ()() const::[lambda() (instance 7)]::operator ()() const::[lambda(float) (instance 1)], at::detail::Array<char *, (int)2>>(int, T2, T3)"
62306426,3072,10382,7,8,2,256,1,1,32,0.004,0.000,,,,,NVIDIA A100 80GB PCIe (0),1,7,"void cudnn::ops::nchwToNhwcKernel<float, float, float, (bool)0, (bool)1, (cudnnKernelDataType_t)2>(cudnn::ops::nchw2nhwc_params_t<T3>, const T1 *, T2 *)"
62310554,7616,10384,1,8,256,256,1,1,32,0.004,0.000,,,,,NVIDIA A100 80GB PCIe (0),1,7,"void cudnn::ops::nchwToNhwcKernel<float, float, float, (bool)0, (bool)1, (cudnnKernelDataType_t)2>(cudnn::ops::nchw2nhwc_params_t<T3>, const T1 *, T2 *)"
62319194,21696,10388,8,7,1,128,1,1,120,0.000,0.123,,,,,NVIDIA A100 80GB PCIe (0),1,7,sm80_xmma_fprop_implicit_gemm_tf32f32_tf32f32_f32_nhwckrsc_nchw_tilesize64x32x64_stage5_warpsize2x2x1_g1_tensor16x8x8_alignc4_execute_kernel_cudnn_infer
62352442,4160,10429,256,2,1,64,1,1,19,0.000,0.000,,,,,NVIDIA A100 80GB PCIe (0),1,7,"void cudnn::bn_fw_inf_1C11_kernel_NCHW<float, float, (bool)1, (int)1>(T2, T2, cudnnTensorStruct, const T1 *, cudnnTensorStruct, T1 *, cudnnTensorStruct, const T2 *, const T2 *, const T2 *, const T2 *, T2)"
62364346,2368,10436,196,1,1,128,1,1,17,0.000,0.000,,,,,NVIDIA A100 80GB PCIe (0),1,7,"void at::native::vectorized_elementwise_kernel<(int)4, at::native::<unnamed>::launch_clamp_scalar(at::TensorIteratorBase &, c10::Scalar, c10::Scalar, at::native::detail::ClampLimits)::[lambda() (instance 1)]::operator ()() const::[lambda() (instance 7)]::operator ()() const::[lambda(float) (instance 1)], at::detail::Array<char *, (int)2>>(int, T2, T3)"
62392922,12384,10458,64,1,2,128,1,1,90,0.000,0.049,,,,,NVIDIA A100 80GB PCIe (0),1,7,void cutlass::Kernel<cutlass_80_tensorop_s1688gemm_64x64_16x6_nn_align4>(T1::Params)
62426938,5376,10499,1024,2,1,64,1,1,19,0.000,0.000,,,,,NVIDIA A100 80GB PCIe (0),1,7,"void cudnn::bn_fw_inf_1C11_kernel_NCHW<float, float, (bool)1, (int)1>(T2, T2, cudnnTensorStruct, const T1 *, cudnnTensorStruct, T1 *, cudnnTensorStruct, const T2 *, const T2 *, const T2 *, const T2 *, T2)"
62437850,3104,10505,784,1,1,128,1,1,22,0.000,0.000,,,,,NVIDIA A100 80GB PCIe (0),1,7,"void at::native::vectorized_elementwise_kernel<(int)4, at::native::CUDAFunctor_add<float>, at::detail::Array<char *, (int)3>>(int, T2, T3)"
62447515,2847,10512,784,1,1,128,1,1,17,0.000,0.000,,,,,NVIDIA A100 80GB PCIe (0),1,7,"void at::native::vectorized_elementwise_kernel<(int)4, at::native::<unnamed>::launch_clamp_scalar(at::TensorIteratorBase &, c10::Scalar, c10::Scalar, at::native::detail::ClampLimits)::[lambda() (instance 1)]::operator ()() const::[lambda() (instance 7)]::operator ()() const::[lambda(float) (instance 1)], at::detail::Array<char *, (int)2>>(int, T2, T3)"
62479578,19585,10534,16,1,2,128,1,1,90,0.000,0.049,,,,,NVIDIA A100 80GB PCIe (0),1,7,void cutlass::Kernel<cutlass_80_tensorop_s1688gemm_64x64_16x6_nn_align4>(T1::Params)
62513563,4000,10575,256,2,1,64,1,1,19,0.000,0.000,,,,,NVIDIA A100 80GB PCIe (0),1,7,"void cudnn::bn_fw_inf_1C11_kernel_NCHW<float, float, (bool)1, (int)1>(T2, T2, cudnnTensorStruct, const T1 *, cudnnTensorStruct, T1 *, cudnnTensorStruct, const T2 *, const T2 *, const T2 *, const T2 *, T2)"
62526747,2336,10582,196,1,1,128,1,1,17,0.000,0.000,,,,,NVIDIA A100 80GB PCIe (0),1,7,"void at::native::vectorized_elementwise_kernel<(int)4, at::native::<unnamed>::launch_clamp_scalar(at::TensorIteratorBase &, c10::Scalar, c10::Scalar, at::native::detail::ClampLimits)::[lambda() (instance 1)]::operator ()() const::[lambda() (instance 7)]::operator ()() const::[lambda(float) (instance 1)], at::detail::Array<char *, (int)2>>(int, T2, T3)"
62551867,3040,10602,7,8,2,256,1,1,32,0.004,0.000,,,,,NVIDIA A100 80GB PCIe (0),1,7,"void cudnn::ops::nchwToNhwcKernel<float, float, float, (bool)0, (bool)1, (cudnnKernelDataType_t)2>(cudnn::ops::nchw2nhwc_params_t<T3>, const T1 *, T2 *)"
62555899,7552,10604,1,8,256,256,1,1,32,0.004,0.000,,,,,NVIDIA A100 80GB PCIe (0),1,7,"void cudnn::ops::nchwToNhwcKernel<float, float, float, (bool)0, (bool)1, (cudnnKernelDataType_t)2>(cudnn::ops::nchw2nhwc_params_t<T3>, const T1 *, T2 *)"
62564507,21696,10608,8,7,1,128,1,1,120,0.000,0.123,,,,,NVIDIA A100 80GB PCIe (0),1,7,sm80_xmma_fprop_implicit_gemm_tf32f32_tf32f32_f32_nhwckrsc_nchw_tilesize64x32x64_stage5_warpsize2x2x1_g1_tensor16x8x8_alignc4_execute_kernel_cudnn_infer
62598203,4064,10649,256,2,1,64,1,1,19,0.000,0.000,,,,,NVIDIA A100 80GB PCIe (0),1,7,"void cudnn::bn_fw_inf_1C11_kernel_NCHW<float, float, (bool)1, (int)1>(T2, T2, cudnnTensorStruct, const T1 *, cudnnTensorStruct, T1 *, cudnnTensorStruct, const T2 *, const T2 *, const T2 *, const T2 *, T2)"
62610523,2336,10656,196,1,1,128,1,1,17,0.000,0.000,,,,,NVIDIA A100 80GB PCIe (0),1,7,"void at::native::vectorized_elementwise_kernel<(int)4, at::native::<unnamed>::launch_clamp_scalar(at::TensorIteratorBase &, c10::Scalar, c10::Scalar, at::native::detail::ClampLimits)::[lambda() (instance 1)]::operator ()() const::[lambda() (instance 7)]::operator ()() const::[lambda(float) (instance 1)], at::detail::Array<char *, (int)2>>(int, T2, T3)"
62642427,12064,10678,64,1,2,128,1,1,90,0.000,0.049,,,,,NVIDIA A100 80GB PCIe (0),1,7,void cutlass::Kernel<cutlass_80_tensorop_s1688gemm_64x64_16x6_nn_align4>(T1::Params)
62679163,5504,10719,1024,2,1,64,1,1,19,0.000,0.000,,,,,NVIDIA A100 80GB PCIe (0),1,7,"void cudnn::bn_fw_inf_1C11_kernel_NCHW<float, float, (bool)1, (int)1>(T2, T2, cudnnTensorStruct, const T1 *, cudnnTensorStruct, T1 *, cudnnTensorStruct, const T2 *, const T2 *, const T2 *, const T2 *, T2)"
62690875,3136,10725,784,1,1,128,1,1,22,0.000,0.000,,,,,NVIDIA A100 80GB PCIe (0),1,7,"void at::native::vectorized_elementwise_kernel<(int)4, at::native::CUDAFunctor_add<float>, at::detail::Array<char *, (int)3>>(int, T2, T3)"
62700603,2880,10732,784,1,1,128,1,1,17,0.000,0.000,,,,,NVIDIA A100 80GB PCIe (0),1,7,"void at::native::vectorized_elementwise_kernel<(int)4, at::native::<unnamed>::launch_clamp_scalar(at::TensorIteratorBase &, c10::Scalar, c10::Scalar, at::native::detail::ClampLimits)::[lambda() (instance 1)]::operator ()() const::[lambda() (instance 7)]::operator ()() const::[lambda(float) (instance 1)], at::detail::Array<char *, (int)2>>(int, T2, T3)"
62733020,19519,10754,16,1,2,128,1,1,90,0.000,0.049,,,,,NVIDIA A100 80GB PCIe (0),1,7,void cutlass::Kernel<cutlass_80_tensorop_s1688gemm_64x64_16x6_nn_align4>(T1::Params)
62766875,4065,10795,256,2,1,64,1,1,19,0.000,0.000,,,,,NVIDIA A100 80GB PCIe (0),1,7,"void cudnn::bn_fw_inf_1C11_kernel_NCHW<float, float, (bool)1, (int)1>(T2, T2, cudnnTensorStruct, const T1 *, cudnnTensorStruct, T1 *, cudnnTensorStruct, const T2 *, const T2 *, const T2 *, const T2 *, T2)"
62779964,2304,10802,196,1,1,128,1,1,17,0.000,0.000,,,,,NVIDIA A100 80GB PCIe (0),1,7,"void at::native::vectorized_elementwise_kernel<(int)4, at::native::<unnamed>::launch_clamp_scalar(at::TensorIteratorBase &, c10::Scalar, c10::Scalar, at::native::detail::ClampLimits)::[lambda() (instance 1)]::operator ()() const::[lambda() (instance 7)]::operator ()() const::[lambda(float) (instance 1)], at::detail::Array<char *, (int)2>>(int, T2, T3)"
62804700,3072,10822,7,8,2,256,1,1,32,0.004,0.000,,,,,NVIDIA A100 80GB PCIe (0),1,7,"void cudnn::ops::nchwToNhwcKernel<float, float, float, (bool)0, (bool)1, (cudnnKernelDataType_t)2>(cudnn::ops::nchw2nhwc_params_t<T3>, const T1 *, T2 *)"
62808828,7424,10824,1,8,256,256,1,1,32,0.004,0.000,,,,,NVIDIA A100 80GB PCIe (0),1,7,"void cudnn::ops::nchwToNhwcKernel<float, float, float, (bool)0, (bool)1, (cudnnKernelDataType_t)2>(cudnn::ops::nchw2nhwc_params_t<T3>, const T1 *, T2 *)"
62817404,21696,10828,8,7,1,128,1,1,120,0.000,0.123,,,,,NVIDIA A100 80GB PCIe (0),1,7,sm80_xmma_fprop_implicit_gemm_tf32f32_tf32f32_f32_nhwckrsc_nchw_tilesize64x32x64_stage5_warpsize2x2x1_g1_tensor16x8x8_alignc4_execute_kernel_cudnn_infer
62850908,4128,10869,256,2,1,64,1,1,19,0.000,0.000,,,,,NVIDIA A100 80GB PCIe (0),1,7,"void cudnn::bn_fw_inf_1C11_kernel_NCHW<float, float, (bool)1, (int)1>(T2, T2, cudnnTensorStruct, const T1 *, cudnnTensorStruct, T1 *, cudnnTensorStruct, const T2 *, const T2 *, const T2 *, const T2 *, T2)"
62862908,2368,10876,196,1,1,128,1,1,17,0.000,0.000,,,,,NVIDIA A100 80GB PCIe (0),1,7,"void at::native::vectorized_elementwise_kernel<(int)4, at::native::<unnamed>::launch_clamp_scalar(at::TensorIteratorBase &, c10::Scalar, c10::Scalar, at::native::detail::ClampLimits)::[lambda() (instance 1)]::operator ()() const::[lambda() (instance 7)]::operator ()() const::[lambda(float) (instance 1)], at::detail::Array<char *, (int)2>>(int, T2, T3)"
62890972,11968,10898,64,1,2,128,1,1,90,0.000,0.049,,,,,NVIDIA A100 80GB PCIe (0),1,7,void cutlass::Kernel<cutlass_80_tensorop_s1688gemm_64x64_16x6_nn_align4>(T1::Params)
62924988,5376,10939,1024,2,1,64,1,1,19,0.000,0.000,,,,,NVIDIA A100 80GB PCIe (0),1,7,"void cudnn::bn_fw_inf_1C11_kernel_NCHW<float, float, (bool)1, (int)1>(T2, T2, cudnnTensorStruct, const T1 *, cudnnTensorStruct, T1 *, cudnnTensorStruct, const T2 *, const T2 *, const T2 *, const T2 *, T2)"
62936988,3040,10945,784,1,1,128,1,1,22,0.000,0.000,,,,,NVIDIA A100 80GB PCIe (0),1,7,"void at::native::vectorized_elementwise_kernel<(int)4, at::native::CUDAFunctor_add<float>, at::detail::Array<char *, (int)3>>(int, T2, T3)"
62946748,2880,10952,784,1,1,128,1,1,17,0.000,0.000,,,,,NVIDIA A100 80GB PCIe (0),1,7,"void at::native::vectorized_elementwise_kernel<(int)4, at::native::<unnamed>::launch_clamp_scalar(at::TensorIteratorBase &, c10::Scalar, c10::Scalar, at::native::detail::ClampLimits)::[lambda() (instance 1)]::operator ()() const::[lambda() (instance 7)]::operator ()() const::[lambda(float) (instance 1)], at::detail::Array<char *, (int)2>>(int, T2, T3)"
62978556,19584,10974,16,1,2,128,1,1,90,0.000,0.049,,,,,NVIDIA A100 80GB PCIe (0),1,7,void cutlass::Kernel<cutlass_80_tensorop_s1688gemm_64x64_16x6_nn_align4>(T1::Params)
63013276,4000,11015,256,2,1,64,1,1,19,0.000,0.000,,,,,NVIDIA A100 80GB PCIe (0),1,7,"void cudnn::bn_fw_inf_1C11_kernel_NCHW<float, float, (bool)1, (int)1>(T2, T2, cudnnTensorStruct, const T1 *, cudnnTensorStruct, T1 *, cudnnTensorStruct, const T2 *, const T2 *, const T2 *, const T2 *, T2)"
63026364,2336,11022,196,1,1,128,1,1,17,0.000,0.000,,,,,NVIDIA A100 80GB PCIe (0),1,7,"void at::native::vectorized_elementwise_kernel<(int)4, at::native::<unnamed>::launch_clamp_scalar(at::TensorIteratorBase &, c10::Scalar, c10::Scalar, at::native::detail::ClampLimits)::[lambda() (instance 1)]::operator ()() const::[lambda() (instance 7)]::operator ()() const::[lambda(float) (instance 1)], at::detail::Array<char *, (int)2>>(int, T2, T3)"
63051164,3040,11042,7,8,2,256,1,1,32,0.004,0.000,,,,,NVIDIA A100 80GB PCIe (0),1,7,"void cudnn::ops::nchwToNhwcKernel<float, float, float, (bool)0, (bool)1, (cudnnKernelDataType_t)2>(cudnn::ops::nchw2nhwc_params_t<T3>, const T1 *, T2 *)"
63055293,7520,11044,1,8,256,256,1,1,32,0.004,0.000,,,,,NVIDIA A100 80GB PCIe (0),1,7,"void cudnn::ops::nchwToNhwcKernel<float, float, float, (bool)0, (bool)1, (cudnnKernelDataType_t)2>(cudnn::ops::nchw2nhwc_params_t<T3>, const T1 *, T2 *)"
63063772,21697,11048,8,7,1,128,1,1,120,0.000,0.123,,,,,NVIDIA A100 80GB PCIe (0),1,7,sm80_xmma_fprop_implicit_gemm_tf32f32_tf32f32_f32_nhwckrsc_nchw_tilesize64x32x64_stage5_warpsize2x2x1_g1_tensor16x8x8_alignc4_execute_kernel_cudnn_infer
63096092,4129,11089,256,2,1,64,1,1,19,0.000,0.000,,,,,NVIDIA A100 80GB PCIe (0),1,7,"void cudnn::bn_fw_inf_1C11_kernel_NCHW<float, float, (bool)1, (int)1>(T2, T2, cudnnTensorStruct, const T1 *, cudnnTensorStruct, T1 *, cudnnTensorStruct, const T2 *, const T2 *, const T2 *, const T2 *, T2)"
63108061,2368,11096,196,1,1,128,1,1,17,0.000,0.000,,,,,NVIDIA A100 80GB PCIe (0),1,7,"void at::native::vectorized_elementwise_kernel<(int)4, at::native::<unnamed>::launch_clamp_scalar(at::TensorIteratorBase &, c10::Scalar, c10::Scalar, at::native::detail::ClampLimits)::[lambda() (instance 1)]::operator ()() const::[lambda() (instance 7)]::operator ()() const::[lambda(float) (instance 1)], at::detail::Array<char *, (int)2>>(int, T2, T3)"
63136285,12128,11118,64,1,2,128,1,1,90,0.000,0.049,,,,,NVIDIA A100 80GB PCIe (0),1,7,void cutlass::Kernel<cutlass_80_tensorop_s1688gemm_64x64_16x6_nn_align4>(T1::Params)
63170845,5600,11159,1024,2,1,64,1,1,19,0.000,0.000,,,,,NVIDIA A100 80GB PCIe (0),1,7,"void cudnn::bn_fw_inf_1C11_kernel_NCHW<float, float, (bool)1, (int)1>(T2, T2, cudnnTensorStruct, const T1 *, cudnnTensorStruct, T1 *, cudnnTensorStruct, const T2 *, const T2 *, const T2 *, const T2 *, T2)"
63182461,3136,11165,784,1,1,128,1,1,22,0.000,0.000,,,,,NVIDIA A100 80GB PCIe (0),1,7,"void at::native::vectorized_elementwise_kernel<(int)4, at::native::CUDAFunctor_add<float>, at::detail::Array<char *, (int)3>>(int, T2, T3)"
63191709,2848,11172,784,1,1,128,1,1,17,0.000,0.000,,,,,NVIDIA A100 80GB PCIe (0),1,7,"void at::native::vectorized_elementwise_kernel<(int)4, at::native::<unnamed>::launch_clamp_scalar(at::TensorIteratorBase &, c10::Scalar, c10::Scalar, at::native::detail::ClampLimits)::[lambda() (instance 1)]::operator ()() const::[lambda() (instance 7)]::operator ()() const::[lambda(float) (instance 1)], at::detail::Array<char *, (int)2>>(int, T2, T3)"
63222781,19584,11194,16,1,2,128,1,1,90,0.000,0.049,,,,,NVIDIA A100 80GB PCIe (0),1,7,void cutlass::Kernel<cutlass_80_tensorop_s1688gemm_64x64_16x6_nn_align4>(T1::Params)
63257501,4064,11235,256,2,1,64,1,1,19,0.000,0.000,,,,,NVIDIA A100 80GB PCIe (0),1,7,"void cudnn::bn_fw_inf_1C11_kernel_NCHW<float, float, (bool)1, (int)1>(T2, T2, cudnnTensorStruct, const T1 *, cudnnTensorStruct, T1 *, cudnnTensorStruct, const T2 *, const T2 *, const T2 *, const T2 *, T2)"
63270909,2336,11242,196,1,1,128,1,1,17,0.000,0.000,,,,,NVIDIA A100 80GB PCIe (0),1,7,"void at::native::vectorized_elementwise_kernel<(int)4, at::native::<unnamed>::launch_clamp_scalar(at::TensorIteratorBase &, c10::Scalar, c10::Scalar, at::native::detail::ClampLimits)::[lambda() (instance 1)]::operator ()() const::[lambda() (instance 7)]::operator ()() const::[lambda(float) (instance 1)], at::detail::Array<char *, (int)2>>(int, T2, T3)"
63294941,3072,11262,7,8,2,256,1,1,32,0.004,0.000,,,,,NVIDIA A100 80GB PCIe (0),1,7,"void cudnn::ops::nchwToNhwcKernel<float, float, float, (bool)0, (bool)1, (cudnnKernelDataType_t)2>(cudnn::ops::nchw2nhwc_params_t<T3>, const T1 *, T2 *)"
63299005,7584,11264,1,8,256,256,1,1,32,0.004,0.000,,,,,NVIDIA A100 80GB PCIe (0),1,7,"void cudnn::ops::nchwToNhwcKernel<float, float, float, (bool)0, (bool)1, (cudnnKernelDataType_t)2>(cudnn::ops::nchw2nhwc_params_t<T3>, const T1 *, T2 *)"
63307613,21696,11268,8,7,1,128,1,1,120,0.000,0.123,,,,,NVIDIA A100 80GB PCIe (0),1,7,sm80_xmma_fprop_implicit_gemm_tf32f32_tf32f32_f32_nhwckrsc_nchw_tilesize64x32x64_stage5_warpsize2x2x1_g1_tensor16x8x8_alignc4_execute_kernel_cudnn_infer
63341278,4095,11309,256,2,1,64,1,1,19,0.000,0.000,,,,,NVIDIA A100 80GB PCIe (0),1,7,"void cudnn::bn_fw_inf_1C11_kernel_NCHW<float, float, (bool)1, (int)1>(T2, T2, cudnnTensorStruct, const T1 *, cudnnTensorStruct, T1 *, cudnnTensorStruct, const T2 *, const T2 *, const T2 *, const T2 *, T2)"
63353406,2368,11316,196,1,1,128,1,1,17,0.000,0.000,,,,,NVIDIA A100 80GB PCIe (0),1,7,"void at::native::vectorized_elementwise_kernel<(int)4, at::native::<unnamed>::launch_clamp_scalar(at::TensorIteratorBase &, c10::Scalar, c10::Scalar, at::native::detail::ClampLimits)::[lambda() (instance 1)]::operator ()() const::[lambda() (instance 7)]::operator ()() const::[lambda(float) (instance 1)], at::detail::Array<char *, (int)2>>(int, T2, T3)"
63382173,11968,11338,64,1,2,128,1,1,90,0.000,0.049,,,,,NVIDIA A100 80GB PCIe (0),1,7,void cutlass::Kernel<cutlass_80_tensorop_s1688gemm_64x64_16x6_nn_align4>(T1::Params)
63416510,5344,11379,1024,2,1,64,1,1,19,0.000,0.000,,,,,NVIDIA A100 80GB PCIe (0),1,7,"void cudnn::bn_fw_inf_1C11_kernel_NCHW<float, float, (bool)1, (int)1>(T2, T2, cudnnTensorStruct, const T1 *, cudnnTensorStruct, T1 *, cudnnTensorStruct, const T2 *, const T2 *, const T2 *, const T2 *, T2)"
63427934,3136,11385,784,1,1,128,1,1,22,0.000,0.000,,,,,NVIDIA A100 80GB PCIe (0),1,7,"void at::native::vectorized_elementwise_kernel<(int)4, at::native::CUDAFunctor_add<float>, at::detail::Array<char *, (int)3>>(int, T2, T3)"
63437246,2848,11392,784,1,1,128,1,1,17,0.000,0.000,,,,,NVIDIA A100 80GB PCIe (0),1,7,"void at::native::vectorized_elementwise_kernel<(int)4, at::native::<unnamed>::launch_clamp_scalar(at::TensorIteratorBase &, c10::Scalar, c10::Scalar, at::native::detail::ClampLimits)::[lambda() (instance 1)]::operator ()() const::[lambda() (instance 7)]::operator ()() const::[lambda(float) (instance 1)], at::detail::Array<char *, (int)2>>(int, T2, T3)"
63468766,19584,11414,16,1,2,128,1,1,90,0.000,0.049,,,,,NVIDIA A100 80GB PCIe (0),1,7,void cutlass::Kernel<cutlass_80_tensorop_s1688gemm_64x64_16x6_nn_align4>(T1::Params)
63502974,4032,11455,256,2,1,64,1,1,19,0.000,0.000,,,,,NVIDIA A100 80GB PCIe (0),1,7,"void cudnn::bn_fw_inf_1C11_kernel_NCHW<float, float, (bool)1, (int)1>(T2, T2, cudnnTensorStruct, const T1 *, cudnnTensorStruct, T1 *, cudnnTensorStruct, const T2 *, const T2 *, const T2 *, const T2 *, T2)"
63516574,2336,11462,196,1,1,128,1,1,17,0.000,0.000,,,,,NVIDIA A100 80GB PCIe (0),1,7,"void at::native::vectorized_elementwise_kernel<(int)4, at::native::<unnamed>::launch_clamp_scalar(at::TensorIteratorBase &, c10::Scalar, c10::Scalar, at::native::detail::ClampLimits)::[lambda() (instance 1)]::operator ()() const::[lambda() (instance 7)]::operator ()() const::[lambda(float) (instance 1)], at::detail::Array<char *, (int)2>>(int, T2, T3)"
63540574,3040,11482,7,8,2,256,1,1,32,0.004,0.000,,,,,NVIDIA A100 80GB PCIe (0),1,7,"void cudnn::ops::nchwToNhwcKernel<float, float, float, (bool)0, (bool)1, (cudnnKernelDataType_t)2>(cudnn::ops::nchw2nhwc_params_t<T3>, const T1 *, T2 *)"
63544574,7488,11484,1,8,256,256,1,1,32,0.004,0.000,,,,,NVIDIA A100 80GB PCIe (0),1,7,"void cudnn::ops::nchwToNhwcKernel<float, float, float, (bool)0, (bool)1, (cudnnKernelDataType_t)2>(cudnn::ops::nchw2nhwc_params_t<T3>, const T1 *, T2 *)"
63553022,21632,11488,8,7,1,128,1,1,120,0.000,0.123,,,,,NVIDIA A100 80GB PCIe (0),1,7,sm80_xmma_fprop_implicit_gemm_tf32f32_tf32f32_f32_nhwckrsc_nchw_tilesize64x32x64_stage5_warpsize2x2x1_g1_tensor16x8x8_alignc4_execute_kernel_cudnn_infer
63585374,4096,11529,256,2,1,64,1,1,19,0.000,0.000,,,,,NVIDIA A100 80GB PCIe (0),1,7,"void cudnn::bn_fw_inf_1C11_kernel_NCHW<float, float, (bool)1, (int)1>(T2, T2, cudnnTensorStruct, const T1 *, cudnnTensorStruct, T1 *, cudnnTensorStruct, const T2 *, const T2 *, const T2 *, const T2 *, T2)"
63597726,2368,11536,196,1,1,128,1,1,17,0.000,0.000,,,,,NVIDIA A100 80GB PCIe (0),1,7,"void at::native::vectorized_elementwise_kernel<(int)4, at::native::<unnamed>::launch_clamp_scalar(at::TensorIteratorBase &, c10::Scalar, c10::Scalar, at::native::detail::ClampLimits)::[lambda() (instance 1)]::operator ()() const::[lambda() (instance 7)]::operator ()() const::[lambda(float) (instance 1)], at::detail::Array<char *, (int)2>>(int, T2, T3)"
63626046,12256,11558,64,1,2,128,1,1,90,0.000,0.049,,,,,NVIDIA A100 80GB PCIe (0),1,7,void cutlass::Kernel<cutlass_80_tensorop_s1688gemm_64x64_16x6_nn_align4>(T1::Params)
63660414,5376,11599,1024,2,1,64,1,1,19,0.000,0.000,,,,,NVIDIA A100 80GB PCIe (0),1,7,"void cudnn::bn_fw_inf_1C11_kernel_NCHW<float, float, (bool)1, (int)1>(T2, T2, cudnnTensorStruct, const T1 *, cudnnTensorStruct, T1 *, cudnnTensorStruct, const T2 *, const T2 *, const T2 *, const T2 *, T2)"
63671679,3104,11605,784,1,1,128,1,1,22,0.000,0.000,,,,,NVIDIA A100 80GB PCIe (0),1,7,"void at::native::vectorized_elementwise_kernel<(int)4, at::native::CUDAFunctor_add<float>, at::detail::Array<char *, (int)3>>(int, T2, T3)"
63681151,2879,11612,784,1,1,128,1,1,17,0.000,0.000,,,,,NVIDIA A100 80GB PCIe (0),1,7,"void at::native::vectorized_elementwise_kernel<(int)4, at::native::<unnamed>::launch_clamp_scalar(at::TensorIteratorBase &, c10::Scalar, c10::Scalar, at::native::detail::ClampLimits)::[lambda() (instance 1)]::operator ()() const::[lambda() (instance 7)]::operator ()() const::[lambda(float) (instance 1)], at::detail::Array<char *, (int)2>>(int, T2, T3)"
63712863,19552,11634,16,1,2,128,1,1,90,0.000,0.049,,,,,NVIDIA A100 80GB PCIe (0),1,7,void cutlass::Kernel<cutlass_80_tensorop_s1688gemm_64x64_16x6_nn_align4>(T1::Params)
63746783,4064,11675,256,2,1,64,1,1,19,0.000,0.000,,,,,NVIDIA A100 80GB PCIe (0),1,7,"void cudnn::bn_fw_inf_1C11_kernel_NCHW<float, float, (bool)1, (int)1>(T2, T2, cudnnTensorStruct, const T1 *, cudnnTensorStruct, T1 *, cudnnTensorStruct, const T2 *, const T2 *, const T2 *, const T2 *, T2)"
63760159,2336,11682,196,1,1,128,1,1,17,0.000,0.000,,,,,NVIDIA A100 80GB PCIe (0),1,7,"void at::native::vectorized_elementwise_kernel<(int)4, at::native::<unnamed>::launch_clamp_scalar(at::TensorIteratorBase &, c10::Scalar, c10::Scalar, at::native::detail::ClampLimits)::[lambda() (instance 1)]::operator ()() const::[lambda() (instance 7)]::operator ()() const::[lambda(float) (instance 1)], at::detail::Array<char *, (int)2>>(int, T2, T3)"
63784255,3072,11702,7,8,2,256,1,1,32,0.004,0.000,,,,,NVIDIA A100 80GB PCIe (0),1,7,"void cudnn::ops::nchwToNhwcKernel<float, float, float, (bool)0, (bool)1, (cudnnKernelDataType_t)2>(cudnn::ops::nchw2nhwc_params_t<T3>, const T1 *, T2 *)"
63788383,7520,11704,1,8,256,256,1,1,32,0.004,0.000,,,,,NVIDIA A100 80GB PCIe (0),1,7,"void cudnn::ops::nchwToNhwcKernel<float, float, float, (bool)0, (bool)1, (cudnnKernelDataType_t)2>(cudnn::ops::nchw2nhwc_params_t<T3>, const T1 *, T2 *)"
63797023,21696,11708,8,7,1,128,1,1,120,0.000,0.123,,,,,NVIDIA A100 80GB PCIe (0),1,7,sm80_xmma_fprop_implicit_gemm_tf32f32_tf32f32_f32_nhwckrsc_nchw_tilesize64x32x64_stage5_warpsize2x2x1_g1_tensor16x8x8_alignc4_execute_kernel_cudnn_infer
63829503,4064,11749,256,2,1,64,1,1,19,0.000,0.000,,,,,NVIDIA A100 80GB PCIe (0),1,7,"void cudnn::bn_fw_inf_1C11_kernel_NCHW<float, float, (bool)1, (int)1>(T2, T2, cudnnTensorStruct, const T1 *, cudnnTensorStruct, T1 *, cudnnTensorStruct, const T2 *, const T2 *, const T2 *, const T2 *, T2)"
63841791,2336,11756,196,1,1,128,1,1,17,0.000,0.000,,,,,NVIDIA A100 80GB PCIe (0),1,7,"void at::native::vectorized_elementwise_kernel<(int)4, at::native::<unnamed>::launch_clamp_scalar(at::TensorIteratorBase &, c10::Scalar, c10::Scalar, at::native::detail::ClampLimits)::[lambda() (instance 1)]::operator ()() const::[lambda() (instance 7)]::operator ()() const::[lambda(float) (instance 1)], at::detail::Array<char *, (int)2>>(int, T2, T3)"
63870143,12064,11778,64,1,2,128,1,1,90,0.000,0.049,,,,,NVIDIA A100 80GB PCIe (0),1,7,void cutlass::Kernel<cutlass_80_tensorop_s1688gemm_64x64_16x6_nn_align4>(T1::Params)
63904255,5344,11819,1024,2,1,64,1,1,19,0.000,0.000,,,,,NVIDIA A100 80GB PCIe (0),1,7,"void cudnn::bn_fw_inf_1C11_kernel_NCHW<float, float, (bool)1, (int)1>(T2, T2, cudnnTensorStruct, const T1 *, cudnnTensorStruct, T1 *, cudnnTensorStruct, const T2 *, const T2 *, const T2 *, const T2 *, T2)"
63920831,3104,11825,784,1,1,128,1,1,22,0.000,0.000,,,,,NVIDIA A100 80GB PCIe (0),1,7,"void at::native::vectorized_elementwise_kernel<(int)4, at::native::CUDAFunctor_add<float>, at::detail::Array<char *, (int)3>>(int, T2, T3)"
63930847,2848,11832,784,1,1,128,1,1,17,0.000,0.000,,,,,NVIDIA A100 80GB PCIe (0),1,7,"void at::native::vectorized_elementwise_kernel<(int)4, at::native::<unnamed>::launch_clamp_scalar(at::TensorIteratorBase &, c10::Scalar, c10::Scalar, at::native::detail::ClampLimits)::[lambda() (instance 1)]::operator ()() const::[lambda() (instance 7)]::operator ()() const::[lambda(float) (instance 1)], at::detail::Array<char *, (int)2>>(int, T2, T3)"
63963488,19584,11854,16,1,2,128,1,1,90,0.000,0.049,,,,,NVIDIA A100 80GB PCIe (0),1,7,void cutlass::Kernel<cutlass_80_tensorop_s1688gemm_64x64_16x6_nn_align4>(T1::Params)
63998848,3968,11895,256,2,1,64,1,1,19,0.000,0.000,,,,,NVIDIA A100 80GB PCIe (0),1,7,"void cudnn::bn_fw_inf_1C11_kernel_NCHW<float, float, (bool)1, (int)1>(T2, T2, cudnnTensorStruct, const T1 *, cudnnTensorStruct, T1 *, cudnnTensorStruct, const T2 *, const T2 *, const T2 *, const T2 *, T2)"
64012928,2336,11902,196,1,1,128,1,1,17,0.000,0.000,,,,,NVIDIA A100 80GB PCIe (0),1,7,"void at::native::vectorized_elementwise_kernel<(int)4, at::native::<unnamed>::launch_clamp_scalar(at::TensorIteratorBase &, c10::Scalar, c10::Scalar, at::native::detail::ClampLimits)::[lambda() (instance 1)]::operator ()() const::[lambda() (instance 7)]::operator ()() const::[lambda(float) (instance 1)], at::detail::Array<char *, (int)2>>(int, T2, T3)"
64037856,3072,11922,7,8,2,256,1,1,32,0.004,0.000,,,,,NVIDIA A100 80GB PCIe (0),1,7,"void cudnn::ops::nchwToNhwcKernel<float, float, float, (bool)0, (bool)1, (cudnnKernelDataType_t)2>(cudnn::ops::nchw2nhwc_params_t<T3>, const T1 *, T2 *)"
64042048,7424,11924,1,8,256,256,1,1,32,0.004,0.000,,,,,NVIDIA A100 80GB PCIe (0),1,7,"void cudnn::ops::nchwToNhwcKernel<float, float, float, (bool)0, (bool)1, (cudnnKernelDataType_t)2>(cudnn::ops::nchw2nhwc_params_t<T3>, const T1 *, T2 *)"
64050496,21696,11928,8,7,1,128,1,1,120,0.000,0.123,,,,,NVIDIA A100 80GB PCIe (0),1,7,sm80_xmma_fprop_implicit_gemm_tf32f32_tf32f32_f32_nhwckrsc_nchw_tilesize64x32x64_stage5_warpsize2x2x1_g1_tensor16x8x8_alignc4_execute_kernel_cudnn_infer
64085184,4128,11969,256,2,1,64,1,1,19,0.000,0.000,,,,,NVIDIA A100 80GB PCIe (0),1,7,"void cudnn::bn_fw_inf_1C11_kernel_NCHW<float, float, (bool)1, (int)1>(T2, T2, cudnnTensorStruct, const T1 *, cudnnTensorStruct, T1 *, cudnnTensorStruct, const T2 *, const T2 *, const T2 *, const T2 *, T2)"
64097472,2368,11976,196,1,1,128,1,1,17,0.000,0.000,,,,,NVIDIA A100 80GB PCIe (0),1,7,"void at::native::vectorized_elementwise_kernel<(int)4, at::native::<unnamed>::launch_clamp_scalar(at::TensorIteratorBase &, c10::Scalar, c10::Scalar, at::native::detail::ClampLimits)::[lambda() (instance 1)]::operator ()() const::[lambda() (instance 7)]::operator ()() const::[lambda(float) (instance 1)], at::detail::Array<char *, (int)2>>(int, T2, T3)"
64126688,12000,11998,64,1,2,128,1,1,90,0.000,0.049,,,,,NVIDIA A100 80GB PCIe (0),1,7,void cutlass::Kernel<cutlass_80_tensorop_s1688gemm_64x64_16x6_nn_align4>(T1::Params)
64162048,5344,12039,1024,2,1,64,1,1,19,0.000,0.000,,,,,NVIDIA A100 80GB PCIe (0),1,7,"void cudnn::bn_fw_inf_1C11_kernel_NCHW<float, float, (bool)1, (int)1>(T2, T2, cudnnTensorStruct, const T1 *, cudnnTensorStruct, T1 *, cudnnTensorStruct, const T2 *, const T2 *, const T2 *, const T2 *, T2)"
64173120,3136,12045,784,1,1,128,1,1,22,0.000,0.000,,,,,NVIDIA A100 80GB PCIe (0),1,7,"void at::native::vectorized_elementwise_kernel<(int)4, at::native::CUDAFunctor_add<float>, at::detail::Array<char *, (int)3>>(int, T2, T3)"
64182432,2880,12052,784,1,1,128,1,1,17,0.000,0.000,,,,,NVIDIA A100 80GB PCIe (0),1,7,"void at::native::vectorized_elementwise_kernel<(int)4, at::native::<unnamed>::launch_clamp_scalar(at::TensorIteratorBase &, c10::Scalar, c10::Scalar, at::native::detail::ClampLimits)::[lambda() (instance 1)]::operator ()() const::[lambda() (instance 7)]::operator ()() const::[lambda(float) (instance 1)], at::detail::Array<char *, (int)2>>(int, T2, T3)"
64214208,19584,12074,16,1,2,128,1,1,90,0.000,0.049,,,,,NVIDIA A100 80GB PCIe (0),1,7,void cutlass::Kernel<cutlass_80_tensorop_s1688gemm_64x64_16x6_nn_align4>(T1::Params)
64247616,4032,12115,256,2,1,64,1,1,19,0.000,0.000,,,,,NVIDIA A100 80GB PCIe (0),1,7,"void cudnn::bn_fw_inf_1C11_kernel_NCHW<float, float, (bool)1, (int)1>(T2, T2, cudnnTensorStruct, const T1 *, cudnnTensorStruct, T1 *, cudnnTensorStruct, const T2 *, const T2 *, const T2 *, const T2 *, T2)"
64260640,2336,12122,196,1,1,128,1,1,17,0.000,0.000,,,,,NVIDIA A100 80GB PCIe (0),1,7,"void at::native::vectorized_elementwise_kernel<(int)4, at::native::<unnamed>::launch_clamp_scalar(at::TensorIteratorBase &, c10::Scalar, c10::Scalar, at::native::detail::ClampLimits)::[lambda() (instance 1)]::operator ()() const::[lambda() (instance 7)]::operator ()() const::[lambda(float) (instance 1)], at::detail::Array<char *, (int)2>>(int, T2, T3)"
64284897,3071,12142,7,8,2,256,1,1,32,0.004,0.000,,,,,NVIDIA A100 80GB PCIe (0),1,7,"void cudnn::ops::nchwToNhwcKernel<float, float, float, (bool)0, (bool)1, (cudnnKernelDataType_t)2>(cudnn::ops::nchw2nhwc_params_t<T3>, const T1 *, T2 *)"
64289024,7584,12144,1,8,256,256,1,1,32,0.004,0.000,,,,,NVIDIA A100 80GB PCIe (0),1,7,"void cudnn::ops::nchwToNhwcKernel<float, float, float, (bool)0, (bool)1, (cudnnKernelDataType_t)2>(cudnn::ops::nchw2nhwc_params_t<T3>, const T1 *, T2 *)"
64297633,21696,12148,8,7,1,128,1,1,120,0.000,0.123,,,,,NVIDIA A100 80GB PCIe (0),1,7,sm80_xmma_fprop_implicit_gemm_tf32f32_tf32f32_f32_nhwckrsc_nchw_tilesize64x32x64_stage5_warpsize2x2x1_g1_tensor16x8x8_alignc4_execute_kernel_cudnn_infer
64330561,4128,12189,256,2,1,64,1,1,19,0.000,0.000,,,,,NVIDIA A100 80GB PCIe (0),1,7,"void cudnn::bn_fw_inf_1C11_kernel_NCHW<float, float, (bool)1, (int)1>(T2, T2, cudnnTensorStruct, const T1 *, cudnnTensorStruct, T1 *, cudnnTensorStruct, const T2 *, const T2 *, const T2 *, const T2 *, T2)"
64342625,2368,12196,196,1,1,128,1,1,17,0.000,0.000,,,,,NVIDIA A100 80GB PCIe (0),1,7,"void at::native::vectorized_elementwise_kernel<(int)4, at::native::<unnamed>::launch_clamp_scalar(at::TensorIteratorBase &, c10::Scalar, c10::Scalar, at::native::detail::ClampLimits)::[lambda() (instance 1)]::operator ()() const::[lambda() (instance 7)]::operator ()() const::[lambda(float) (instance 1)], at::detail::Array<char *, (int)2>>(int, T2, T3)"
64370433,12032,12218,64,1,2,128,1,1,90,0.000,0.049,,,,,NVIDIA A100 80GB PCIe (0),1,7,void cutlass::Kernel<cutlass_80_tensorop_s1688gemm_64x64_16x6_nn_align4>(T1::Params)
64404737,5312,12259,1024,2,1,64,1,1,19,0.000,0.000,,,,,NVIDIA A100 80GB PCIe (0),1,7,"void cudnn::bn_fw_inf_1C11_kernel_NCHW<float, float, (bool)1, (int)1>(T2, T2, cudnnTensorStruct, const T1 *, cudnnTensorStruct, T1 *, cudnnTensorStruct, const T2 *, const T2 *, const T2 *, const T2 *, T2)"
64415937,3104,12265,784,1,1,128,1,1,22,0.000,0.000,,,,,NVIDIA A100 80GB PCIe (0),1,7,"void at::native::vectorized_elementwise_kernel<(int)4, at::native::CUDAFunctor_add<float>, at::detail::Array<char *, (int)3>>(int, T2, T3)"
64425249,2848,12272,784,1,1,128,1,1,17,0.000,0.000,,,,,NVIDIA A100 80GB PCIe (0),1,7,"void at::native::vectorized_elementwise_kernel<(int)4, at::native::<unnamed>::launch_clamp_scalar(at::TensorIteratorBase &, c10::Scalar, c10::Scalar, at::native::detail::ClampLimits)::[lambda() (instance 1)]::operator ()() const::[lambda() (instance 7)]::operator ()() const::[lambda(float) (instance 1)], at::detail::Array<char *, (int)2>>(int, T2, T3)"
64456833,19584,12294,16,1,2,128,1,1,90,0.000,0.049,,,,,NVIDIA A100 80GB PCIe (0),1,7,void cutlass::Kernel<cutlass_80_tensorop_s1688gemm_64x64_16x6_nn_align4>(T1::Params)
64490529,4064,12335,256,2,1,64,1,1,19,0.000,0.000,,,,,NVIDIA A100 80GB PCIe (0),1,7,"void cudnn::bn_fw_inf_1C11_kernel_NCHW<float, float, (bool)1, (int)1>(T2, T2, cudnnTensorStruct, const T1 *, cudnnTensorStruct, T1 *, cudnnTensorStruct, const T2 *, const T2 *, const T2 *, const T2 *, T2)"
64504417,2336,12342,196,1,1,128,1,1,17,0.000,0.000,,,,,NVIDIA A100 80GB PCIe (0),1,7,"void at::native::vectorized_elementwise_kernel<(int)4, at::native::<unnamed>::launch_clamp_scalar(at::TensorIteratorBase &, c10::Scalar, c10::Scalar, at::native::detail::ClampLimits)::[lambda() (instance 1)]::operator ()() const::[lambda() (instance 7)]::operator ()() const::[lambda(float) (instance 1)], at::detail::Array<char *, (int)2>>(int, T2, T3)"
64529089,3040,12362,7,8,2,256,1,1,32,0.004,0.000,,,,,NVIDIA A100 80GB PCIe (0),1,7,"void cudnn::ops::nchwToNhwcKernel<float, float, float, (bool)0, (bool)1, (cudnnKernelDataType_t)2>(cudnn::ops::nchw2nhwc_params_t<T3>, const T1 *, T2 *)"
64535681,7456,12364,1,8,256,256,1,1,32,0.004,0.000,,,,,NVIDIA A100 80GB PCIe (0),1,7,"void cudnn::ops::nchwToNhwcKernel<float, float, float, (bool)0, (bool)1, (cudnnKernelDataType_t)2>(cudnn::ops::nchw2nhwc_params_t<T3>, const T1 *, T2 *)"
64544129,21728,12368,8,7,1,128,1,1,120,0.000,0.123,,,,,NVIDIA A100 80GB PCIe (0),1,7,sm80_xmma_fprop_implicit_gemm_tf32f32_tf32f32_f32_nhwckrsc_nchw_tilesize64x32x64_stage5_warpsize2x2x1_g1_tensor16x8x8_alignc4_execute_kernel_cudnn_infer
64580033,4064,12409,256,2,1,64,1,1,19,0.000,0.000,,,,,NVIDIA A100 80GB PCIe (0),1,7,"void cudnn::bn_fw_inf_1C11_kernel_NCHW<float, float, (bool)1, (int)1>(T2, T2, cudnnTensorStruct, const T1 *, cudnnTensorStruct, T1 *, cudnnTensorStruct, const T2 *, const T2 *, const T2 *, const T2 *, T2)"
64592897,2337,12416,196,1,1,128,1,1,17,0.000,0.000,,,,,NVIDIA A100 80GB PCIe (0),1,7,"void at::native::vectorized_elementwise_kernel<(int)4, at::native::<unnamed>::launch_clamp_scalar(at::TensorIteratorBase &, c10::Scalar, c10::Scalar, at::native::detail::ClampLimits)::[lambda() (instance 1)]::operator ()() const::[lambda() (instance 7)]::operator ()() const::[lambda(float) (instance 1)], at::detail::Array<char *, (int)2>>(int, T2, T3)"
64631234,12160,12438,64,1,2,128,1,1,90,0.000,0.049,,,,,NVIDIA A100 80GB PCIe (0),1,7,void cutlass::Kernel<cutlass_80_tensorop_s1688gemm_64x64_16x6_nn_align4>(T1::Params)
64671426,5440,12479,1024,2,1,64,1,1,19,0.000,0.000,,,,,NVIDIA A100 80GB PCIe (0),1,7,"void cudnn::bn_fw_inf_1C11_kernel_NCHW<float, float, (bool)1, (int)1>(T2, T2, cudnnTensorStruct, const T1 *, cudnnTensorStruct, T1 *, cudnnTensorStruct, const T2 *, const T2 *, const T2 *, const T2 *, T2)"
64683682,3136,12485,784,1,1,128,1,1,22,0.000,0.000,,,,,NVIDIA A100 80GB PCIe (0),1,7,"void at::native::vectorized_elementwise_kernel<(int)4, at::native::CUDAFunctor_add<float>, at::detail::Array<char *, (int)3>>(int, T2, T3)"
64693218,2848,12492,784,1,1,128,1,1,17,0.000,0.000,,,,,NVIDIA A100 80GB PCIe (0),1,7,"void at::native::vectorized_elementwise_kernel<(int)4, at::native::<unnamed>::launch_clamp_scalar(at::TensorIteratorBase &, c10::Scalar, c10::Scalar, at::native::detail::ClampLimits)::[lambda() (instance 1)]::operator ()() const::[lambda() (instance 7)]::operator ()() const::[lambda(float) (instance 1)], at::detail::Array<char *, (int)2>>(int, T2, T3)"
64726786,19584,12514,16,1,2,128,1,1,90,0.000,0.049,,,,,NVIDIA A100 80GB PCIe (0),1,7,void cutlass::Kernel<cutlass_80_tensorop_s1688gemm_64x64_16x6_nn_align4>(T1::Params)
64761762,4128,12555,256,2,1,64,1,1,19,0.000,0.000,,,,,NVIDIA A100 80GB PCIe (0),1,7,"void cudnn::bn_fw_inf_1C11_kernel_NCHW<float, float, (bool)1, (int)1>(T2, T2, cudnnTensorStruct, const T1 *, cudnnTensorStruct, T1 *, cudnnTensorStruct, const T2 *, const T2 *, const T2 *, const T2 *, T2)"
64775074,2304,12562,196,1,1,128,1,1,17,0.000,0.000,,,,,NVIDIA A100 80GB PCIe (0),1,7,"void at::native::vectorized_elementwise_kernel<(int)4, at::native::<unnamed>::launch_clamp_scalar(at::TensorIteratorBase &, c10::Scalar, c10::Scalar, at::native::detail::ClampLimits)::[lambda() (instance 1)]::operator ()() const::[lambda() (instance 7)]::operator ()() const::[lambda(float) (instance 1)], at::detail::Array<char *, (int)2>>(int, T2, T3)"
64799714,3072,12582,7,8,2,256,1,1,32,0.004,0.000,,,,,NVIDIA A100 80GB PCIe (0),1,7,"void cudnn::ops::nchwToNhwcKernel<float, float, float, (bool)0, (bool)1, (cudnnKernelDataType_t)2>(cudnn::ops::nchw2nhwc_params_t<T3>, const T1 *, T2 *)"
64803778,7584,12584,1,8,256,256,1,1,32,0.004,0.000,,,,,NVIDIA A100 80GB PCIe (0),1,7,"void cudnn::ops::nchwToNhwcKernel<float, float, float, (bool)0, (bool)1, (cudnnKernelDataType_t)2>(cudnn::ops::nchw2nhwc_params_t<T3>, const T1 *, T2 *)"
64812514,21632,12588,8,7,1,128,1,1,120,0.000,0.123,,,,,NVIDIA A100 80GB PCIe (0),1,7,sm80_xmma_fprop_implicit_gemm_tf32f32_tf32f32_f32_nhwckrsc_nchw_tilesize64x32x64_stage5_warpsize2x2x1_g1_tensor16x8x8_alignc4_execute_kernel_cudnn_infer
64845346,4128,12629,256,2,1,64,1,1,19,0.000,0.000,,,,,NVIDIA A100 80GB PCIe (0),1,7,"void cudnn::bn_fw_inf_1C11_kernel_NCHW<float, float, (bool)1, (int)1>(T2, T2, cudnnTensorStruct, const T1 *, cudnnTensorStruct, T1 *, cudnnTensorStruct, const T2 *, const T2 *, const T2 *, const T2 *, T2)"
64857570,2336,12636,196,1,1,128,1,1,17,0.000,0.000,,,,,NVIDIA A100 80GB PCIe (0),1,7,"void at::native::vectorized_elementwise_kernel<(int)4, at::native::<unnamed>::launch_clamp_scalar(at::TensorIteratorBase &, c10::Scalar, c10::Scalar, at::native::detail::ClampLimits)::[lambda() (instance 1)]::operator ()() const::[lambda() (instance 7)]::operator ()() const::[lambda(float) (instance 1)], at::detail::Array<char *, (int)2>>(int, T2, T3)"
64885730,12224,12658,64,1,2,128,1,1,90,0.000,0.049,,,,,NVIDIA A100 80GB PCIe (0),1,7,void cutlass::Kernel<cutlass_80_tensorop_s1688gemm_64x64_16x6_nn_align4>(T1::Params)
64919715,5567,12699,1024,2,1,64,1,1,19,0.000,0.000,,,,,NVIDIA A100 80GB PCIe (0),1,7,"void cudnn::bn_fw_inf_1C11_kernel_NCHW<float, float, (bool)1, (int)1>(T2, T2, cudnnTensorStruct, const T1 *, cudnnTensorStruct, T1 *, cudnnTensorStruct, const T2 *, const T2 *, const T2 *, const T2 *, T2)"
64931171,3104,12705,784,1,1,128,1,1,22,0.000,0.000,,,,,NVIDIA A100 80GB PCIe (0),1,7,"void at::native::vectorized_elementwise_kernel<(int)4, at::native::CUDAFunctor_add<float>, at::detail::Array<char *, (int)3>>(int, T2, T3)"
64940547,2848,12712,784,1,1,128,1,1,17,0.000,0.000,,,,,NVIDIA A100 80GB PCIe (0),1,7,"void at::native::vectorized_elementwise_kernel<(int)4, at::native::<unnamed>::launch_clamp_scalar(at::TensorIteratorBase &, c10::Scalar, c10::Scalar, at::native::detail::ClampLimits)::[lambda() (instance 1)]::operator ()() const::[lambda() (instance 7)]::operator ()() const::[lambda(float) (instance 1)], at::detail::Array<char *, (int)2>>(int, T2, T3)"
64971907,19584,12734,16,1,2,128,1,1,90,0.000,0.049,,,,,NVIDIA A100 80GB PCIe (0),1,7,void cutlass::Kernel<cutlass_80_tensorop_s1688gemm_64x64_16x6_nn_align4>(T1::Params)
65005731,4096,12775,256,2,1,64,1,1,19,0.000,0.000,,,,,NVIDIA A100 80GB PCIe (0),1,7,"void cudnn::bn_fw_inf_1C11_kernel_NCHW<float, float, (bool)1, (int)1>(T2, T2, cudnnTensorStruct, const T1 *, cudnnTensorStruct, T1 *, cudnnTensorStruct, const T2 *, const T2 *, const T2 *, const T2 *, T2)"
65018851,2336,12782,196,1,1,128,1,1,17,0.000,0.000,,,,,NVIDIA A100 80GB PCIe (0),1,7,"void at::native::vectorized_elementwise_kernel<(int)4, at::native::<unnamed>::launch_clamp_scalar(at::TensorIteratorBase &, c10::Scalar, c10::Scalar, at::native::detail::ClampLimits)::[lambda() (instance 1)]::operator ()() const::[lambda() (instance 7)]::operator ()() const::[lambda(float) (instance 1)], at::detail::Array<char *, (int)2>>(int, T2, T3)"
65042979,3072,12802,7,8,2,256,1,1,32,0.004,0.000,,,,,NVIDIA A100 80GB PCIe (0),1,7,"void cudnn::ops::nchwToNhwcKernel<float, float, float, (bool)0, (bool)1, (cudnnKernelDataType_t)2>(cudnn::ops::nchw2nhwc_params_t<T3>, const T1 *, T2 *)"
65047171,7392,12804,1,8,256,256,1,1,32,0.004,0.000,,,,,NVIDIA A100 80GB PCIe (0),1,7,"void cudnn::ops::nchwToNhwcKernel<float, float, float, (bool)0, (bool)1, (cudnnKernelDataType_t)2>(cudnn::ops::nchw2nhwc_params_t<T3>, const T1 *, T2 *)"
65055683,21760,12808,8,7,1,128,1,1,120,0.000,0.123,,,,,NVIDIA A100 80GB PCIe (0),1,7,sm80_xmma_fprop_implicit_gemm_tf32f32_tf32f32_f32_nhwckrsc_nchw_tilesize64x32x64_stage5_warpsize2x2x1_g1_tensor16x8x8_alignc4_execute_kernel_cudnn_infer
65087939,4096,12849,256,2,1,64,1,1,19,0.000,0.000,,,,,NVIDIA A100 80GB PCIe (0),1,7,"void cudnn::bn_fw_inf_1C11_kernel_NCHW<float, float, (bool)1, (int)1>(T2, T2, cudnnTensorStruct, const T1 *, cudnnTensorStruct, T1 *, cudnnTensorStruct, const T2 *, const T2 *, const T2 *, const T2 *, T2)"
65100227,2336,12856,196,1,1,128,1,1,17,0.000,0.000,,,,,NVIDIA A100 80GB PCIe (0),1,7,"void at::native::vectorized_elementwise_kernel<(int)4, at::native::<unnamed>::launch_clamp_scalar(at::TensorIteratorBase &, c10::Scalar, c10::Scalar, at::native::detail::ClampLimits)::[lambda() (instance 1)]::operator ()() const::[lambda() (instance 7)]::operator ()() const::[lambda(float) (instance 1)], at::detail::Array<char *, (int)2>>(int, T2, T3)"
65128035,12096,12878,64,1,2,128,1,1,90,0.000,0.049,,,,,NVIDIA A100 80GB PCIe (0),1,7,void cutlass::Kernel<cutlass_80_tensorop_s1688gemm_64x64_16x6_nn_align4>(T1::Params)
65162179,5408,12919,1024,2,1,64,1,1,19,0.000,0.000,,,,,NVIDIA A100 80GB PCIe (0),1,7,"void cudnn::bn_fw_inf_1C11_kernel_NCHW<float, float, (bool)1, (int)1>(T2, T2, cudnnTensorStruct, const T1 *, cudnnTensorStruct, T1 *, cudnnTensorStruct, const T2 *, const T2 *, const T2 *, const T2 *, T2)"
65173251,3104,12925,784,1,1,128,1,1,22,0.000,0.000,,,,,NVIDIA A100 80GB PCIe (0),1,7,"void at::native::vectorized_elementwise_kernel<(int)4, at::native::CUDAFunctor_add<float>, at::detail::Array<char *, (int)3>>(int, T2, T3)"
65182563,2848,12932,784,1,1,128,1,1,17,0.000,0.000,,,,,NVIDIA A100 80GB PCIe (0),1,7,"void at::native::vectorized_elementwise_kernel<(int)4, at::native::<unnamed>::launch_clamp_scalar(at::TensorIteratorBase &, c10::Scalar, c10::Scalar, at::native::detail::ClampLimits)::[lambda() (instance 1)]::operator ()() const::[lambda() (instance 7)]::operator ()() const::[lambda(float) (instance 1)], at::detail::Array<char *, (int)2>>(int, T2, T3)"
65214148,19616,12954,16,1,2,128,1,1,90,0.000,0.049,,,,,NVIDIA A100 80GB PCIe (0),1,7,void cutlass::Kernel<cutlass_80_tensorop_s1688gemm_64x64_16x6_nn_align4>(T1::Params)
65248164,4064,12995,256,2,1,64,1,1,19,0.000,0.000,,,,,NVIDIA A100 80GB PCIe (0),1,7,"void cudnn::bn_fw_inf_1C11_kernel_NCHW<float, float, (bool)1, (int)1>(T2, T2, cudnnTensorStruct, const T1 *, cudnnTensorStruct, T1 *, cudnnTensorStruct, const T2 *, const T2 *, const T2 *, const T2 *, T2)"
65261348,2336,13002,196,1,1,128,1,1,17,0.000,0.000,,,,,NVIDIA A100 80GB PCIe (0),1,7,"void at::native::vectorized_elementwise_kernel<(int)4, at::native::<unnamed>::launch_clamp_scalar(at::TensorIteratorBase &, c10::Scalar, c10::Scalar, at::native::detail::ClampLimits)::[lambda() (instance 1)]::operator ()() const::[lambda() (instance 7)]::operator ()() const::[lambda(float) (instance 1)], at::detail::Array<char *, (int)2>>(int, T2, T3)"
65284964,3072,13022,7,8,2,256,1,1,32,0.004,0.000,,,,,NVIDIA A100 80GB PCIe (0),1,7,"void cudnn::ops::nchwToNhwcKernel<float, float, float, (bool)0, (bool)1, (cudnnKernelDataType_t)2>(cudnn::ops::nchw2nhwc_params_t<T3>, const T1 *, T2 *)"
65289092,7520,13024,1,8,256,256,1,1,32,0.004,0.000,,,,,NVIDIA A100 80GB PCIe (0),1,7,"void cudnn::ops::nchwToNhwcKernel<float, float, float, (bool)0, (bool)1, (cudnnKernelDataType_t)2>(cudnn::ops::nchw2nhwc_params_t<T3>, const T1 *, T2 *)"
65297604,21696,13028,8,7,1,128,1,1,120,0.000,0.123,,,,,NVIDIA A100 80GB PCIe (0),1,7,sm80_xmma_fprop_implicit_gemm_tf32f32_tf32f32_f32_nhwckrsc_nchw_tilesize64x32x64_stage5_warpsize2x2x1_g1_tensor16x8x8_alignc4_execute_kernel_cudnn_infer
65330436,4064,13069,256,2,1,64,1,1,19,0.000,0.000,,,,,NVIDIA A100 80GB PCIe (0),1,7,"void cudnn::bn_fw_inf_1C11_kernel_NCHW<float, float, (bool)1, (int)1>(T2, T2, cudnnTensorStruct, const T1 *, cudnnTensorStruct, T1 *, cudnnTensorStruct, const T2 *, const T2 *, const T2 *, const T2 *, T2)"
65342660,2368,13076,196,1,1,128,1,1,17,0.000,0.000,,,,,NVIDIA A100 80GB PCIe (0),1,7,"void at::native::vectorized_elementwise_kernel<(int)4, at::native::<unnamed>::launch_clamp_scalar(at::TensorIteratorBase &, c10::Scalar, c10::Scalar, at::native::detail::ClampLimits)::[lambda() (instance 1)]::operator ()() const::[lambda() (instance 7)]::operator ()() const::[lambda(float) (instance 1)], at::detail::Array<char *, (int)2>>(int, T2, T3)"
65370756,12000,13098,64,1,2,128,1,1,90,0.000,0.049,,,,,NVIDIA A100 80GB PCIe (0),1,7,void cutlass::Kernel<cutlass_80_tensorop_s1688gemm_64x64_16x6_nn_align4>(T1::Params)
65405732,5344,13139,1024,2,1,64,1,1,19,0.000,0.000,,,,,NVIDIA A100 80GB PCIe (0),1,7,"void cudnn::bn_fw_inf_1C11_kernel_NCHW<float, float, (bool)1, (int)1>(T2, T2, cudnnTensorStruct, const T1 *, cudnnTensorStruct, T1 *, cudnnTensorStruct, const T2 *, const T2 *, const T2 *, const T2 *, T2)"
65417124,3104,13145,784,1,1,128,1,1,22,0.000,0.000,,,,,NVIDIA A100 80GB PCIe (0),1,7,"void at::native::vectorized_elementwise_kernel<(int)4, at::native::CUDAFunctor_add<float>, at::detail::Array<char *, (int)3>>(int, T2, T3)"
65426468,2880,13152,784,1,1,128,1,1,17,0.000,0.000,,,,,NVIDIA A100 80GB PCIe (0),1,7,"void at::native::vectorized_elementwise_kernel<(int)4, at::native::<unnamed>::launch_clamp_scalar(at::TensorIteratorBase &, c10::Scalar, c10::Scalar, at::native::detail::ClampLimits)::[lambda() (instance 1)]::operator ()() const::[lambda() (instance 7)]::operator ()() const::[lambda(float) (instance 1)], at::detail::Array<char *, (int)2>>(int, T2, T3)"
65457540,19584,13174,16,1,2,128,1,1,90,0.000,0.049,,,,,NVIDIA A100 80GB PCIe (0),1,7,void cutlass::Kernel<cutlass_80_tensorop_s1688gemm_64x64_16x6_nn_align4>(T1::Params)
65492356,4033,13215,256,2,1,64,1,1,19,0.000,0.000,,,,,NVIDIA A100 80GB PCIe (0),1,7,"void cudnn::bn_fw_inf_1C11_kernel_NCHW<float, float, (bool)1, (int)1>(T2, T2, cudnnTensorStruct, const T1 *, cudnnTensorStruct, T1 *, cudnnTensorStruct, const T2 *, const T2 *, const T2 *, const T2 *, T2)"
65505765,2335,13222,196,1,1,128,1,1,17,0.000,0.000,,,,,NVIDIA A100 80GB PCIe (0),1,7,"void at::native::vectorized_elementwise_kernel<(int)4, at::native::<unnamed>::launch_clamp_scalar(at::TensorIteratorBase &, c10::Scalar, c10::Scalar, at::native::detail::ClampLimits)::[lambda() (instance 1)]::operator ()() const::[lambda() (instance 7)]::operator ()() const::[lambda(float) (instance 1)], at::detail::Array<char *, (int)2>>(int, T2, T3)"
65529861,3072,13242,7,8,2,256,1,1,32,0.004,0.000,,,,,NVIDIA A100 80GB PCIe (0),1,7,"void cudnn::ops::nchwToNhwcKernel<float, float, float, (bool)0, (bool)1, (cudnnKernelDataType_t)2>(cudnn::ops::nchw2nhwc_params_t<T3>, const T1 *, T2 *)"
65533861,7456,13244,1,8,256,256,1,1,32,0.004,0.000,,,,,NVIDIA A100 80GB PCIe (0),1,7,"void cudnn::ops::nchwToNhwcKernel<float, float, float, (bool)0, (bool)1, (cudnnKernelDataType_t)2>(cudnn::ops::nchw2nhwc_params_t<T3>, const T1 *, T2 *)"
65542372,21761,13248,8,7,1,128,1,1,120,0.000,0.123,,,,,NVIDIA A100 80GB PCIe (0),1,7,sm80_xmma_fprop_implicit_gemm_tf32f32_tf32f32_f32_nhwckrsc_nchw_tilesize64x32x64_stage5_warpsize2x2x1_g1_tensor16x8x8_alignc4_execute_kernel_cudnn_infer
65576389,4160,13289,256,2,1,64,1,1,19,0.000,0.000,,,,,NVIDIA A100 80GB PCIe (0),1,7,"void cudnn::bn_fw_inf_1C11_kernel_NCHW<float, float, (bool)1, (int)1>(T2, T2, cudnnTensorStruct, const T1 *, cudnnTensorStruct, T1 *, cudnnTensorStruct, const T2 *, const T2 *, const T2 *, const T2 *, T2)"
65588325,2336,13296,196,1,1,128,1,1,17,0.000,0.000,,,,,NVIDIA A100 80GB PCIe (0),1,7,"void at::native::vectorized_elementwise_kernel<(int)4, at::native::<unnamed>::launch_clamp_scalar(at::TensorIteratorBase &, c10::Scalar, c10::Scalar, at::native::detail::ClampLimits)::[lambda() (instance 1)]::operator ()() const::[lambda() (instance 7)]::operator ()() const::[lambda(float) (instance 1)], at::detail::Array<char *, (int)2>>(int, T2, T3)"
65619557,12224,13318,64,1,2,128,1,1,90,0.000,0.049,,,,,NVIDIA A100 80GB PCIe (0),1,7,void cutlass::Kernel<cutlass_80_tensorop_s1688gemm_64x64_16x6_nn_align4>(T1::Params)
65656549,5376,13359,1024,2,1,64,1,1,19,0.000,0.000,,,,,NVIDIA A100 80GB PCIe (0),1,7,"void cudnn::bn_fw_inf_1C11_kernel_NCHW<float, float, (bool)1, (int)1>(T2, T2, cudnnTensorStruct, const T1 *, cudnnTensorStruct, T1 *, cudnnTensorStruct, const T2 *, const T2 *, const T2 *, const T2 *, T2)"
65667877,3104,13365,784,1,1,128,1,1,22,0.000,0.000,,,,,NVIDIA A100 80GB PCIe (0),1,7,"void at::native::vectorized_elementwise_kernel<(int)4, at::native::CUDAFunctor_add<float>, at::detail::Array<char *, (int)3>>(int, T2, T3)"
65677733,2880,13372,784,1,1,128,1,1,17,0.000,0.000,,,,,NVIDIA A100 80GB PCIe (0),1,7,"void at::native::vectorized_elementwise_kernel<(int)4, at::native::<unnamed>::launch_clamp_scalar(at::TensorIteratorBase &, c10::Scalar, c10::Scalar, at::native::detail::ClampLimits)::[lambda() (instance 1)]::operator ()() const::[lambda() (instance 7)]::operator ()() const::[lambda(float) (instance 1)], at::detail::Array<char *, (int)2>>(int, T2, T3)"
65710117,19584,13394,16,1,2,128,1,1,90,0.000,0.049,,,,,NVIDIA A100 80GB PCIe (0),1,7,void cutlass::Kernel<cutlass_80_tensorop_s1688gemm_64x64_16x6_nn_align4>(T1::Params)
65744997,4192,13435,256,2,1,64,1,1,19,0.000,0.000,,,,,NVIDIA A100 80GB PCIe (0),1,7,"void cudnn::bn_fw_inf_1C11_kernel_NCHW<float, float, (bool)1, (int)1>(T2, T2, cudnnTensorStruct, const T1 *, cudnnTensorStruct, T1 *, cudnnTensorStruct, const T2 *, const T2 *, const T2 *, const T2 *, T2)"
65758405,2336,13442,196,1,1,128,1,1,17,0.000,0.000,,,,,NVIDIA A100 80GB PCIe (0),1,7,"void at::native::vectorized_elementwise_kernel<(int)4, at::native::<unnamed>::launch_clamp_scalar(at::TensorIteratorBase &, c10::Scalar, c10::Scalar, at::native::detail::ClampLimits)::[lambda() (instance 1)]::operator ()() const::[lambda() (instance 7)]::operator ()() const::[lambda(float) (instance 1)], at::detail::Array<char *, (int)2>>(int, T2, T3)"
65782341,3040,13462,7,8,2,256,1,1,32,0.004,0.000,,,,,NVIDIA A100 80GB PCIe (0),1,7,"void cudnn::ops::nchwToNhwcKernel<float, float, float, (bool)0, (bool)1, (cudnnKernelDataType_t)2>(cudnn::ops::nchw2nhwc_params_t<T3>, const T1 *, T2 *)"
65788421,7456,13464,1,8,256,256,1,1,32,0.004,0.000,,,,,NVIDIA A100 80GB PCIe (0),1,7,"void cudnn::ops::nchwToNhwcKernel<float, float, float, (bool)0, (bool)1, (cudnnKernelDataType_t)2>(cudnn::ops::nchw2nhwc_params_t<T3>, const T1 *, T2 *)"
65796869,21729,13468,8,7,1,128,1,1,120,0.000,0.123,,,,,NVIDIA A100 80GB PCIe (0),1,7,sm80_xmma_fprop_implicit_gemm_tf32f32_tf32f32_f32_nhwckrsc_nchw_tilesize64x32x64_stage5_warpsize2x2x1_g1_tensor16x8x8_alignc4_execute_kernel_cudnn_infer
65831238,4031,13509,256,2,1,64,1,1,19,0.000,0.000,,,,,NVIDIA A100 80GB PCIe (0),1,7,"void cudnn::bn_fw_inf_1C11_kernel_NCHW<float, float, (bool)1, (int)1>(T2, T2, cudnnTensorStruct, const T1 *, cudnnTensorStruct, T1 *, cudnnTensorStruct, const T2 *, const T2 *, const T2 *, const T2 *, T2)"
65844006,2336,13516,196,1,1,128,1,1,17,0.000,0.000,,,,,NVIDIA A100 80GB PCIe (0),1,7,"void at::native::vectorized_elementwise_kernel<(int)4, at::native::<unnamed>::launch_clamp_scalar(at::TensorIteratorBase &, c10::Scalar, c10::Scalar, at::native::detail::ClampLimits)::[lambda() (instance 1)]::operator ()() const::[lambda() (instance 7)]::operator ()() const::[lambda(float) (instance 1)], at::detail::Array<char *, (int)2>>(int, T2, T3)"
65872390,12000,13538,64,1,2,128,1,1,90,0.000,0.049,,,,,NVIDIA A100 80GB PCIe (0),1,7,void cutlass::Kernel<cutlass_80_tensorop_s1688gemm_64x64_16x6_nn_align4>(T1::Params)
65906342,5376,13579,1024,2,1,64,1,1,19,0.000,0.000,,,,,NVIDIA A100 80GB PCIe (0),1,7,"void cudnn::bn_fw_inf_1C11_kernel_NCHW<float, float, (bool)1, (int)1>(T2, T2, cudnnTensorStruct, const T1 *, cudnnTensorStruct, T1 *, cudnnTensorStruct, const T2 *, const T2 *, const T2 *, const T2 *, T2)"
65917830,3104,13585,784,1,1,128,1,1,22,0.000,0.000,,,,,NVIDIA A100 80GB PCIe (0),1,7,"void at::native::vectorized_elementwise_kernel<(int)4, at::native::CUDAFunctor_add<float>, at::detail::Array<char *, (int)3>>(int, T2, T3)"
65927270,2880,13592,784,1,1,128,1,1,17,0.000,0.000,,,,,NVIDIA A100 80GB PCIe (0),1,7,"void at::native::vectorized_elementwise_kernel<(int)4, at::native::<unnamed>::launch_clamp_scalar(at::TensorIteratorBase &, c10::Scalar, c10::Scalar, at::native::detail::ClampLimits)::[lambda() (instance 1)]::operator ()() const::[lambda() (instance 7)]::operator ()() const::[lambda(float) (instance 1)], at::detail::Array<char *, (int)2>>(int, T2, T3)"
65958566,19584,13614,16,1,2,128,1,1,90,0.000,0.049,,,,,NVIDIA A100 80GB PCIe (0),1,7,void cutlass::Kernel<cutlass_80_tensorop_s1688gemm_64x64_16x6_nn_align4>(T1::Params)
65992230,4160,13655,256,2,1,64,1,1,19,0.000,0.000,,,,,NVIDIA A100 80GB PCIe (0),1,7,"void cudnn::bn_fw_inf_1C11_kernel_NCHW<float, float, (bool)1, (int)1>(T2, T2, cudnnTensorStruct, const T1 *, cudnnTensorStruct, T1 *, cudnnTensorStruct, const T2 *, const T2 *, const T2 *, const T2 *, T2)"
66005510,2336,13662,196,1,1,128,1,1,17,0.000,0.000,,,,,NVIDIA A100 80GB PCIe (0),1,7,"void at::native::vectorized_elementwise_kernel<(int)4, at::native::<unnamed>::launch_clamp_scalar(at::TensorIteratorBase &, c10::Scalar, c10::Scalar, at::native::detail::ClampLimits)::[lambda() (instance 1)]::operator ()() const::[lambda() (instance 7)]::operator ()() const::[lambda(float) (instance 1)], at::detail::Array<char *, (int)2>>(int, T2, T3)"
66029318,3040,13682,7,8,2,256,1,1,32,0.004,0.000,,,,,NVIDIA A100 80GB PCIe (0),1,7,"void cudnn::ops::nchwToNhwcKernel<float, float, float, (bool)0, (bool)1, (cudnnKernelDataType_t)2>(cudnn::ops::nchw2nhwc_params_t<T3>, const T1 *, T2 *)"
66033414,7488,13684,1,8,256,256,1,1,32,0.004,0.000,,,,,NVIDIA A100 80GB PCIe (0),1,7,"void cudnn::ops::nchwToNhwcKernel<float, float, float, (bool)0, (bool)1, (cudnnKernelDataType_t)2>(cudnn::ops::nchw2nhwc_params_t<T3>, const T1 *, T2 *)"
66041830,21760,13688,8,7,1,128,1,1,120,0.000,0.123,,,,,NVIDIA A100 80GB PCIe (0),1,7,sm80_xmma_fprop_implicit_gemm_tf32f32_tf32f32_f32_nhwckrsc_nchw_tilesize64x32x64_stage5_warpsize2x2x1_g1_tensor16x8x8_alignc4_execute_kernel_cudnn_infer
66074342,4032,13729,256,2,1,64,1,1,19,0.000,0.000,,,,,NVIDIA A100 80GB PCIe (0),1,7,"void cudnn::bn_fw_inf_1C11_kernel_NCHW<float, float, (bool)1, (int)1>(T2, T2, cudnnTensorStruct, const T1 *, cudnnTensorStruct, T1 *, cudnnTensorStruct, const T2 *, const T2 *, const T2 *, const T2 *, T2)"
66086598,2368,13736,196,1,1,128,1,1,17,0.000,0.000,,,,,NVIDIA A100 80GB PCIe (0),1,7,"void at::native::vectorized_elementwise_kernel<(int)4, at::native::<unnamed>::launch_clamp_scalar(at::TensorIteratorBase &, c10::Scalar, c10::Scalar, at::native::detail::ClampLimits)::[lambda() (instance 1)]::operator ()() const::[lambda() (instance 7)]::operator ()() const::[lambda(float) (instance 1)], at::detail::Array<char *, (int)2>>(int, T2, T3)"
66114374,12064,13758,64,1,2,128,1,1,90,0.000,0.049,,,,,NVIDIA A100 80GB PCIe (0),1,7,void cutlass::Kernel<cutlass_80_tensorop_s1688gemm_64x64_16x6_nn_align4>(T1::Params)
66148839,5376,13799,1024,2,1,64,1,1,19,0.000,0.000,,,,,NVIDIA A100 80GB PCIe (0),1,7,"void cudnn::bn_fw_inf_1C11_kernel_NCHW<float, float, (bool)1, (int)1>(T2, T2, cudnnTensorStruct, const T1 *, cudnnTensorStruct, T1 *, cudnnTensorStruct, const T2 *, const T2 *, const T2 *, const T2 *, T2)"
66159911,3136,13805,784,1,1,128,1,1,22,0.000,0.000,,,,,NVIDIA A100 80GB PCIe (0),1,7,"void at::native::vectorized_elementwise_kernel<(int)4, at::native::CUDAFunctor_add<float>, at::detail::Array<char *, (int)3>>(int, T2, T3)"
66169223,2847,13812,784,1,1,128,1,1,17,0.000,0.000,,,,,NVIDIA A100 80GB PCIe (0),1,7,"void at::native::vectorized_elementwise_kernel<(int)4, at::native::<unnamed>::launch_clamp_scalar(at::TensorIteratorBase &, c10::Scalar, c10::Scalar, at::native::detail::ClampLimits)::[lambda() (instance 1)]::operator ()() const::[lambda() (instance 7)]::operator ()() const::[lambda(float) (instance 1)], at::detail::Array<char *, (int)2>>(int, T2, T3)"
66200775,19584,13834,16,1,2,128,1,1,90,0.000,0.049,,,,,NVIDIA A100 80GB PCIe (0),1,7,void cutlass::Kernel<cutlass_80_tensorop_s1688gemm_64x64_16x6_nn_align4>(T1::Params)
66234215,4128,13875,256,2,1,64,1,1,19,0.000,0.000,,,,,NVIDIA A100 80GB PCIe (0),1,7,"void cudnn::bn_fw_inf_1C11_kernel_NCHW<float, float, (bool)1, (int)1>(T2, T2, cudnnTensorStruct, const T1 *, cudnnTensorStruct, T1 *, cudnnTensorStruct, const T2 *, const T2 *, const T2 *, const T2 *, T2)"
66247719,2304,13882,196,1,1,128,1,1,17,0.000,0.000,,,,,NVIDIA A100 80GB PCIe (0),1,7,"void at::native::vectorized_elementwise_kernel<(int)4, at::native::<unnamed>::launch_clamp_scalar(at::TensorIteratorBase &, c10::Scalar, c10::Scalar, at::native::detail::ClampLimits)::[lambda() (instance 1)]::operator ()() const::[lambda() (instance 7)]::operator ()() const::[lambda(float) (instance 1)], at::detail::Array<char *, (int)2>>(int, T2, T3)"
66271687,3072,13902,7,8,2,256,1,1,32,0.004,0.000,,,,,NVIDIA A100 80GB PCIe (0),1,7,"void cudnn::ops::nchwToNhwcKernel<float, float, float, (bool)0, (bool)1, (cudnnKernelDataType_t)2>(cudnn::ops::nchw2nhwc_params_t<T3>, const T1 *, T2 *)"
66275783,7424,13904,1,8,256,256,1,1,32,0.004,0.000,,,,,NVIDIA A100 80GB PCIe (0),1,7,"void cudnn::ops::nchwToNhwcKernel<float, float, float, (bool)0, (bool)1, (cudnnKernelDataType_t)2>(cudnn::ops::nchw2nhwc_params_t<T3>, const T1 *, T2 *)"
66284231,21696,13908,8,7,1,128,1,1,120,0.000,0.123,,,,,NVIDIA A100 80GB PCIe (0),1,7,sm80_xmma_fprop_implicit_gemm_tf32f32_tf32f32_f32_nhwckrsc_nchw_tilesize64x32x64_stage5_warpsize2x2x1_g1_tensor16x8x8_alignc4_execute_kernel_cudnn_infer
66316679,4096,13949,256,2,1,64,1,1,19,0.000,0.000,,,,,NVIDIA A100 80GB PCIe (0),1,7,"void cudnn::bn_fw_inf_1C11_kernel_NCHW<float, float, (bool)1, (int)1>(T2, T2, cudnnTensorStruct, const T1 *, cudnnTensorStruct, T1 *, cudnnTensorStruct, const T2 *, const T2 *, const T2 *, const T2 *, T2)"
66328903,2336,13956,196,1,1,128,1,1,17,0.000,0.000,,,,,NVIDIA A100 80GB PCIe (0),1,7,"void at::native::vectorized_elementwise_kernel<(int)4, at::native::<unnamed>::launch_clamp_scalar(at::TensorIteratorBase &, c10::Scalar, c10::Scalar, at::native::detail::ClampLimits)::[lambda() (instance 1)]::operator ()() const::[lambda() (instance 7)]::operator ()() const::[lambda(float) (instance 1)], at::detail::Array<char *, (int)2>>(int, T2, T3)"
66357191,12032,13978,64,1,2,128,1,1,90,0.000,0.049,,,,,NVIDIA A100 80GB PCIe (0),1,7,void cutlass::Kernel<cutlass_80_tensorop_s1688gemm_64x64_16x6_nn_align4>(T1::Params)
66391655,5376,14019,1024,2,1,64,1,1,19,0.000,0.000,,,,,NVIDIA A100 80GB PCIe (0),1,7,"void cudnn::bn_fw_inf_1C11_kernel_NCHW<float, float, (bool)1, (int)1>(T2, T2, cudnnTensorStruct, const T1 *, cudnnTensorStruct, T1 *, cudnnTensorStruct, const T2 *, const T2 *, const T2 *, const T2 *, T2)"
66403143,3168,14025,784,1,1,128,1,1,22,0.000,0.000,,,,,NVIDIA A100 80GB PCIe (0),1,7,"void at::native::vectorized_elementwise_kernel<(int)4, at::native::CUDAFunctor_add<float>, at::detail::Array<char *, (int)3>>(int, T2, T3)"
66413031,2881,14032,784,1,1,128,1,1,17,0.000,0.000,,,,,NVIDIA A100 80GB PCIe (0),1,7,"void at::native::vectorized_elementwise_kernel<(int)4, at::native::<unnamed>::launch_clamp_scalar(at::TensorIteratorBase &, c10::Scalar, c10::Scalar, at::native::detail::ClampLimits)::[lambda() (instance 1)]::operator ()() const::[lambda() (instance 7)]::operator ()() const::[lambda(float) (instance 1)], at::detail::Array<char *, (int)2>>(int, T2, T3)"
66445224,19584,14054,16,1,2,128,1,1,90,0.000,0.049,,,,,NVIDIA A100 80GB PCIe (0),1,7,void cutlass::Kernel<cutlass_80_tensorop_s1688gemm_64x64_16x6_nn_align4>(T1::Params)
66479272,4032,14095,256,2,1,64,1,1,19,0.000,0.000,,,,,NVIDIA A100 80GB PCIe (0),1,7,"void cudnn::bn_fw_inf_1C11_kernel_NCHW<float, float, (bool)1, (int)1>(T2, T2, cudnnTensorStruct, const T1 *, cudnnTensorStruct, T1 *, cudnnTensorStruct, const T2 *, const T2 *, const T2 *, const T2 *, T2)"
66492712,2336,14102,196,1,1,128,1,1,17,0.000,0.000,,,,,NVIDIA A100 80GB PCIe (0),1,7,"void at::native::vectorized_elementwise_kernel<(int)4, at::native::<unnamed>::launch_clamp_scalar(at::TensorIteratorBase &, c10::Scalar, c10::Scalar, at::native::detail::ClampLimits)::[lambda() (instance 1)]::operator ()() const::[lambda() (instance 7)]::operator ()() const::[lambda(float) (instance 1)], at::detail::Array<char *, (int)2>>(int, T2, T3)"
66516680,3072,14122,7,8,2,256,1,1,32,0.004,0.000,,,,,NVIDIA A100 80GB PCIe (0),1,7,"void cudnn::ops::nchwToNhwcKernel<float, float, float, (bool)0, (bool)1, (cudnnKernelDataType_t)2>(cudnn::ops::nchw2nhwc_params_t<T3>, const T1 *, T2 *)"
66520712,7488,14124,1,8,256,256,1,1,32,0.004,0.000,,,,,NVIDIA A100 80GB PCIe (0),1,7,"void cudnn::ops::nchwToNhwcKernel<float, float, float, (bool)0, (bool)1, (cudnnKernelDataType_t)2>(cudnn::ops::nchw2nhwc_params_t<T3>, const T1 *, T2 *)"
66529320,21664,14128,8,7,1,128,1,1,120,0.000,0.123,,,,,NVIDIA A100 80GB PCIe (0),1,7,sm80_xmma_fprop_implicit_gemm_tf32f32_tf32f32_f32_nhwckrsc_nchw_tilesize64x32x64_stage5_warpsize2x2x1_g1_tensor16x8x8_alignc4_execute_kernel_cudnn_infer
66561832,4128,14169,256,2,1,64,1,1,19,0.000,0.000,,,,,NVIDIA A100 80GB PCIe (0),1,7,"void cudnn::bn_fw_inf_1C11_kernel_NCHW<float, float, (bool)1, (int)1>(T2, T2, cudnnTensorStruct, const T1 *, cudnnTensorStruct, T1 *, cudnnTensorStruct, const T2 *, const T2 *, const T2 *, const T2 *, T2)"
66574088,2368,14176,196,1,1,128,1,1,17,0.000,0.000,,,,,NVIDIA A100 80GB PCIe (0),1,7,"void at::native::vectorized_elementwise_kernel<(int)4, at::native::<unnamed>::launch_clamp_scalar(at::TensorIteratorBase &, c10::Scalar, c10::Scalar, at::native::detail::ClampLimits)::[lambda() (instance 1)]::operator ()() const::[lambda() (instance 7)]::operator ()() const::[lambda(float) (instance 1)], at::detail::Array<char *, (int)2>>(int, T2, T3)"
66606536,12032,14198,64,1,2,128,1,1,90,0.000,0.049,,,,,NVIDIA A100 80GB PCIe (0),1,7,void cutlass::Kernel<cutlass_80_tensorop_s1688gemm_64x64_16x6_nn_align4>(T1::Params)
66642440,5600,14239,1024,2,1,64,1,1,19,0.000,0.000,,,,,NVIDIA A100 80GB PCIe (0),1,7,"void cudnn::bn_fw_inf_1C11_kernel_NCHW<float, float, (bool)1, (int)1>(T2, T2, cudnnTensorStruct, const T1 *, cudnnTensorStruct, T1 *, cudnnTensorStruct, const T2 *, const T2 *, const T2 *, const T2 *, T2)"
66653672,3072,14245,784,1,1,128,1,1,22,0.000,0.000,,,,,NVIDIA A100 80GB PCIe (0),1,7,"void at::native::vectorized_elementwise_kernel<(int)4, at::native::CUDAFunctor_add<float>, at::detail::Array<char *, (int)3>>(int, T2, T3)"
66664008,2848,14252,784,1,1,128,1,1,17,0.000,0.000,,,,,NVIDIA A100 80GB PCIe (0),1,7,"void at::native::vectorized_elementwise_kernel<(int)4, at::native::<unnamed>::launch_clamp_scalar(at::TensorIteratorBase &, c10::Scalar, c10::Scalar, at::native::detail::ClampLimits)::[lambda() (instance 1)]::operator ()() const::[lambda() (instance 7)]::operator ()() const::[lambda(float) (instance 1)], at::detail::Array<char *, (int)2>>(int, T2, T3)"
66697384,19552,14274,16,1,2,128,1,1,90,0.000,0.049,,,,,NVIDIA A100 80GB PCIe (0),1,7,void cutlass::Kernel<cutlass_80_tensorop_s1688gemm_64x64_16x6_nn_align4>(T1::Params)
66732296,4224,14315,256,2,1,64,1,1,19,0.000,0.000,,,,,NVIDIA A100 80GB PCIe (0),1,7,"void cudnn::bn_fw_inf_1C11_kernel_NCHW<float, float, (bool)1, (int)1>(T2, T2, cudnnTensorStruct, const T1 *, cudnnTensorStruct, T1 *, cudnnTensorStruct, const T2 *, const T2 *, const T2 *, const T2 *, T2)"
66745673,2335,14322,196,1,1,128,1,1,17,0.000,0.000,,,,,NVIDIA A100 80GB PCIe (0),1,7,"void at::native::vectorized_elementwise_kernel<(int)4, at::native::<unnamed>::launch_clamp_scalar(at::TensorIteratorBase &, c10::Scalar, c10::Scalar, at::native::detail::ClampLimits)::[lambda() (instance 1)]::operator ()() const::[lambda() (instance 7)]::operator ()() const::[lambda(float) (instance 1)], at::detail::Array<char *, (int)2>>(int, T2, T3)"
66770184,3072,14342,7,8,2,256,1,1,32,0.004,0.000,,,,,NVIDIA A100 80GB PCIe (0),1,7,"void cudnn::ops::nchwToNhwcKernel<float, float, float, (bool)0, (bool)1, (cudnnKernelDataType_t)2>(cudnn::ops::nchw2nhwc_params_t<T3>, const T1 *, T2 *)"
66774249,7680,14344,1,8,256,256,1,1,32,0.004,0.000,,,,,NVIDIA A100 80GB PCIe (0),1,7,"void cudnn::ops::nchwToNhwcKernel<float, float, float, (bool)0, (bool)1, (cudnnKernelDataType_t)2>(cudnn::ops::nchw2nhwc_params_t<T3>, const T1 *, T2 *)"
66782921,21664,14348,8,7,1,128,1,1,120,0.000,0.123,,,,,NVIDIA A100 80GB PCIe (0),1,7,sm80_xmma_fprop_implicit_gemm_tf32f32_tf32f32_f32_nhwckrsc_nchw_tilesize64x32x64_stage5_warpsize2x2x1_g1_tensor16x8x8_alignc4_execute_kernel_cudnn_infer
66815049,4096,14389,256,2,1,64,1,1,19,0.000,0.000,,,,,NVIDIA A100 80GB PCIe (0),1,7,"void cudnn::bn_fw_inf_1C11_kernel_NCHW<float, float, (bool)1, (int)1>(T2, T2, cudnnTensorStruct, const T1 *, cudnnTensorStruct, T1 *, cudnnTensorStruct, const T2 *, const T2 *, const T2 *, const T2 *, T2)"
66827657,2368,14396,196,1,1,128,1,1,17,0.000,0.000,,,,,NVIDIA A100 80GB PCIe (0),1,7,"void at::native::vectorized_elementwise_kernel<(int)4, at::native::<unnamed>::launch_clamp_scalar(at::TensorIteratorBase &, c10::Scalar, c10::Scalar, at::native::detail::ClampLimits)::[lambda() (instance 1)]::operator ()() const::[lambda() (instance 7)]::operator ()() const::[lambda(float) (instance 1)], at::detail::Array<char *, (int)2>>(int, T2, T3)"
66856969,12128,14418,64,1,2,128,1,1,90,0.000,0.049,,,,,NVIDIA A100 80GB PCIe (0),1,7,void cutlass::Kernel<cutlass_80_tensorop_s1688gemm_64x64_16x6_nn_align4>(T1::Params)
66892265,5568,14459,1024,2,1,64,1,1,19,0.000,0.000,,,,,NVIDIA A100 80GB PCIe (0),1,7,"void cudnn::bn_fw_inf_1C11_kernel_NCHW<float, float, (bool)1, (int)1>(T2, T2, cudnnTensorStruct, const T1 *, cudnnTensorStruct, T1 *, cudnnTensorStruct, const T2 *, const T2 *, const T2 *, const T2 *, T2)"
66903817,3104,14465,784,1,1,128,1,1,22,0.000,0.000,,,,,NVIDIA A100 80GB PCIe (0),1,7,"void at::native::vectorized_elementwise_kernel<(int)4, at::native::CUDAFunctor_add<float>, at::detail::Array<char *, (int)3>>(int, T2, T3)"
66913193,2880,14472,784,1,1,128,1,1,17,0.000,0.000,,,,,NVIDIA A100 80GB PCIe (0),1,7,"void at::native::vectorized_elementwise_kernel<(int)4, at::native::<unnamed>::launch_clamp_scalar(at::TensorIteratorBase &, c10::Scalar, c10::Scalar, at::native::detail::ClampLimits)::[lambda() (instance 1)]::operator ()() const::[lambda() (instance 7)]::operator ()() const::[lambda(float) (instance 1)], at::detail::Array<char *, (int)2>>(int, T2, T3)"
66945449,19584,14494,16,1,2,128,1,1,90,0.000,0.049,,,,,NVIDIA A100 80GB PCIe (0),1,7,void cutlass::Kernel<cutlass_80_tensorop_s1688gemm_64x64_16x6_nn_align4>(T1::Params)
66979529,4032,14535,256,2,1,64,1,1,19,0.000,0.000,,,,,NVIDIA A100 80GB PCIe (0),1,7,"void cudnn::bn_fw_inf_1C11_kernel_NCHW<float, float, (bool)1, (int)1>(T2, T2, cudnnTensorStruct, const T1 *, cudnnTensorStruct, T1 *, cudnnTensorStruct, const T2 *, const T2 *, const T2 *, const T2 *, T2)"
66993033,2304,14542,196,1,1,128,1,1,17,0.000,0.000,,,,,NVIDIA A100 80GB PCIe (0),1,7,"void at::native::vectorized_elementwise_kernel<(int)4, at::native::<unnamed>::launch_clamp_scalar(at::TensorIteratorBase &, c10::Scalar, c10::Scalar, at::native::detail::ClampLimits)::[lambda() (instance 1)]::operator ()() const::[lambda() (instance 7)]::operator ()() const::[lambda(float) (instance 1)], at::detail::Array<char *, (int)2>>(int, T2, T3)"
67017033,3072,14562,7,8,2,256,1,1,32,0.004,0.000,,,,,NVIDIA A100 80GB PCIe (0),1,7,"void cudnn::ops::nchwToNhwcKernel<float, float, float, (bool)0, (bool)1, (cudnnKernelDataType_t)2>(cudnn::ops::nchw2nhwc_params_t<T3>, const T1 *, T2 *)"
67021066,7616,14564,1,8,256,256,1,1,32,0.004,0.000,,,,,NVIDIA A100 80GB PCIe (0),1,7,"void cudnn::ops::nchwToNhwcKernel<float, float, float, (bool)0, (bool)1, (cudnnKernelDataType_t)2>(cudnn::ops::nchw2nhwc_params_t<T3>, const T1 *, T2 *)"
67029737,21697,14568,8,7,1,128,1,1,120,0.000,0.123,,,,,NVIDIA A100 80GB PCIe (0),1,7,sm80_xmma_fprop_implicit_gemm_tf32f32_tf32f32_f32_nhwckrsc_nchw_tilesize64x32x64_stage5_warpsize2x2x1_g1_tensor16x8x8_alignc4_execute_kernel_cudnn_infer
67063305,4129,14609,256,2,1,64,1,1,19,0.000,0.000,,,,,NVIDIA A100 80GB PCIe (0),1,7,"void cudnn::bn_fw_inf_1C11_kernel_NCHW<float, float, (bool)1, (int)1>(T2, T2, cudnnTensorStruct, const T1 *, cudnnTensorStruct, T1 *, cudnnTensorStruct, const T2 *, const T2 *, const T2 *, const T2 *, T2)"
67076874,2368,14616,196,1,1,128,1,1,17,0.000,0.000,,,,,NVIDIA A100 80GB PCIe (0),1,7,"void at::native::vectorized_elementwise_kernel<(int)4, at::native::<unnamed>::launch_clamp_scalar(at::TensorIteratorBase &, c10::Scalar, c10::Scalar, at::native::detail::ClampLimits)::[lambda() (instance 1)]::operator ()() const::[lambda() (instance 7)]::operator ()() const::[lambda(float) (instance 1)], at::detail::Array<char *, (int)2>>(int, T2, T3)"
67105290,12288,14638,64,1,2,128,1,1,90,0.000,0.049,,,,,NVIDIA A100 80GB PCIe (0),1,7,void cutlass::Kernel<cutlass_80_tensorop_s1688gemm_64x64_16x6_nn_align4>(T1::Params)
67140586,5568,14679,1024,2,1,64,1,1,19,0.000,0.000,,,,,NVIDIA A100 80GB PCIe (0),1,7,"void cudnn::bn_fw_inf_1C11_kernel_NCHW<float, float, (bool)1, (int)1>(T2, T2, cudnnTensorStruct, const T1 *, cudnnTensorStruct, T1 *, cudnnTensorStruct, const T2 *, const T2 *, const T2 *, const T2 *, T2)"
67152074,3104,14685,784,1,1,128,1,1,22,0.000,0.000,,,,,NVIDIA A100 80GB PCIe (0),1,7,"void at::native::vectorized_elementwise_kernel<(int)4, at::native::CUDAFunctor_add<float>, at::detail::Array<char *, (int)3>>(int, T2, T3)"
67161386,2912,14692,784,1,1,128,1,1,17,0.000,0.000,,,,,NVIDIA A100 80GB PCIe (0),1,7,"void at::native::vectorized_elementwise_kernel<(int)4, at::native::<unnamed>::launch_clamp_scalar(at::TensorIteratorBase &, c10::Scalar, c10::Scalar, at::native::detail::ClampLimits)::[lambda() (instance 1)]::operator ()() const::[lambda() (instance 7)]::operator ()() const::[lambda(float) (instance 1)], at::detail::Array<char *, (int)2>>(int, T2, T3)"
67193322,19584,14714,16,1,2,128,1,1,90,0.000,0.049,,,,,NVIDIA A100 80GB PCIe (0),1,7,void cutlass::Kernel<cutlass_80_tensorop_s1688gemm_64x64_16x6_nn_align4>(T1::Params)
67227722,4032,14755,256,2,1,64,1,1,19,0.000,0.000,,,,,NVIDIA A100 80GB PCIe (0),1,7,"void cudnn::bn_fw_inf_1C11_kernel_NCHW<float, float, (bool)1, (int)1>(T2, T2, cudnnTensorStruct, const T1 *, cudnnTensorStruct, T1 *, cudnnTensorStruct, const T2 *, const T2 *, const T2 *, const T2 *, T2)"
67240906,2304,14762,196,1,1,128,1,1,17,0.000,0.000,,,,,NVIDIA A100 80GB PCIe (0),1,7,"void at::native::vectorized_elementwise_kernel<(int)4, at::native::<unnamed>::launch_clamp_scalar(at::TensorIteratorBase &, c10::Scalar, c10::Scalar, at::native::detail::ClampLimits)::[lambda() (instance 1)]::operator ()() const::[lambda() (instance 7)]::operator ()() const::[lambda(float) (instance 1)], at::detail::Array<char *, (int)2>>(int, T2, T3)"
67265130,3072,14782,7,8,2,256,1,1,32,0.004,0.000,,,,,NVIDIA A100 80GB PCIe (0),1,7,"void cudnn::ops::nchwToNhwcKernel<float, float, float, (bool)0, (bool)1, (cudnnKernelDataType_t)2>(cudnn::ops::nchw2nhwc_params_t<T3>, const T1 *, T2 *)"
67269226,7488,14784,1,8,256,256,1,1,32,0.004,0.000,,,,,NVIDIA A100 80GB PCIe (0),1,7,"void cudnn::ops::nchwToNhwcKernel<float, float, float, (bool)0, (bool)1, (cudnnKernelDataType_t)2>(cudnn::ops::nchw2nhwc_params_t<T3>, const T1 *, T2 *)"
67277802,21664,14788,8,7,1,128,1,1,120,0.000,0.123,,,,,NVIDIA A100 80GB PCIe (0),1,7,sm80_xmma_fprop_implicit_gemm_tf32f32_tf32f32_f32_nhwckrsc_nchw_tilesize64x32x64_stage5_warpsize2x2x1_g1_tensor16x8x8_alignc4_execute_kernel_cudnn_infer
67310026,4000,14829,256,2,1,64,1,1,19,0.000,0.000,,,,,NVIDIA A100 80GB PCIe (0),1,7,"void cudnn::bn_fw_inf_1C11_kernel_NCHW<float, float, (bool)1, (int)1>(T2, T2, cudnnTensorStruct, const T1 *, cudnnTensorStruct, T1 *, cudnnTensorStruct, const T2 *, const T2 *, const T2 *, const T2 *, T2)"
67321770,2336,14836,196,1,1,128,1,1,17,0.000,0.000,,,,,NVIDIA A100 80GB PCIe (0),1,7,"void at::native::vectorized_elementwise_kernel<(int)4, at::native::<unnamed>::launch_clamp_scalar(at::TensorIteratorBase &, c10::Scalar, c10::Scalar, at::native::detail::ClampLimits)::[lambda() (instance 1)]::operator ()() const::[lambda() (instance 7)]::operator ()() const::[lambda(float) (instance 1)], at::detail::Array<char *, (int)2>>(int, T2, T3)"
67350442,12417,14858,64,1,2,128,1,1,90,0.000,0.049,,,,,NVIDIA A100 80GB PCIe (0),1,7,void cutlass::Kernel<cutlass_80_tensorop_s1688gemm_64x64_16x6_nn_align4>(T1::Params)
67384459,5375,14899,1024,2,1,64,1,1,19,0.000,0.000,,,,,NVIDIA A100 80GB PCIe (0),1,7,"void cudnn::bn_fw_inf_1C11_kernel_NCHW<float, float, (bool)1, (int)1>(T2, T2, cudnnTensorStruct, const T1 *, cudnnTensorStruct, T1 *, cudnnTensorStruct, const T2 *, const T2 *, const T2 *, const T2 *, T2)"
67395851,3136,14905,784,1,1,128,1,1,22,0.000,0.000,,,,,NVIDIA A100 80GB PCIe (0),1,7,"void at::native::vectorized_elementwise_kernel<(int)4, at::native::CUDAFunctor_add<float>, at::detail::Array<char *, (int)3>>(int, T2, T3)"
67405643,2880,14912,784,1,1,128,1,1,17,0.000,0.000,,,,,NVIDIA A100 80GB PCIe (0),1,7,"void at::native::vectorized_elementwise_kernel<(int)4, at::native::<unnamed>::launch_clamp_scalar(at::TensorIteratorBase &, c10::Scalar, c10::Scalar, at::native::detail::ClampLimits)::[lambda() (instance 1)]::operator ()() const::[lambda() (instance 7)]::operator ()() const::[lambda(float) (instance 1)], at::detail::Array<char *, (int)2>>(int, T2, T3)"
67436619,19616,14934,16,1,2,128,1,1,90,0.000,0.049,,,,,NVIDIA A100 80GB PCIe (0),1,7,void cutlass::Kernel<cutlass_80_tensorop_s1688gemm_64x64_16x6_nn_align4>(T1::Params)
67470635,4000,14975,256,2,1,64,1,1,19,0.000,0.000,,,,,NVIDIA A100 80GB PCIe (0),1,7,"void cudnn::bn_fw_inf_1C11_kernel_NCHW<float, float, (bool)1, (int)1>(T2, T2, cudnnTensorStruct, const T1 *, cudnnTensorStruct, T1 *, cudnnTensorStruct, const T2 *, const T2 *, const T2 *, const T2 *, T2)"
67483595,2336,14982,196,1,1,128,1,1,17,0.000,0.000,,,,,NVIDIA A100 80GB PCIe (0),1,7,"void at::native::vectorized_elementwise_kernel<(int)4, at::native::<unnamed>::launch_clamp_scalar(at::TensorIteratorBase &, c10::Scalar, c10::Scalar, at::native::detail::ClampLimits)::[lambda() (instance 1)]::operator ()() const::[lambda() (instance 7)]::operator ()() const::[lambda(float) (instance 1)], at::detail::Array<char *, (int)2>>(int, T2, T3)"
67507691,3072,15002,7,8,2,256,1,1,32,0.004,0.000,,,,,NVIDIA A100 80GB PCIe (0),1,7,"void cudnn::ops::nchwToNhwcKernel<float, float, float, (bool)0, (bool)1, (cudnnKernelDataType_t)2>(cudnn::ops::nchw2nhwc_params_t<T3>, const T1 *, T2 *)"
67511819,7552,15004,1,8,256,256,1,1,32,0.004,0.000,,,,,NVIDIA A100 80GB PCIe (0),1,7,"void cudnn::ops::nchwToNhwcKernel<float, float, float, (bool)0, (bool)1, (cudnnKernelDataType_t)2>(cudnn::ops::nchw2nhwc_params_t<T3>, const T1 *, T2 *)"
67520331,21792,15008,8,7,1,128,1,1,120,0.000,0.123,,,,,NVIDIA A100 80GB PCIe (0),1,7,sm80_xmma_fprop_implicit_gemm_tf32f32_tf32f32_f32_nhwckrsc_nchw_tilesize64x32x64_stage5_warpsize2x2x1_g1_tensor16x8x8_alignc4_execute_kernel_cudnn_infer
67553483,4064,15049,256,2,1,64,1,1,19,0.000,0.000,,,,,NVIDIA A100 80GB PCIe (0),1,7,"void cudnn::bn_fw_inf_1C11_kernel_NCHW<float, float, (bool)1, (int)1>(T2, T2, cudnnTensorStruct, const T1 *, cudnnTensorStruct, T1 *, cudnnTensorStruct, const T2 *, const T2 *, const T2 *, const T2 *, T2)"
67565483,2368,15056,196,1,1,128,1,1,17,0.000,0.000,,,,,NVIDIA A100 80GB PCIe (0),1,7,"void at::native::vectorized_elementwise_kernel<(int)4, at::native::<unnamed>::launch_clamp_scalar(at::TensorIteratorBase &, c10::Scalar, c10::Scalar, at::native::detail::ClampLimits)::[lambda() (instance 1)]::operator ()() const::[lambda() (instance 7)]::operator ()() const::[lambda(float) (instance 1)], at::detail::Array<char *, (int)2>>(int, T2, T3)"
67597515,12000,15078,64,1,2,128,1,1,90,0.000,0.049,,,,,NVIDIA A100 80GB PCIe (0),1,7,void cutlass::Kernel<cutlass_80_tensorop_s1688gemm_64x64_16x6_nn_align4>(T1::Params)
67634123,5376,15119,1024,2,1,64,1,1,19,0.000,0.000,,,,,NVIDIA A100 80GB PCIe (0),1,7,"void cudnn::bn_fw_inf_1C11_kernel_NCHW<float, float, (bool)1, (int)1>(T2, T2, cudnnTensorStruct, const T1 *, cudnnTensorStruct, T1 *, cudnnTensorStruct, const T2 *, const T2 *, const T2 *, const T2 *, T2)"
67645963,3104,15125,784,1,1,128,1,1,22,0.000,0.000,,,,,NVIDIA A100 80GB PCIe (0),1,7,"void at::native::vectorized_elementwise_kernel<(int)4, at::native::CUDAFunctor_add<float>, at::detail::Array<char *, (int)3>>(int, T2, T3)"
67655788,2847,15132,784,1,1,128,1,1,17,0.000,0.000,,,,,NVIDIA A100 80GB PCIe (0),1,7,"void at::native::vectorized_elementwise_kernel<(int)4, at::native::<unnamed>::launch_clamp_scalar(at::TensorIteratorBase &, c10::Scalar, c10::Scalar, at::native::detail::ClampLimits)::[lambda() (instance 1)]::operator ()() const::[lambda() (instance 7)]::operator ()() const::[lambda(float) (instance 1)], at::detail::Array<char *, (int)2>>(int, T2, T3)"
67688652,19584,15154,16,1,2,128,1,1,90,0.000,0.049,,,,,NVIDIA A100 80GB PCIe (0),1,7,void cutlass::Kernel<cutlass_80_tensorop_s1688gemm_64x64_16x6_nn_align4>(T1::Params)
67723564,4128,15195,256,2,1,64,1,1,19,0.000,0.000,,,,,NVIDIA A100 80GB PCIe (0),1,7,"void cudnn::bn_fw_inf_1C11_kernel_NCHW<float, float, (bool)1, (int)1>(T2, T2, cudnnTensorStruct, const T1 *, cudnnTensorStruct, T1 *, cudnnTensorStruct, const T2 *, const T2 *, const T2 *, const T2 *, T2)"
67736748,2336,15202,196,1,1,128,1,1,17,0.000,0.000,,,,,NVIDIA A100 80GB PCIe (0),1,7,"void at::native::vectorized_elementwise_kernel<(int)4, at::native::<unnamed>::launch_clamp_scalar(at::TensorIteratorBase &, c10::Scalar, c10::Scalar, at::native::detail::ClampLimits)::[lambda() (instance 1)]::operator ()() const::[lambda() (instance 7)]::operator ()() const::[lambda(float) (instance 1)], at::detail::Array<char *, (int)2>>(int, T2, T3)"
67761452,3072,15222,7,8,2,256,1,1,32,0.004,0.000,,,,,NVIDIA A100 80GB PCIe (0),1,7,"void cudnn::ops::nchwToNhwcKernel<float, float, float, (bool)0, (bool)1, (cudnnKernelDataType_t)2>(cudnn::ops::nchw2nhwc_params_t<T3>, const T1 *, T2 *)"
67765708,7744,15224,1,8,256,256,1,1,32,0.004,0.000,,,,,NVIDIA A100 80GB PCIe (0),1,7,"void cudnn::ops::nchwToNhwcKernel<float, float, float, (bool)0, (bool)1, (cudnnKernelDataType_t)2>(cudnn::ops::nchw2nhwc_params_t<T3>, const T1 *, T2 *)"
67774444,21696,15228,8,7,1,128,1,1,120,0.000,0.123,,,,,NVIDIA A100 80GB PCIe (0),1,7,sm80_xmma_fprop_implicit_gemm_tf32f32_tf32f32_f32_nhwckrsc_nchw_tilesize64x32x64_stage5_warpsize2x2x1_g1_tensor16x8x8_alignc4_execute_kernel_cudnn_infer
67806732,4096,15269,256,2,1,64,1,1,19,0.000,0.000,,,,,NVIDIA A100 80GB PCIe (0),1,7,"void cudnn::bn_fw_inf_1C11_kernel_NCHW<float, float, (bool)1, (int)1>(T2, T2, cudnnTensorStruct, const T1 *, cudnnTensorStruct, T1 *, cudnnTensorStruct, const T2 *, const T2 *, const T2 *, const T2 *, T2)"
67819052,2368,15276,196,1,1,128,1,1,17,0.000,0.000,,,,,NVIDIA A100 80GB PCIe (0),1,7,"void at::native::vectorized_elementwise_kernel<(int)4, at::native::<unnamed>::launch_clamp_scalar(at::TensorIteratorBase &, c10::Scalar, c10::Scalar, at::native::detail::ClampLimits)::[lambda() (instance 1)]::operator ()() const::[lambda() (instance 7)]::operator ()() const::[lambda(float) (instance 1)], at::detail::Array<char *, (int)2>>(int, T2, T3)"
67847052,12224,15298,64,1,2,128,1,1,90,0.000,0.049,,,,,NVIDIA A100 80GB PCIe (0),1,7,void cutlass::Kernel<cutlass_80_tensorop_s1688gemm_64x64_16x6_nn_align4>(T1::Params)
67881068,5504,15339,1024,2,1,64,1,1,19,0.000,0.000,,,,,NVIDIA A100 80GB PCIe (0),1,7,"void cudnn::bn_fw_inf_1C11_kernel_NCHW<float, float, (bool)1, (int)1>(T2, T2, cudnnTensorStruct, const T1 *, cudnnTensorStruct, T1 *, cudnnTensorStruct, const T2 *, const T2 *, const T2 *, const T2 *, T2)"
67892396,3072,15345,784,1,1,128,1,1,22,0.000,0.000,,,,,NVIDIA A100 80GB PCIe (0),1,7,"void at::native::vectorized_elementwise_kernel<(int)4, at::native::CUDAFunctor_add<float>, at::detail::Array<char *, (int)3>>(int, T2, T3)"
67901452,2880,15352,784,1,1,128,1,1,17,0.000,0.000,,,,,NVIDIA A100 80GB PCIe (0),1,7,"void at::native::vectorized_elementwise_kernel<(int)4, at::native::<unnamed>::launch_clamp_scalar(at::TensorIteratorBase &, c10::Scalar, c10::Scalar, at::native::detail::ClampLimits)::[lambda() (instance 1)]::operator ()() const::[lambda() (instance 7)]::operator ()() const::[lambda(float) (instance 1)], at::detail::Array<char *, (int)2>>(int, T2, T3)"
67933260,19616,15374,16,1,2,128,1,1,90,0.000,0.049,,,,,NVIDIA A100 80GB PCIe (0),1,7,void cutlass::Kernel<cutlass_80_tensorop_s1688gemm_64x64_16x6_nn_align4>(T1::Params)
67966988,4001,15415,256,2,1,64,1,1,19,0.000,0.000,,,,,NVIDIA A100 80GB PCIe (0),1,7,"void cudnn::bn_fw_inf_1C11_kernel_NCHW<float, float, (bool)1, (int)1>(T2, T2, cudnnTensorStruct, const T1 *, cudnnTensorStruct, T1 *, cudnnTensorStruct, const T2 *, const T2 *, const T2 *, const T2 *, T2)"
67980493,2335,15422,196,1,1,128,1,1,17,0.000,0.000,,,,,NVIDIA A100 80GB PCIe (0),1,7,"void at::native::vectorized_elementwise_kernel<(int)4, at::native::<unnamed>::launch_clamp_scalar(at::TensorIteratorBase &, c10::Scalar, c10::Scalar, at::native::detail::ClampLimits)::[lambda() (instance 1)]::operator ()() const::[lambda() (instance 7)]::operator ()() const::[lambda(float) (instance 1)], at::detail::Array<char *, (int)2>>(int, T2, T3)"
68004972,3073,15442,7,8,2,256,1,1,32,0.004,0.000,,,,,NVIDIA A100 80GB PCIe (0),1,7,"void cudnn::ops::nchwToNhwcKernel<float, float, float, (bool)0, (bool)1, (cudnnKernelDataType_t)2>(cudnn::ops::nchw2nhwc_params_t<T3>, const T1 *, T2 *)"
68009165,7520,15444,1,8,256,256,1,1,32,0.004,0.000,,,,,NVIDIA A100 80GB PCIe (0),1,7,"void cudnn::ops::nchwToNhwcKernel<float, float, float, (bool)0, (bool)1, (cudnnKernelDataType_t)2>(cudnn::ops::nchw2nhwc_params_t<T3>, const T1 *, T2 *)"
68017677,21760,15448,8,7,1,128,1,1,120,0.000,0.123,,,,,NVIDIA A100 80GB PCIe (0),1,7,sm80_xmma_fprop_implicit_gemm_tf32f32_tf32f32_f32_nhwckrsc_nchw_tilesize64x32x64_stage5_warpsize2x2x1_g1_tensor16x8x8_alignc4_execute_kernel_cudnn_infer
68050573,4096,15489,256,2,1,64,1,1,19,0.000,0.000,,,,,NVIDIA A100 80GB PCIe (0),1,7,"void cudnn::bn_fw_inf_1C11_kernel_NCHW<float, float, (bool)1, (int)1>(T2, T2, cudnnTensorStruct, const T1 *, cudnnTensorStruct, T1 *, cudnnTensorStruct, const T2 *, const T2 *, const T2 *, const T2 *, T2)"
68062765,2368,15496,196,1,1,128,1,1,17,0.000,0.000,,,,,NVIDIA A100 80GB PCIe (0),1,7,"void at::native::vectorized_elementwise_kernel<(int)4, at::native::<unnamed>::launch_clamp_scalar(at::TensorIteratorBase &, c10::Scalar, c10::Scalar, at::native::detail::ClampLimits)::[lambda() (instance 1)]::operator ()() const::[lambda() (instance 7)]::operator ()() const::[lambda(float) (instance 1)], at::detail::Array<char *, (int)2>>(int, T2, T3)"
68091213,12032,15518,64,1,2,128,1,1,90,0.000,0.049,,,,,NVIDIA A100 80GB PCIe (0),1,7,void cutlass::Kernel<cutlass_80_tensorop_s1688gemm_64x64_16x6_nn_align4>(T1::Params)
68126381,5312,15559,1024,2,1,64,1,1,19,0.000,0.000,,,,,NVIDIA A100 80GB PCIe (0),1,7,"void cudnn::bn_fw_inf_1C11_kernel_NCHW<float, float, (bool)1, (int)1>(T2, T2, cudnnTensorStruct, const T1 *, cudnnTensorStruct, T1 *, cudnnTensorStruct, const T2 *, const T2 *, const T2 *, const T2 *, T2)"
68137869,3104,15565,784,1,1,128,1,1,22,0.000,0.000,,,,,NVIDIA A100 80GB PCIe (0),1,7,"void at::native::vectorized_elementwise_kernel<(int)4, at::native::CUDAFunctor_add<float>, at::detail::Array<char *, (int)3>>(int, T2, T3)"
68147341,2880,15572,784,1,1,128,1,1,17,0.000,0.000,,,,,NVIDIA A100 80GB PCIe (0),1,7,"void at::native::vectorized_elementwise_kernel<(int)4, at::native::<unnamed>::launch_clamp_scalar(at::TensorIteratorBase &, c10::Scalar, c10::Scalar, at::native::detail::ClampLimits)::[lambda() (instance 1)]::operator ()() const::[lambda() (instance 7)]::operator ()() const::[lambda(float) (instance 1)], at::detail::Array<char *, (int)2>>(int, T2, T3)"
68179149,19584,15594,16,1,2,128,1,1,90,0.000,0.049,,,,,NVIDIA A100 80GB PCIe (0),1,7,void cutlass::Kernel<cutlass_80_tensorop_s1688gemm_64x64_16x6_nn_align4>(T1::Params)
68213773,4000,15635,256,2,1,64,1,1,19,0.000,0.000,,,,,NVIDIA A100 80GB PCIe (0),1,7,"void cudnn::bn_fw_inf_1C11_kernel_NCHW<float, float, (bool)1, (int)1>(T2, T2, cudnnTensorStruct, const T1 *, cudnnTensorStruct, T1 *, cudnnTensorStruct, const T2 *, const T2 *, const T2 *, const T2 *, T2)"
68227277,2336,15642,196,1,1,128,1,1,17,0.000,0.000,,,,,NVIDIA A100 80GB PCIe (0),1,7,"void at::native::vectorized_elementwise_kernel<(int)4, at::native::<unnamed>::launch_clamp_scalar(at::TensorIteratorBase &, c10::Scalar, c10::Scalar, at::native::detail::ClampLimits)::[lambda() (instance 1)]::operator ()() const::[lambda() (instance 7)]::operator ()() const::[lambda(float) (instance 1)], at::detail::Array<char *, (int)2>>(int, T2, T3)"
68251277,3104,15662,7,8,2,256,1,1,32,0.004,0.000,,,,,NVIDIA A100 80GB PCIe (0),1,7,"void cudnn::ops::nchwToNhwcKernel<float, float, float, (bool)0, (bool)1, (cudnnKernelDataType_t)2>(cudnn::ops::nchw2nhwc_params_t<T3>, const T1 *, T2 *)"
68255341,7648,15664,1,8,256,256,1,1,32,0.004,0.000,,,,,NVIDIA A100 80GB PCIe (0),1,7,"void cudnn::ops::nchwToNhwcKernel<float, float, float, (bool)0, (bool)1, (cudnnKernelDataType_t)2>(cudnn::ops::nchw2nhwc_params_t<T3>, const T1 *, T2 *)"
68264046,21664,15668,8,7,1,128,1,1,120,0.000,0.123,,,,,NVIDIA A100 80GB PCIe (0),1,7,sm80_xmma_fprop_implicit_gemm_tf32f32_tf32f32_f32_nhwckrsc_nchw_tilesize64x32x64_stage5_warpsize2x2x1_g1_tensor16x8x8_alignc4_execute_kernel_cudnn_infer
68296205,4129,15709,256,2,1,64,1,1,19,0.000,0.000,,,,,NVIDIA A100 80GB PCIe (0),1,7,"void cudnn::bn_fw_inf_1C11_kernel_NCHW<float, float, (bool)1, (int)1>(T2, T2, cudnnTensorStruct, const T1 *, cudnnTensorStruct, T1 *, cudnnTensorStruct, const T2 *, const T2 *, const T2 *, const T2 *, T2)"
68308366,2367,15716,196,1,1,128,1,1,17,0.000,0.000,,,,,NVIDIA A100 80GB PCIe (0),1,7,"void at::native::vectorized_elementwise_kernel<(int)4, at::native::<unnamed>::launch_clamp_scalar(at::TensorIteratorBase &, c10::Scalar, c10::Scalar, at::native::detail::ClampLimits)::[lambda() (instance 1)]::operator ()() const::[lambda() (instance 7)]::operator ()() const::[lambda(float) (instance 1)], at::detail::Array<char *, (int)2>>(int, T2, T3)"
68336558,12096,15738,64,1,2,128,1,1,90,0.000,0.049,,,,,NVIDIA A100 80GB PCIe (0),1,7,void cutlass::Kernel<cutlass_80_tensorop_s1688gemm_64x64_16x6_nn_align4>(T1::Params)
68370510,5504,15779,1024,2,1,64,1,1,19,0.000,0.000,,,,,NVIDIA A100 80GB PCIe (0),1,7,"void cudnn::bn_fw_inf_1C11_kernel_NCHW<float, float, (bool)1, (int)1>(T2, T2, cudnnTensorStruct, const T1 *, cudnnTensorStruct, T1 *, cudnnTensorStruct, const T2 *, const T2 *, const T2 *, const T2 *, T2)"
68381582,3072,15785,784,1,1,128,1,1,22,0.000,0.000,,,,,NVIDIA A100 80GB PCIe (0),1,7,"void at::native::vectorized_elementwise_kernel<(int)4, at::native::CUDAFunctor_add<float>, at::detail::Array<char *, (int)3>>(int, T2, T3)"
68391182,2880,15792,784,1,1,128,1,1,17,0.000,0.000,,,,,NVIDIA A100 80GB PCIe (0),1,7,"void at::native::vectorized_elementwise_kernel<(int)4, at::native::<unnamed>::launch_clamp_scalar(at::TensorIteratorBase &, c10::Scalar, c10::Scalar, at::native::detail::ClampLimits)::[lambda() (instance 1)]::operator ()() const::[lambda() (instance 7)]::operator ()() const::[lambda(float) (instance 1)], at::detail::Array<char *, (int)2>>(int, T2, T3)"
68422350,19584,15814,16,1,2,128,1,1,90,0.000,0.049,,,,,NVIDIA A100 80GB PCIe (0),1,7,void cutlass::Kernel<cutlass_80_tensorop_s1688gemm_64x64_16x6_nn_align4>(T1::Params)
68456494,4096,15855,256,2,1,64,1,1,19,0.000,0.000,,,,,NVIDIA A100 80GB PCIe (0),1,7,"void cudnn::bn_fw_inf_1C11_kernel_NCHW<float, float, (bool)1, (int)1>(T2, T2, cudnnTensorStruct, const T1 *, cudnnTensorStruct, T1 *, cudnnTensorStruct, const T2 *, const T2 *, const T2 *, const T2 *, T2)"
68470350,2336,15862,196,1,1,128,1,1,17,0.000,0.000,,,,,NVIDIA A100 80GB PCIe (0),1,7,"void at::native::vectorized_elementwise_kernel<(int)4, at::native::<unnamed>::launch_clamp_scalar(at::TensorIteratorBase &, c10::Scalar, c10::Scalar, at::native::detail::ClampLimits)::[lambda() (instance 1)]::operator ()() const::[lambda() (instance 7)]::operator ()() const::[lambda(float) (instance 1)], at::detail::Array<char *, (int)2>>(int, T2, T3)"
68494734,3040,15882,7,8,2,256,1,1,32,0.004,0.000,,,,,NVIDIA A100 80GB PCIe (0),1,7,"void cudnn::ops::nchwToNhwcKernel<float, float, float, (bool)0, (bool)1, (cudnnKernelDataType_t)2>(cudnn::ops::nchw2nhwc_params_t<T3>, const T1 *, T2 *)"
68498798,7520,15884,1,8,256,256,1,1,32,0.004,0.000,,,,,NVIDIA A100 80GB PCIe (0),1,7,"void cudnn::ops::nchwToNhwcKernel<float, float, float, (bool)0, (bool)1, (cudnnKernelDataType_t)2>(cudnn::ops::nchw2nhwc_params_t<T3>, const T1 *, T2 *)"
68507246,21696,15888,8,7,1,128,1,1,120,0.000,0.123,,,,,NVIDIA A100 80GB PCIe (0),1,7,sm80_xmma_fprop_implicit_gemm_tf32f32_tf32f32_f32_nhwckrsc_nchw_tilesize64x32x64_stage5_warpsize2x2x1_g1_tensor16x8x8_alignc4_execute_kernel_cudnn_infer
68540558,4032,15929,256,2,1,64,1,1,19,0.000,0.000,,,,,NVIDIA A100 80GB PCIe (0),1,7,"void cudnn::bn_fw_inf_1C11_kernel_NCHW<float, float, (bool)1, (int)1>(T2, T2, cudnnTensorStruct, const T1 *, cudnnTensorStruct, T1 *, cudnnTensorStruct, const T2 *, const T2 *, const T2 *, const T2 *, T2)"
68552462,2368,15936,196,1,1,128,1,1,17,0.000,0.000,,,,,NVIDIA A100 80GB PCIe (0),1,7,"void at::native::vectorized_elementwise_kernel<(int)4, at::native::<unnamed>::launch_clamp_scalar(at::TensorIteratorBase &, c10::Scalar, c10::Scalar, at::native::detail::ClampLimits)::[lambda() (instance 1)]::operator ()() const::[lambda() (instance 7)]::operator ()() const::[lambda(float) (instance 1)], at::detail::Array<char *, (int)2>>(int, T2, T3)"
68581006,12385,15958,64,1,2,128,1,1,90,0.000,0.049,,,,,NVIDIA A100 80GB PCIe (0),1,7,void cutlass::Kernel<cutlass_80_tensorop_s1688gemm_64x64_16x6_nn_align4>(T1::Params)
68615758,5377,15999,1024,2,1,64,1,1,19,0.000,0.000,,,,,NVIDIA A100 80GB PCIe (0),1,7,"void cudnn::bn_fw_inf_1C11_kernel_NCHW<float, float, (bool)1, (int)1>(T2, T2, cudnnTensorStruct, const T1 *, cudnnTensorStruct, T1 *, cudnnTensorStruct, const T2 *, const T2 *, const T2 *, const T2 *, T2)"
68632431,3136,16005,784,1,1,128,1,1,22,0.000,0.000,,,,,NVIDIA A100 80GB PCIe (0),1,7,"void at::native::vectorized_elementwise_kernel<(int)4, at::native::CUDAFunctor_add<float>, at::detail::Array<char *, (int)3>>(int, T2, T3)"
68642351,2880,16012,784,1,1,128,1,1,17,0.000,0.000,,,,,NVIDIA A100 80GB PCIe (0),1,7,"void at::native::vectorized_elementwise_kernel<(int)4, at::native::<unnamed>::launch_clamp_scalar(at::TensorIteratorBase &, c10::Scalar, c10::Scalar, at::native::detail::ClampLimits)::[lambda() (instance 1)]::operator ()() const::[lambda() (instance 7)]::operator ()() const::[lambda(float) (instance 1)], at::detail::Array<char *, (int)2>>(int, T2, T3)"
68685743,19584,16034,16,1,2,128,1,1,90,0.000,0.049,,,,,NVIDIA A100 80GB PCIe (0),1,7,void cutlass::Kernel<cutlass_80_tensorop_s1688gemm_64x64_16x6_nn_align4>(T1::Params)
68722319,4032,16075,256,2,1,64,1,1,19,0.000,0.000,,,,,NVIDIA A100 80GB PCIe (0),1,7,"void cudnn::bn_fw_inf_1C11_kernel_NCHW<float, float, (bool)1, (int)1>(T2, T2, cudnnTensorStruct, const T1 *, cudnnTensorStruct, T1 *, cudnnTensorStruct, const T2 *, const T2 *, const T2 *, const T2 *, T2)"
68736559,2336,16082,196,1,1,128,1,1,17,0.000,0.000,,,,,NVIDIA A100 80GB PCIe (0),1,7,"void at::native::vectorized_elementwise_kernel<(int)4, at::native::<unnamed>::launch_clamp_scalar(at::TensorIteratorBase &, c10::Scalar, c10::Scalar, at::native::detail::ClampLimits)::[lambda() (instance 1)]::operator ()() const::[lambda() (instance 7)]::operator ()() const::[lambda(float) (instance 1)], at::detail::Array<char *, (int)2>>(int, T2, T3)"
68761519,3072,16102,7,8,2,256,1,1,32,0.004,0.000,,,,,NVIDIA A100 80GB PCIe (0),1,7,"void cudnn::ops::nchwToNhwcKernel<float, float, float, (bool)0, (bool)1, (cudnnKernelDataType_t)2>(cudnn::ops::nchw2nhwc_params_t<T3>, const T1 *, T2 *)"
68765615,7456,16104,1,8,256,256,1,1,32,0.004,0.000,,,,,NVIDIA A100 80GB PCIe (0),1,7,"void cudnn::ops::nchwToNhwcKernel<float, float, float, (bool)0, (bool)1, (cudnnKernelDataType_t)2>(cudnn::ops::nchw2nhwc_params_t<T3>, const T1 *, T2 *)"
68774095,21696,16108,8,7,1,128,1,1,120,0.000,0.123,,,,,NVIDIA A100 80GB PCIe (0),1,7,sm80_xmma_fprop_implicit_gemm_tf32f32_tf32f32_f32_nhwckrsc_nchw_tilesize64x32x64_stage5_warpsize2x2x1_g1_tensor16x8x8_alignc4_execute_kernel_cudnn_infer
68807279,4128,16149,256,2,1,64,1,1,19,0.000,0.000,,,,,NVIDIA A100 80GB PCIe (0),1,7,"void cudnn::bn_fw_inf_1C11_kernel_NCHW<float, float, (bool)1, (int)1>(T2, T2, cudnnTensorStruct, const T1 *, cudnnTensorStruct, T1 *, cudnnTensorStruct, const T2 *, const T2 *, const T2 *, const T2 *, T2)"
68819439,2368,16156,196,1,1,128,1,1,17,0.000,0.000,,,,,NVIDIA A100 80GB PCIe (0),1,7,"void at::native::vectorized_elementwise_kernel<(int)4, at::native::<unnamed>::launch_clamp_scalar(at::TensorIteratorBase &, c10::Scalar, c10::Scalar, at::native::detail::ClampLimits)::[lambda() (instance 1)]::operator ()() const::[lambda() (instance 7)]::operator ()() const::[lambda(float) (instance 1)], at::detail::Array<char *, (int)2>>(int, T2, T3)"
68847887,12320,16178,64,1,2,128,1,1,90,0.000,0.049,,,,,NVIDIA A100 80GB PCIe (0),1,7,void cutlass::Kernel<cutlass_80_tensorop_s1688gemm_64x64_16x6_nn_align4>(T1::Params)
68882639,5376,16219,1024,2,1,64,1,1,19,0.000,0.000,,,,,NVIDIA A100 80GB PCIe (0),1,7,"void cudnn::bn_fw_inf_1C11_kernel_NCHW<float, float, (bool)1, (int)1>(T2, T2, cudnnTensorStruct, const T1 *, cudnnTensorStruct, T1 *, cudnnTensorStruct, const T2 *, const T2 *, const T2 *, const T2 *, T2)"
68893872,3104,16225,784,1,1,128,1,1,22,0.000,0.000,,,,,NVIDIA A100 80GB PCIe (0),1,7,"void at::native::vectorized_elementwise_kernel<(int)4, at::native::CUDAFunctor_add<float>, at::detail::Array<char *, (int)3>>(int, T2, T3)"
68903280,2879,16232,784,1,1,128,1,1,17,0.000,0.000,,,,,NVIDIA A100 80GB PCIe (0),1,7,"void at::native::vectorized_elementwise_kernel<(int)4, at::native::<unnamed>::launch_clamp_scalar(at::TensorIteratorBase &, c10::Scalar, c10::Scalar, at::native::detail::ClampLimits)::[lambda() (instance 1)]::operator ()() const::[lambda() (instance 7)]::operator ()() const::[lambda(float) (instance 1)], at::detail::Array<char *, (int)2>>(int, T2, T3)"
68934992,19552,16254,16,1,2,128,1,1,90,0.000,0.049,,,,,NVIDIA A100 80GB PCIe (0),1,7,void cutlass::Kernel<cutlass_80_tensorop_s1688gemm_64x64_16x6_nn_align4>(T1::Params)
68968752,4032,16295,256,2,1,64,1,1,19,0.000,0.000,,,,,NVIDIA A100 80GB PCIe (0),1,7,"void cudnn::bn_fw_inf_1C11_kernel_NCHW<float, float, (bool)1, (int)1>(T2, T2, cudnnTensorStruct, const T1 *, cudnnTensorStruct, T1 *, cudnnTensorStruct, const T2 *, const T2 *, const T2 *, const T2 *, T2)"
68982512,2336,16302,196,1,1,128,1,1,17,0.000,0.000,,,,,NVIDIA A100 80GB PCIe (0),1,7,"void at::native::vectorized_elementwise_kernel<(int)4, at::native::<unnamed>::launch_clamp_scalar(at::TensorIteratorBase &, c10::Scalar, c10::Scalar, at::native::detail::ClampLimits)::[lambda() (instance 1)]::operator ()() const::[lambda() (instance 7)]::operator ()() const::[lambda(float) (instance 1)], at::detail::Array<char *, (int)2>>(int, T2, T3)"
69006704,3008,16322,7,8,2,256,1,1,32,0.004,0.000,,,,,NVIDIA A100 80GB PCIe (0),1,7,"void cudnn::ops::nchwToNhwcKernel<float, float, float, (bool)0, (bool)1, (cudnnKernelDataType_t)2>(cudnn::ops::nchw2nhwc_params_t<T3>, const T1 *, T2 *)"
69010864,7584,16324,1,8,256,256,1,1,32,0.004,0.000,,,,,NVIDIA A100 80GB PCIe (0),1,7,"void cudnn::ops::nchwToNhwcKernel<float, float, float, (bool)0, (bool)1, (cudnnKernelDataType_t)2>(cudnn::ops::nchw2nhwc_params_t<T3>, const T1 *, T2 *)"
69019408,21632,16328,8,7,1,128,1,1,120,0.000,0.123,,,,,NVIDIA A100 80GB PCIe (0),1,7,sm80_xmma_fprop_implicit_gemm_tf32f32_tf32f32_f32_nhwckrsc_nchw_tilesize64x32x64_stage5_warpsize2x2x1_g1_tensor16x8x8_alignc4_execute_kernel_cudnn_infer
69051856,4064,16369,256,2,1,64,1,1,19,0.000,0.000,,,,,NVIDIA A100 80GB PCIe (0),1,7,"void cudnn::bn_fw_inf_1C11_kernel_NCHW<float, float, (bool)1, (int)1>(T2, T2, cudnnTensorStruct, const T1 *, cudnnTensorStruct, T1 *, cudnnTensorStruct, const T2 *, const T2 *, const T2 *, const T2 *, T2)"
69064016,2368,16376,196,1,1,128,1,1,17,0.000,0.000,,,,,NVIDIA A100 80GB PCIe (0),1,7,"void at::native::vectorized_elementwise_kernel<(int)4, at::native::<unnamed>::launch_clamp_scalar(at::TensorIteratorBase &, c10::Scalar, c10::Scalar, at::native::detail::ClampLimits)::[lambda() (instance 1)]::operator ()() const::[lambda() (instance 7)]::operator ()() const::[lambda(float) (instance 1)], at::detail::Array<char *, (int)2>>(int, T2, T3)"
69092688,12000,16398,64,1,2,128,1,1,90,0.000,0.049,,,,,NVIDIA A100 80GB PCIe (0),1,7,void cutlass::Kernel<cutlass_80_tensorop_s1688gemm_64x64_16x6_nn_align4>(T1::Params)
69127024,5376,16439,1024,2,1,64,1,1,19,0.000,0.000,,,,,NVIDIA A100 80GB PCIe (0),1,7,"void cudnn::bn_fw_inf_1C11_kernel_NCHW<float, float, (bool)1, (int)1>(T2, T2, cudnnTensorStruct, const T1 *, cudnnTensorStruct, T1 *, cudnnTensorStruct, const T2 *, const T2 *, const T2 *, const T2 *, T2)"
69138736,3104,16445,784,1,1,128,1,1,22,0.000,0.000,,,,,NVIDIA A100 80GB PCIe (0),1,7,"void at::native::vectorized_elementwise_kernel<(int)4, at::native::CUDAFunctor_add<float>, at::detail::Array<char *, (int)3>>(int, T2, T3)"
69147984,2912,16452,784,1,1,128,1,1,17,0.000,0.000,,,,,NVIDIA A100 80GB PCIe (0),1,7,"void at::native::vectorized_elementwise_kernel<(int)4, at::native::<unnamed>::launch_clamp_scalar(at::TensorIteratorBase &, c10::Scalar, c10::Scalar, at::native::detail::ClampLimits)::[lambda() (instance 1)]::operator ()() const::[lambda() (instance 7)]::operator ()() const::[lambda(float) (instance 1)], at::detail::Array<char *, (int)2>>(int, T2, T3)"
69179664,19584,16474,16,1,2,128,1,1,90,0.000,0.049,,,,,NVIDIA A100 80GB PCIe (0),1,7,void cutlass::Kernel<cutlass_80_tensorop_s1688gemm_64x64_16x6_nn_align4>(T1::Params)
69214129,4127,16515,256,2,1,64,1,1,19,0.000,0.000,,,,,NVIDIA A100 80GB PCIe (0),1,7,"void cudnn::bn_fw_inf_1C11_kernel_NCHW<float, float, (bool)1, (int)1>(T2, T2, cudnnTensorStruct, const T1 *, cudnnTensorStruct, T1 *, cudnnTensorStruct, const T2 *, const T2 *, const T2 *, const T2 *, T2)"
69227505,2336,16522,196,1,1,128,1,1,17,0.000,0.000,,,,,NVIDIA A100 80GB PCIe (0),1,7,"void at::native::vectorized_elementwise_kernel<(int)4, at::native::<unnamed>::launch_clamp_scalar(at::TensorIteratorBase &, c10::Scalar, c10::Scalar, at::native::detail::ClampLimits)::[lambda() (instance 1)]::operator ()() const::[lambda() (instance 7)]::operator ()() const::[lambda(float) (instance 1)], at::detail::Array<char *, (int)2>>(int, T2, T3)"
69251217,3072,16542,7,8,2,256,1,1,32,0.004,0.000,,,,,NVIDIA A100 80GB PCIe (0),1,7,"void cudnn::ops::nchwToNhwcKernel<float, float, float, (bool)0, (bool)1, (cudnnKernelDataType_t)2>(cudnn::ops::nchw2nhwc_params_t<T3>, const T1 *, T2 *)"
69255313,7616,16544,1,8,256,256,1,1,32,0.004,0.000,,,,,NVIDIA A100 80GB PCIe (0),1,7,"void cudnn::ops::nchwToNhwcKernel<float, float, float, (bool)0, (bool)1, (cudnnKernelDataType_t)2>(cudnn::ops::nchw2nhwc_params_t<T3>, const T1 *, T2 *)"
69264113,21664,16548,8,7,1,128,1,1,120,0.000,0.123,,,,,NVIDIA A100 80GB PCIe (0),1,7,sm80_xmma_fprop_implicit_gemm_tf32f32_tf32f32_f32_nhwckrsc_nchw_tilesize64x32x64_stage5_warpsize2x2x1_g1_tensor16x8x8_alignc4_execute_kernel_cudnn_infer
69296145,4160,16589,256,2,1,64,1,1,19,0.000,0.000,,,,,NVIDIA A100 80GB PCIe (0),1,7,"void cudnn::bn_fw_inf_1C11_kernel_NCHW<float, float, (bool)1, (int)1>(T2, T2, cudnnTensorStruct, const T1 *, cudnnTensorStruct, T1 *, cudnnTensorStruct, const T2 *, const T2 *, const T2 *, const T2 *, T2)"
69308497,2368,16596,196,1,1,128,1,1,17,0.000,0.000,,,,,NVIDIA A100 80GB PCIe (0),1,7,"void at::native::vectorized_elementwise_kernel<(int)4, at::native::<unnamed>::launch_clamp_scalar(at::TensorIteratorBase &, c10::Scalar, c10::Scalar, at::native::detail::ClampLimits)::[lambda() (instance 1)]::operator ()() const::[lambda() (instance 7)]::operator ()() const::[lambda(float) (instance 1)], at::detail::Array<char *, (int)2>>(int, T2, T3)"
69336337,12032,16618,64,1,2,128,1,1,90,0.000,0.049,,,,,NVIDIA A100 80GB PCIe (0),1,7,void cutlass::Kernel<cutlass_80_tensorop_s1688gemm_64x64_16x6_nn_align4>(T1::Params)
69370417,5312,16659,1024,2,1,64,1,1,19,0.000,0.000,,,,,NVIDIA A100 80GB PCIe (0),1,7,"void cudnn::bn_fw_inf_1C11_kernel_NCHW<float, float, (bool)1, (int)1>(T2, T2, cudnnTensorStruct, const T1 *, cudnnTensorStruct, T1 *, cudnnTensorStruct, const T2 *, const T2 *, const T2 *, const T2 *, T2)"
69381745,3168,16665,784,1,1,128,1,1,22,0.000,0.000,,,,,NVIDIA A100 80GB PCIe (0),1,7,"void at::native::vectorized_elementwise_kernel<(int)4, at::native::CUDAFunctor_add<float>, at::detail::Array<char *, (int)3>>(int, T2, T3)"
69391025,2848,16672,784,1,1,128,1,1,17,0.000,0.000,,,,,NVIDIA A100 80GB PCIe (0),1,7,"void at::native::vectorized_elementwise_kernel<(int)4, at::native::<unnamed>::launch_clamp_scalar(at::TensorIteratorBase &, c10::Scalar, c10::Scalar, at::native::detail::ClampLimits)::[lambda() (instance 1)]::operator ()() const::[lambda() (instance 7)]::operator ()() const::[lambda(float) (instance 1)], at::detail::Array<char *, (int)2>>(int, T2, T3)"
69423121,19584,16694,16,1,2,128,1,1,90,0.000,0.049,,,,,NVIDIA A100 80GB PCIe (0),1,7,void cutlass::Kernel<cutlass_80_tensorop_s1688gemm_64x64_16x6_nn_align4>(T1::Params)
69457681,4032,16735,256,2,1,64,1,1,19,0.000,0.000,,,,,NVIDIA A100 80GB PCIe (0),1,7,"void cudnn::bn_fw_inf_1C11_kernel_NCHW<float, float, (bool)1, (int)1>(T2, T2, cudnnTensorStruct, const T1 *, cudnnTensorStruct, T1 *, cudnnTensorStruct, const T2 *, const T2 *, const T2 *, const T2 *, T2)"
69471377,2304,16742,196,1,1,128,1,1,17,0.000,0.000,,,,,NVIDIA A100 80GB PCIe (0),1,7,"void at::native::vectorized_elementwise_kernel<(int)4, at::native::<unnamed>::launch_clamp_scalar(at::TensorIteratorBase &, c10::Scalar, c10::Scalar, at::native::detail::ClampLimits)::[lambda() (instance 1)]::operator ()() const::[lambda() (instance 7)]::operator ()() const::[lambda(float) (instance 1)], at::detail::Array<char *, (int)2>>(int, T2, T3)"
69496017,3040,16762,7,8,2,256,1,1,32,0.004,0.000,,,,,NVIDIA A100 80GB PCIe (0),1,7,"void cudnn::ops::nchwToNhwcKernel<float, float, float, (bool)0, (bool)1, (cudnnKernelDataType_t)2>(cudnn::ops::nchw2nhwc_params_t<T3>, const T1 *, T2 *)"
69500049,7328,16764,1,8,256,256,1,1,32,0.004,0.000,,,,,NVIDIA A100 80GB PCIe (0),1,7,"void cudnn::ops::nchwToNhwcKernel<float, float, float, (bool)0, (bool)1, (cudnnKernelDataType_t)2>(cudnn::ops::nchw2nhwc_params_t<T3>, const T1 *, T2 *)"
69508434,21728,16768,8,7,1,128,1,1,120,0.000,0.123,,,,,NVIDIA A100 80GB PCIe (0),1,7,sm80_xmma_fprop_implicit_gemm_tf32f32_tf32f32_f32_nhwckrsc_nchw_tilesize64x32x64_stage5_warpsize2x2x1_g1_tensor16x8x8_alignc4_execute_kernel_cudnn_infer
69542514,4223,16809,256,2,1,64,1,1,19,0.000,0.000,,,,,NVIDIA A100 80GB PCIe (0),1,7,"void cudnn::bn_fw_inf_1C11_kernel_NCHW<float, float, (bool)1, (int)1>(T2, T2, cudnnTensorStruct, const T1 *, cudnnTensorStruct, T1 *, cudnnTensorStruct, const T2 *, const T2 *, const T2 *, const T2 *, T2)"
69554802,2368,16816,196,1,1,128,1,1,17,0.000,0.000,,,,,NVIDIA A100 80GB PCIe (0),1,7,"void at::native::vectorized_elementwise_kernel<(int)4, at::native::<unnamed>::launch_clamp_scalar(at::TensorIteratorBase &, c10::Scalar, c10::Scalar, at::native::detail::ClampLimits)::[lambda() (instance 1)]::operator ()() const::[lambda() (instance 7)]::operator ()() const::[lambda(float) (instance 1)], at::detail::Array<char *, (int)2>>(int, T2, T3)"
69587794,12064,16838,64,1,2,128,1,1,90,0.000,0.049,,,,,NVIDIA A100 80GB PCIe (0),1,7,void cutlass::Kernel<cutlass_80_tensorop_s1688gemm_64x64_16x6_nn_align4>(T1::Params)
69624466,5568,16879,1024,2,1,64,1,1,19,0.000,0.000,,,,,NVIDIA A100 80GB PCIe (0),1,7,"void cudnn::bn_fw_inf_1C11_kernel_NCHW<float, float, (bool)1, (int)1>(T2, T2, cudnnTensorStruct, const T1 *, cudnnTensorStruct, T1 *, cudnnTensorStruct, const T2 *, const T2 *, const T2 *, const T2 *, T2)"
69636210,3072,16885,784,1,1,128,1,1,22,0.000,0.000,,,,,NVIDIA A100 80GB PCIe (0),1,7,"void at::native::vectorized_elementwise_kernel<(int)4, at::native::CUDAFunctor_add<float>, at::detail::Array<char *, (int)3>>(int, T2, T3)"
69646098,2848,16892,784,1,1,128,1,1,17,0.000,0.000,,,,,NVIDIA A100 80GB PCIe (0),1,7,"void at::native::vectorized_elementwise_kernel<(int)4, at::native::<unnamed>::launch_clamp_scalar(at::TensorIteratorBase &, c10::Scalar, c10::Scalar, at::native::detail::ClampLimits)::[lambda() (instance 1)]::operator ()() const::[lambda() (instance 7)]::operator ()() const::[lambda(float) (instance 1)], at::detail::Array<char *, (int)2>>(int, T2, T3)"
69687346,19840,16914,32,1,2,128,1,1,90,0.000,0.049,,,,,NVIDIA A100 80GB PCIe (0),1,7,void cutlass::Kernel<cutlass_80_tensorop_s1688gemm_64x64_16x6_nn_align4>(T1::Params)
69722258,4416,16955,512,2,1,64,1,1,19,0.000,0.000,,,,,NVIDIA A100 80GB PCIe (0),1,7,"void cudnn::bn_fw_inf_1C11_kernel_NCHW<float, float, (bool)1, (int)1>(T2, T2, cudnnTensorStruct, const T1 *, cudnnTensorStruct, T1 *, cudnnTensorStruct, const T2 *, const T2 *, const T2 *, const T2 *, T2)"
69736274,2592,16962,392,1,1,128,1,1,17,0.000,0.000,,,,,NVIDIA A100 80GB PCIe (0),1,7,"void at::native::vectorized_elementwise_kernel<(int)4, at::native::<unnamed>::launch_clamp_scalar(at::TensorIteratorBase &, c10::Scalar, c10::Scalar, at::native::detail::ClampLimits)::[lambda() (instance 1)]::operator ()() const::[lambda() (instance 7)]::operator ()() const::[lambda(float) (instance 1)], at::detail::Array<char *, (int)2>>(int, T2, T3)"
69763186,3392,16982,7,16,2,256,1,1,32,0.004,0.000,,,,,NVIDIA A100 80GB PCIe (0),1,7,"void cudnn::ops::nchwToNhwcKernel<float, float, float, (bool)0, (bool)1, (cudnnKernelDataType_t)2>(cudnn::ops::nchw2nhwc_params_t<T3>, const T1 *, T2 *)"
69767762,21344,16984,1,16,512,256,1,1,32,0.004,0.000,,,,,NVIDIA A100 80GB PCIe (0),1,7,"void cudnn::ops::nchwToNhwcKernel<float, float, float, (bool)0, (bool)1, (cudnnKernelDataType_t)2>(cudnn::ops::nchw2nhwc_params_t<T3>, const T1 *, T2 *)"
69790578,1056,16986,,,,,,,,,,0.000,242.424,Device,,NVIDIA A100 80GB PCIe (0),1,7,[CUDA memset]
69793426,24064,16989,16,2,3,128,1,1,117,0.000,0.124,,,,,NVIDIA A100 80GB PCIe (0),1,7,sm80_xmma_fprop_implicit_gemm_indexed_tf32f32_tf32f32_f32_nhwckrsc_nchw_tilesize64x32x64_stage5_warpsize2x2x1_g1_tensor16x8x8_alignc4_execute_kernel_cudnn_infer
69824403,3840,17030,512,2,1,64,1,1,19,0.000,0.000,,,,,NVIDIA A100 80GB PCIe (0),1,7,"void cudnn::bn_fw_inf_1C11_kernel_NCHW<float, float, (bool)1, (int)1>(T2, T2, cudnnTensorStruct, const T1 *, cudnnTensorStruct, T1 *, cudnnTensorStruct, const T2 *, const T2 *, const T2 *, const T2 *, T2)"
69837938,2273,17037,98,1,1,128,1,1,17,0.000,0.000,,,,,NVIDIA A100 80GB PCIe (0),1,7,"void at::native::vectorized_elementwise_kernel<(int)4, at::native::<unnamed>::launch_clamp_scalar(at::TensorIteratorBase &, c10::Scalar, c10::Scalar, at::native::detail::ClampLimits)::[lambda() (instance 1)]::operator ()() const::[lambda() (instance 7)]::operator ()() const::[lambda(float) (instance 1)], at::detail::Array<char *, (int)2>>(int, T2, T3)"
69872531,20672,17059,32,1,2,128,1,1,96,0.000,0.049,,,,,NVIDIA A100 80GB PCIe (0),1,7,void cutlass::Kernel<cutlass_80_tensorop_s1688gemm_64x64_16x6_nn_align1>(T1::Params)
69908467,6112,17100,2048,2,1,64,1,1,19,0.000,0.000,,,,,NVIDIA A100 80GB PCIe (0),1,7,"void cudnn::bn_fw_inf_1C11_kernel_NCHW<float, float, (bool)1, (int)1>(T2, T2, cudnnTensorStruct, const T1 *, cudnnTensorStruct, T1 *, cudnnTensorStruct, const T2 *, const T2 *, const T2 *, const T2 *, T2)"
69938803,2560,17118,1024,1,1,1,1,1,16,0.000,0.000,,,,,NVIDIA A100 80GB PCIe (0),1,7,"void cudnn::cnn::kern_precompute_indices<(bool)0>(int *, int, int, int, int, int)"
69944211,89856,17120,4,64,1,8,8,1,64,0.005,0.000,,,,,NVIDIA A100 80GB PCIe (0),1,7,"void precomputed_convolve_sgemm<float, (int)1024, (int)5, (int)5, (int)4, (int)3, (int)3, (int)1, (bool)0>(int, int, int, const T1 *, int, T1 *, const T1 *, kernel_conv_params, unsigned long long, int, float, float, int, bool, const T1 *, const T1 *, int *)"
70035251,6272,17160,2048,2,1,64,1,1,19,0.000,0.000,,,,,NVIDIA A100 80GB PCIe (0),1,7,"void cudnn::bn_fw_inf_1C11_kernel_NCHW<float, float, (bool)1, (int)1>(T2, T2, cudnnTensorStruct, const T1 *, cudnnTensorStruct, T1 *, cudnnTensorStruct, const T2 *, const T2 *, const T2 *, const T2 *, T2)"
70042483,2720,17166,392,1,1,128,1,1,22,0.000,0.000,,,,,NVIDIA A100 80GB PCIe (0),1,7,"void at::native::vectorized_elementwise_kernel<(int)4, at::native::CUDAFunctor_add<float>, at::detail::Array<char *, (int)3>>(int, T2, T3)"
70046451,2464,17173,392,1,1,128,1,1,17,0.000,0.000,,,,,NVIDIA A100 80GB PCIe (0),1,7,"void at::native::vectorized_elementwise_kernel<(int)4, at::native::<unnamed>::launch_clamp_scalar(at::TensorIteratorBase &, c10::Scalar, c10::Scalar, at::native::detail::ClampLimits)::[lambda() (instance 1)]::operator ()() const::[lambda() (instance 7)]::operator ()() const::[lambda(float) (instance 1)], at::detail::Array<char *, (int)2>>(int, T2, T3)"
70049875,65441,17195,8,1,2,128,1,1,96,0.000,0.049,,,,,NVIDIA A100 80GB PCIe (0),1,7,void cutlass::Kernel<cutlass_80_tensorop_s1688gemm_64x64_16x6_nn_align1>(T1::Params)
70116499,3744,17236,512,2,1,64,1,1,19,0.000,0.000,,,,,NVIDIA A100 80GB PCIe (0),1,7,"void cudnn::bn_fw_inf_1C11_kernel_NCHW<float, float, (bool)1, (int)1>(T2, T2, cudnnTensorStruct, const T1 *, cudnnTensorStruct, T1 *, cudnnTensorStruct, const T2 *, const T2 *, const T2 *, const T2 *, T2)"
70121331,2273,17243,98,1,1,128,1,1,17,0.000,0.000,,,,,NVIDIA A100 80GB PCIe (0),1,7,"void at::native::vectorized_elementwise_kernel<(int)4, at::native::<unnamed>::launch_clamp_scalar(at::TensorIteratorBase &, c10::Scalar, c10::Scalar, at::native::detail::ClampLimits)::[lambda() (instance 1)]::operator ()() const::[lambda() (instance 7)]::operator ()() const::[lambda(float) (instance 1)], at::detail::Array<char *, (int)2>>(int, T2, T3)"
70124627,2753,17263,2,16,2,256,1,1,32,0.004,0.000,,,,,NVIDIA A100 80GB PCIe (0),1,7,"void cudnn::ops::nchwToNhwcKernel<float, float, float, (bool)0, (bool)1, (cudnnKernelDataType_t)2>(cudnn::ops::nchw2nhwc_params_t<T3>, const T1 *, T2 *)"
70128564,20992,17265,1,16,512,256,1,1,32,0.004,0.000,,,,,NVIDIA A100 80GB PCIe (0),1,7,"void cudnn::ops::nchwToNhwcKernel<float, float, float, (bool)0, (bool)1, (cudnnKernelDataType_t)2>(cudnn::ops::nchw2nhwc_params_t<T3>, const T1 *, T2 *)"
70151092,1056,17267,,,,,,,,,,0.000,242.424,Device,,NVIDIA A100 80GB PCIe (0),1,7,[CUDA memset]
70153940,24064,17270,16,2,3,128,1,1,117,0.000,0.124,,,,,NVIDIA A100 80GB PCIe (0),1,7,sm80_xmma_fprop_implicit_gemm_indexed_tf32f32_tf32f32_f32_nhwckrsc_nchw_tilesize64x32x64_stage5_warpsize2x2x1_g1_tensor16x8x8_alignc4_execute_kernel_cudnn_infer
70179220,3680,17311,512,2,1,64,1,1,19,0.000,0.000,,,,,NVIDIA A100 80GB PCIe (0),1,7,"void cudnn::bn_fw_inf_1C11_kernel_NCHW<float, float, (bool)1, (int)1>(T2, T2, cudnnTensorStruct, const T1 *, cudnnTensorStruct, T1 *, cudnnTensorStruct, const T2 *, const T2 *, const T2 *, const T2 *, T2)"
70183956,2240,17318,98,1,1,128,1,1,17,0.000,0.000,,,,,NVIDIA A100 80GB PCIe (0),1,7,"void at::native::vectorized_elementwise_kernel<(int)4, at::native::<unnamed>::launch_clamp_scalar(at::TensorIteratorBase &, c10::Scalar, c10::Scalar, at::native::detail::ClampLimits)::[lambda() (instance 1)]::operator ()() const::[lambda() (instance 7)]::operator ()() const::[lambda(float) (instance 1)], at::detail::Array<char *, (int)2>>(int, T2, T3)"
70201268,20320,17340,32,1,2,128,1,1,96,0.000,0.049,,,,,NVIDIA A100 80GB PCIe (0),1,7,void cutlass::Kernel<cutlass_80_tensorop_s1688gemm_64x64_16x6_nn_align1>(T1::Params)
70236052,6432,17381,2048,2,1,64,1,1,19,0.000,0.000,,,,,NVIDIA A100 80GB PCIe (0),1,7,"void cudnn::bn_fw_inf_1C11_kernel_NCHW<float, float, (bool)1, (int)1>(T2, T2, cudnnTensorStruct, const T1 *, cudnnTensorStruct, T1 *, cudnnTensorStruct, const T2 *, const T2 *, const T2 *, const T2 *, T2)"
70247412,2880,17387,392,1,1,128,1,1,22,0.000,0.000,,,,,NVIDIA A100 80GB PCIe (0),1,7,"void at::native::vectorized_elementwise_kernel<(int)4, at::native::CUDAFunctor_add<float>, at::detail::Array<char *, (int)3>>(int, T2, T3)"
70257620,2432,17394,392,1,1,128,1,1,17,0.000,0.000,,,,,NVIDIA A100 80GB PCIe (0),1,7,"void at::native::vectorized_elementwise_kernel<(int)4, at::native::<unnamed>::launch_clamp_scalar(at::TensorIteratorBase &, c10::Scalar, c10::Scalar, at::native::detail::ClampLimits)::[lambda() (instance 1)]::operator ()() const::[lambda() (instance 7)]::operator ()() const::[lambda(float) (instance 1)], at::detail::Array<char *, (int)2>>(int, T2, T3)"
70289492,64608,17416,8,1,2,128,1,1,96,0.000,0.049,,,,,NVIDIA A100 80GB PCIe (0),1,7,void cutlass::Kernel<cutlass_80_tensorop_s1688gemm_64x64_16x6_nn_align1>(T1::Params)
70355316,3904,17457,512,2,1,64,1,1,19,0.000,0.000,,,,,NVIDIA A100 80GB PCIe (0),1,7,"void cudnn::bn_fw_inf_1C11_kernel_NCHW<float, float, (bool)1, (int)1>(T2, T2, cudnnTensorStruct, const T1 *, cudnnTensorStruct, T1 *, cudnnTensorStruct, const T2 *, const T2 *, const T2 *, const T2 *, T2)"
70360244,2272,17464,98,1,1,128,1,1,17,0.000,0.000,,,,,NVIDIA A100 80GB PCIe (0),1,7,"void at::native::vectorized_elementwise_kernel<(int)4, at::native::<unnamed>::launch_clamp_scalar(at::TensorIteratorBase &, c10::Scalar, c10::Scalar, at::native::detail::ClampLimits)::[lambda() (instance 1)]::operator ()() const::[lambda() (instance 7)]::operator ()() const::[lambda(float) (instance 1)], at::detail::Array<char *, (int)2>>(int, T2, T3)"
70363540,2816,17484,2,16,2,256,1,1,32,0.004,0.000,,,,,NVIDIA A100 80GB PCIe (0),1,7,"void cudnn::ops::nchwToNhwcKernel<float, float, float, (bool)0, (bool)1, (cudnnKernelDataType_t)2>(cudnn::ops::nchw2nhwc_params_t<T3>, const T1 *, T2 *)"
70367508,21249,17486,1,16,512,256,1,1,32,0.004,0.000,,,,,NVIDIA A100 80GB PCIe (0),1,7,"void cudnn::ops::nchwToNhwcKernel<float, float, float, (bool)0, (bool)1, (cudnnKernelDataType_t)2>(cudnn::ops::nchw2nhwc_params_t<T3>, const T1 *, T2 *)"
70390452,1056,17488,,,,,,,,,,0.000,242.424,Device,,NVIDIA A100 80GB PCIe (0),1,7,[CUDA memset]
70393268,23648,17491,16,2,3,128,1,1,117,0.000,0.124,,,,,NVIDIA A100 80GB PCIe (0),1,7,sm80_xmma_fprop_implicit_gemm_indexed_tf32f32_tf32f32_f32_nhwckrsc_nchw_tilesize64x32x64_stage5_warpsize2x2x1_g1_tensor16x8x8_alignc4_execute_kernel_cudnn_infer
70418036,3840,17532,512,2,1,64,1,1,19,0.000,0.000,,,,,NVIDIA A100 80GB PCIe (0),1,7,"void cudnn::bn_fw_inf_1C11_kernel_NCHW<float, float, (bool)1, (int)1>(T2, T2, cudnnTensorStruct, const T1 *, cudnnTensorStruct, T1 *, cudnnTensorStruct, const T2 *, const T2 *, const T2 *, const T2 *, T2)"
70425972,2272,17539,98,1,1,128,1,1,17,0.000,0.000,,,,,NVIDIA A100 80GB PCIe (0),1,7,"void at::native::vectorized_elementwise_kernel<(int)4, at::native::<unnamed>::launch_clamp_scalar(at::TensorIteratorBase &, c10::Scalar, c10::Scalar, at::native::detail::ClampLimits)::[lambda() (instance 1)]::operator ()() const::[lambda() (instance 7)]::operator ()() const::[lambda(float) (instance 1)], at::detail::Array<char *, (int)2>>(int, T2, T3)"
70458997,20224,17561,32,1,2,128,1,1,96,0.000,0.049,,,,,NVIDIA A100 80GB PCIe (0),1,7,void cutlass::Kernel<cutlass_80_tensorop_s1688gemm_64x64_16x6_nn_align1>(T1::Params)
70495669,6400,17602,2048,2,1,64,1,1,19,0.000,0.000,,,,,NVIDIA A100 80GB PCIe (0),1,7,"void cudnn::bn_fw_inf_1C11_kernel_NCHW<float, float, (bool)1, (int)1>(T2, T2, cudnnTensorStruct, const T1 *, cudnnTensorStruct, T1 *, cudnnTensorStruct, const T2 *, const T2 *, const T2 *, const T2 *, T2)"
70507669,2848,17608,392,1,1,128,1,1,22,0.000,0.000,,,,,NVIDIA A100 80GB PCIe (0),1,7,"void at::native::vectorized_elementwise_kernel<(int)4, at::native::CUDAFunctor_add<float>, at::detail::Array<char *, (int)3>>(int, T2, T3)"
70517653,2432,17615,392,1,1,128,1,1,17,0.000,0.000,,,,,NVIDIA A100 80GB PCIe (0),1,7,"void at::native::vectorized_elementwise_kernel<(int)4, at::native::<unnamed>::launch_clamp_scalar(at::TensorIteratorBase &, c10::Scalar, c10::Scalar, at::native::detail::ClampLimits)::[lambda() (instance 1)]::operator ()() const::[lambda() (instance 7)]::operator ()() const::[lambda(float) (instance 1)], at::detail::Array<char *, (int)2>>(int, T2, T3)"
70572757,5600,17631,256,1,1,32,16,1,32,0.000,0.000,,,,,NVIDIA A100 80GB PCIe (0),1,7,"void at::native::reduce_kernel<(int)512, (int)1, at::native::ReduceOp<float, at::native::MeanOps<float, float, float, float>, unsigned int, float, (int)4>>(T3)"
70642165,17696,17646,8,1,13,256,1,1,57,0.016,0.000,,,,,NVIDIA A100 80GB PCIe (0),1,7,ampere_sgemm_128x32_tn
70660917,3392,17648,32,1,1,32,16,1,32,0.000,0.000,,,,,NVIDIA A100 80GB PCIe (0),1,7,"void splitKreduce_kernel<(int)32, (int)16, int, float, float, float, float, (bool)1, (bool)1, (bool)0>(cublasSplitKParams<T6>, const T4 *, const T5 *, T5 *, const T6 *, const T6 *, const T7 *, const T4 *, T7 *, void *, long, T6 *, int *)"
